sample_id,split,target,group_hash,source_stems,representative,image,mask
e01467605138c0e6,train,1,e01467605138c0e66d0ae0a0917778536c83b7ba432174153d9b56d4018c7bf7,caries_0_8981,caries_0_8981,C:\Users\16024\Desktop\齿镜\calculus-unetpp\data\processed\images\train\e01467605138c0e6.jpg,C:\Users\16024\Desktop\齿镜\calculus-unetpp\data\processed\masks\train\e01467605138c0e6.png
c73cb182bda1f343,train,1,c73cb182bda1f343365cde9f7e456d0103b81b2cf5b01a95955e72431b8e70dc,caries_0_1227,caries_0_1227,C:\Users\16024\Desktop\齿镜\calculus-unetpp\data\processed\images\train\c73cb182bda1f343.jpg,C:\Users\16024\Desktop\齿镜\calculus-unetpp\data\processed\masks\train\c73cb182bda1f343.png
e81e8245d312a13c,train,1,e81e8245d312a13c9fce3c1b631d150516ef2fb9b8959579c341c3dc66102b6c,caries_0_194,caries_0_194,C:\Users\16024\Desktop\齿镜\calculus-unetpp\data\processed\images\train\e81e8245d312a13c.jpg,C:\Users\16024\Desktop\齿镜\calculus-unetpp\data\processed\masks\train\e81e8245d312a13c.png
9500f422a8bf664e,train,1,9500f422a8bf664e8e08ee54ca4b0aa188b532331c94d92e3610b74b21f156ee,(116);(133);(60);(7);(89),(116),C:\Users\16024\Desktop\齿镜\calculus-unetpp\data\processed\images\train\9500f422a8bf664e.jpg,C:\Users\16024\Desktop\齿镜\calculus-unetpp\data\processed\masks\train\9500f422a8bf664e.png
2d73bdd55d934ebd,train,1,2d73bdd55d934ebdd68b5c26c522eb6a1ccf56cbcdfbad3878b093bfe46c7bd6,caries_0_1970,caries_0_1970,C:\Users\16024\Desktop\齿镜\calculus-unetpp\data\processed\images\train\2d73bdd55d934ebd.jpg,C:\Users\16024\Desktop\齿镜\calculus-unetpp\data\processed\masks\train\2d73bdd55d934ebd.png
3b2384c79cdb4583,train,1,3b2384c79cdb4583a1d01f953239516da11fd1cd926fb4631425b3fe01adf109,(1066);(1100);(1126);(1145),(1066),C:\Users\16024\Desktop\齿镜\calculus-unetpp\data\processed\images\train\3b2384c79cdb4583.jpg,C:\Users\16024\Desktop\齿镜\calculus-unetpp\data\processed\masks\train\3b2384c79cdb4583.png
fa42b85d4ea75107,train,1,fa42b85d4ea7510798119097e1278fc0e8d2edb2933bec3f21e13b9a640ea0ff,(590);(653),(590),C:\Users\16024\Desktop\齿镜\calculus-unetpp\data\processed\images\train\fa42b85d4ea75107.jpg,C:\Users\16024\Desktop\齿镜\calculus-unetpp\data\processed\masks\train\fa42b85d4ea75107.png
dc80be05ef9951a0,train,1,dc80be05ef9951a0688ed5416f60d61a074df122c81d76e94ac3ee48fac1561c,(1175),(1175),C:\Users\16024\Desktop\齿镜\calculus-unetpp\data\processed\images\train\dc80be05ef9951a0.jpg,C:\Users\16024\Desktop\齿镜\calculus-unetpp\data\processed\masks\train\dc80be05ef9951a0.png
349b09e041cc610b,train,1,349b09e041cc610b1d4dbf5438362f13560df5a87c0f68eb474756a9d8ad9fc7,(169),(169),C:\Users\16024\Desktop\齿镜\calculus-unetpp\data\processed\images\train\349b09e041cc610b.jpg,C:\Users\16024\Desktop\齿镜\calculus-unetpp\data\processed\masks\train\349b09e041cc610b.png
a1345f06babdc389,train,1,a1345f06babdc389627ab923abfbc5568e82105804b736c73efb9482dd5a7427,(909),(909),C:\Users\16024\Desktop\齿镜\calculus-unetpp\data\processed\images\train\a1345f06babdc389.jpg,C:\Users\16024\Desktop\齿镜\calculus-unetpp\data\processed\masks\train\a1345f06babdc389.png
2e39320844f32d7c,train,1,2e39320844f32d7cb498b8fd0c9610aa180cc1f740dc4f4b95a59e36179efe6c,caries_0_2102,caries_0_2102,C:\Users\16024\Desktop\齿镜\calculus-unetpp\data\processed\images\train\2e39320844f32d7c.jpg,C:\Users\16024\Desktop\齿镜\calculus-unetpp\data\processed\masks\train\2e39320844f32d7c.png
59cd4e17aa397f35,train,1,59cd4e17aa397f351bbcea2015d61280b955078e14bbd0dd201ce3d97b3c35fc,caries_0_7353,caries_0_7353,C:\Users\16024\Desktop\齿镜\calculus-unetpp\data\processed\images\train\59cd4e17aa397f35.jpg,C:\Users\16024\Desktop\齿镜\calculus-unetpp\data\processed\masks\train\59cd4e17aa397f35.png
6f4a963378dacbe6,train,1,6f4a963378dacbe6454739f5daaf3ead8de6d3e68e8d2b81b9bf91428cb1d291,caries_0_211,caries_0_211,C:\Users\16024\Desktop\齿镜\calculus-unetpp\data\processed\images\train\6f4a963378dacbe6.jpg,C:\Users\16024\Desktop\齿镜\calculus-unetpp\data\processed\masks\train\6f4a963378dacbe6.png
986462520650d0d8,train,1,986462520650d0d83c8c907c9014edc501000d0d4c6fa75bf9edcbaaae027f78,caries_0_469,caries_0_469,C:\Users\16024\Desktop\齿镜\calculus-unetpp\data\processed\images\train\986462520650d0d8.jpg,C:\Users\16024\Desktop\齿镜\calculus-unetpp\data\processed\masks\train\986462520650d0d8.png
2b6d2bb3c45d21ae,train,1,2b6d2bb3c45d21ae65d054cbfc815eca1e8fc3c14882e50eacc29f636781e3db,caries_0_6841,caries_0_6841,C:\Users\16024\Desktop\齿镜\calculus-unetpp\data\processed\images\train\2b6d2bb3c45d21ae.jpg,C:\Users\16024\Desktop\齿镜\calculus-unetpp\data\processed\masks\train\2b6d2bb3c45d21ae.png
163dc3b2be250429,train,1,163dc3b2be25042958a0d9bffde201419208e72114e15f988a9feeed56f8408c,(50),(50),C:\Users\16024\Desktop\齿镜\calculus-unetpp\data\processed\images\train\163dc3b2be250429.jpg,C:\Users\16024\Desktop\齿镜\calculus-unetpp\data\processed\masks\train\163dc3b2be250429.png
8bcbf969170c4df1,train,1,8bcbf969170c4df15eaf2973ed2d154d7059bf9730ab0ab1f90b93679a4fc439,(1174),(1174),C:\Users\16024\Desktop\齿镜\calculus-unetpp\data\processed\images\train\8bcbf969170c4df1.jpg,C:\Users\16024\Desktop\齿镜\calculus-unetpp\data\processed\masks\train\8bcbf969170c4df1.png
d2aaba61662a06c0,train,1,d2aaba61662a06c098b6d99eaa59464deb17afb468f119d1642822f3e9892575,caries_0_8315,caries_0_8315,C:\Users\16024\Desktop\齿镜\calculus-unetpp\data\processed\images\train\d2aaba61662a06c0.jpg,C:\Users\16024\Desktop\齿镜\calculus-unetpp\data\processed\masks\train\d2aaba61662a06c0.png
b8318e6c86180337,train,1,b8318e6c86180337c0cb71705089815165a4687e3ced6aa7ca94a0426c3657d4,caries_0_3485,caries_0_3485,C:\Users\16024\Desktop\齿镜\calculus-unetpp\data\processed\images\train\b8318e6c86180337.jpg,C:\Users\16024\Desktop\齿镜\calculus-unetpp\data\processed\masks\train\b8318e6c86180337.png
94816baeead81232,train,1,94816baeead8123266eb75b2f5fa44d37de0ff31d49a68cbddb05521153375ee,(1030),(1030),C:\Users\16024\Desktop\齿镜\calculus-unetpp\data\processed\images\train\94816baeead81232.jpg,C:\Users\16024\Desktop\齿镜\calculus-unetpp\data\processed\masks\train\94816baeead81232.png
1f046644e19fe620,train,1,1f046644e19fe620a1671269eb54e6add029effd85a9747ee22427c012f58b50,caries_0_864,caries_0_864,C:\Users\16024\Desktop\齿镜\calculus-unetpp\data\processed\images\train\1f046644e19fe620.jpg,C:\Users\16024\Desktop\齿镜\calculus-unetpp\data\processed\masks\train\1f046644e19fe620.png
4694ef053618893a,train,1,4694ef053618893a88ed07fd80f9e44126bc0d1133286a35092a228e4f2eec08,(869),(869),C:\Users\16024\Desktop\齿镜\calculus-unetpp\data\processed\images\train\4694ef053618893a.jpg,C:\Users\16024\Desktop\齿镜\calculus-unetpp\data\processed\masks\train\4694ef053618893a.png
87ebad803df2f614,train,1,87ebad803df2f6142267f99e42eeb616f6781b4ec62646b2f9ff0877c4a44ede,(320);(419);(432),(320),C:\Users\16024\Desktop\齿镜\calculus-unetpp\data\processed\images\train\87ebad803df2f614.jpg,C:\Users\16024\Desktop\齿镜\calculus-unetpp\data\processed\masks\train\87ebad803df2f614.png
c987dbbe1ac7583f,train,1,c987dbbe1ac7583fccdd2e390a32972cdce657229e847d68edd245664245c8a0,caries_0_195,caries_0_195,C:\Users\16024\Desktop\齿镜\calculus-unetpp\data\processed\images\train\c987dbbe1ac7583f.jpg,C:\Users\16024\Desktop\齿镜\calculus-unetpp\data\processed\masks\train\c987dbbe1ac7583f.png
20fe0e6173a159a6,train,1,20fe0e6173a159a6435a4163c0d02a89af302749733c69fd4146d42e3cfac10c,caries_0_999,caries_0_999,C:\Users\16024\Desktop\齿镜\calculus-unetpp\data\processed\images\train\20fe0e6173a159a6.jpg,C:\Users\16024\Desktop\齿镜\calculus-unetpp\data\processed\masks\train\20fe0e6173a159a6.png
4aa568e276e1cdc0,train,1,4aa568e276e1cdc03ae19eb1b9439a0b4f5050af9b83f7d796691b13d7252fcb,caries_0_8435,caries_0_8435,C:\Users\16024\Desktop\齿镜\calculus-unetpp\data\processed\images\train\4aa568e276e1cdc0.jpg,C:\Users\16024\Desktop\齿镜\calculus-unetpp\data\processed\masks\train\4aa568e276e1cdc0.png
47f4aaad469bf9f0,train,1,47f4aaad469bf9f0522330d78a3d8fa0c140d0f8e7fe7fba81979f0915064474,caries_0_2104,caries_0_2104,C:\Users\16024\Desktop\齿镜\calculus-unetpp\data\processed\images\train\47f4aaad469bf9f0.jpg,C:\Users\16024\Desktop\齿镜\calculus-unetpp\data\processed\masks\train\47f4aaad469bf9f0.png
384f4c2a01be258d,train,1,384f4c2a01be258df66cebebad775acbe8bd0ced58e6deb744c23643023f9faa,(873),(873),C:\Users\16024\Desktop\齿镜\calculus-unetpp\data\processed\images\train\384f4c2a01be258d.jpg,C:\Users\16024\Desktop\齿镜\calculus-unetpp\data\processed\masks\train\384f4c2a01be258d.png
90f039d0bc282458,train,1,90f039d0bc2824587dd27ced14a2579505987642156f9bc498d33e27935626af,caries_0_3776,caries_0_3776,C:\Users\16024\Desktop\齿镜\calculus-unetpp\data\processed\images\train\90f039d0bc282458.jpg,C:\Users\16024\Desktop\齿镜\calculus-unetpp\data\processed\masks\train\90f039d0bc282458.png
bb2af118ba11dbaa,train,1,bb2af118ba11dbaa057406a494518aa6068a9024a3fb44e850bc091c42e927eb,caries_0_3091,caries_0_3091,C:\Users\16024\Desktop\齿镜\calculus-unetpp\data\processed\images\train\bb2af118ba11dbaa.jpg,C:\Users\16024\Desktop\齿镜\calculus-unetpp\data\processed\masks\train\bb2af118ba11dbaa.png
947f49c8e09efd49,train,1,947f49c8e09efd49145730c0b1e4a3f53f17c8ce9b32c2563b00be54e7e26f17,caries_0_6307,caries_0_6307,C:\Users\16024\Desktop\齿镜\calculus-unetpp\data\processed\images\train\947f49c8e09efd49.jpg,C:\Users\16024\Desktop\齿镜\calculus-unetpp\data\processed\masks\train\947f49c8e09efd49.png
8e0d82707220f260,train,1,8e0d82707220f260fec422e7539e826e5241fc43a695b9b0832eade63584742e,(45);181,(45),C:\Users\16024\Desktop\齿镜\calculus-unetpp\data\processed\images\train\8e0d82707220f260.jpg,C:\Users\16024\Desktop\齿镜\calculus-unetpp\data\processed\masks\train\8e0d82707220f260.png
a7783420dc6fbc4d,train,1,a7783420dc6fbc4d16a39d37793b86903c2b5db9aebb03476a8d412d95b18f3e,(621),(621),C:\Users\16024\Desktop\齿镜\calculus-unetpp\data\processed\images\train\a7783420dc6fbc4d.jpg,C:\Users\16024\Desktop\齿镜\calculus-unetpp\data\processed\masks\train\a7783420dc6fbc4d.png
eafab2ae9fd84427,train,1,eafab2ae9fd84427ddfa34a235878ae69bc950f89d5b7300d9c44fd71db91a2d,caries_0_452,caries_0_452,C:\Users\16024\Desktop\齿镜\calculus-unetpp\data\processed\images\train\eafab2ae9fd84427.jpg,C:\Users\16024\Desktop\齿镜\calculus-unetpp\data\processed\masks\train\eafab2ae9fd84427.png
c17f8f424eea4a51,train,1,c17f8f424eea4a51ab57669c0b482539e98bbaa3d20d67ef13342eba77463fcc,caries_0_3579,caries_0_3579,C:\Users\16024\Desktop\齿镜\calculus-unetpp\data\processed\images\train\c17f8f424eea4a51.jpg,C:\Users\16024\Desktop\齿镜\calculus-unetpp\data\processed\masks\train\c17f8f424eea4a51.png
957c8672fd994378,train,1,957c8672fd994378ab1141756c3f8d0c88dc26b8a5e58b82b1adf0e5dd2ca3b1,caries_0_2124,caries_0_2124,C:\Users\16024\Desktop\齿镜\calculus-unetpp\data\processed\images\train\957c8672fd994378.jpg,C:\Users\16024\Desktop\齿镜\calculus-unetpp\data\processed\masks\train\957c8672fd994378.png
1b0a93a1b396003f,train,1,1b0a93a1b396003fdbd8192a2fb9d678ff829ac3dad29345dabd6e7f95b73fa0,caries_0_6681,caries_0_6681,C:\Users\16024\Desktop\齿镜\calculus-unetpp\data\processed\images\train\1b0a93a1b396003f.jpg,C:\Users\16024\Desktop\齿镜\calculus-unetpp\data\processed\masks\train\1b0a93a1b396003f.png
120090262f5e19f4,train,1,120090262f5e19f47b4e6816e0279d646aefe3d1897721de3a90c215ca1266db,caries_0_5918,caries_0_5918,C:\Users\16024\Desktop\齿镜\calculus-unetpp\data\processed\images\train\120090262f5e19f4.jpg,C:\Users\16024\Desktop\齿镜\calculus-unetpp\data\processed\masks\train\120090262f5e19f4.png
b4d7bd3125fa273b,train,1,b4d7bd3125fa273b9bd1a19da9405290c1de0d883d81c29eea266268166d7253,caries_0_4500,caries_0_4500,C:\Users\16024\Desktop\齿镜\calculus-unetpp\data\processed\images\train\b4d7bd3125fa273b.jpg,C:\Users\16024\Desktop\齿镜\calculus-unetpp\data\processed\masks\train\b4d7bd3125fa273b.png
bb8fb1d05fafd867,train,1,bb8fb1d05fafd86738c03f60be1d97a7d9fe849223b36a51487d80aa4e26f374,caries_0_7818,caries_0_7818,C:\Users\16024\Desktop\齿镜\calculus-unetpp\data\processed\images\train\bb8fb1d05fafd867.jpg,C:\Users\16024\Desktop\齿镜\calculus-unetpp\data\processed\masks\train\bb8fb1d05fafd867.png
d356a4f9d6cf2973,train,1,d356a4f9d6cf297302ebb088d5bc54d503ec55640bb11316acae527152832a03,caries_0_5371,caries_0_5371,C:\Users\16024\Desktop\齿镜\calculus-unetpp\data\processed\images\train\d356a4f9d6cf2973.jpg,C:\Users\16024\Desktop\齿镜\calculus-unetpp\data\processed\masks\train\d356a4f9d6cf2973.png
de9aef0a2a3ed8a3,train,1,de9aef0a2a3ed8a38505f579e8c8e261ba07c7b82ebe7e40cacc26a83b37d6c9,(729);(795),(729),C:\Users\16024\Desktop\齿镜\calculus-unetpp\data\processed\images\train\de9aef0a2a3ed8a3.jpg,C:\Users\16024\Desktop\齿镜\calculus-unetpp\data\processed\masks\train\de9aef0a2a3ed8a3.png
388bef17c024cbaf,train,1,388bef17c024cbaf4d6f456119e30d0baef6cea2017a72757cf3876c8229823d,caries_0_6133,caries_0_6133,C:\Users\16024\Desktop\齿镜\calculus-unetpp\data\processed\images\train\388bef17c024cbaf.jpg,C:\Users\16024\Desktop\齿镜\calculus-unetpp\data\processed\masks\train\388bef17c024cbaf.png
e107c845bdb92a84,train,1,e107c845bdb92a84cc04590fc13108e47d6d382db956d15b45b4e9256800f71b,caries_0_5503,caries_0_5503,C:\Users\16024\Desktop\齿镜\calculus-unetpp\data\processed\images\train\e107c845bdb92a84.jpg,C:\Users\16024\Desktop\齿镜\calculus-unetpp\data\processed\masks\train\e107c845bdb92a84.png
ca8619fb218272b2,train,1,ca8619fb218272b25ee5710deb34d1fc4852b188165025ef96286094728047f3,(731),(731),C:\Users\16024\Desktop\齿镜\calculus-unetpp\data\processed\images\train\ca8619fb218272b2.jpg,C:\Users\16024\Desktop\齿镜\calculus-unetpp\data\processed\masks\train\ca8619fb218272b2.png
5ab97f45893fe061,train,1,5ab97f45893fe0611aadc4e1b621bde6a0a75ea7e09c69123e3e089da2ad557c,caries_0_4932,caries_0_4932,C:\Users\16024\Desktop\齿镜\calculus-unetpp\data\processed\images\train\5ab97f45893fe061.jpg,C:\Users\16024\Desktop\齿镜\calculus-unetpp\data\processed\masks\train\5ab97f45893fe061.png
6f641ddfcb24d76a,train,1,6f641ddfcb24d76ad9caf8ef9f86675e631ed6658445211898c01a4df55da86b,(1015);(1068);(1097);(1124);(1141),(1015),C:\Users\16024\Desktop\齿镜\calculus-unetpp\data\processed\images\train\6f641ddfcb24d76a.jpg,C:\Users\16024\Desktop\齿镜\calculus-unetpp\data\processed\masks\train\6f641ddfcb24d76a.png
ce4f2a5352ee357f,train,1,ce4f2a5352ee357fc4b58e2bf36fcdcbc1c5686e1007bf6e99ef3d6db3f5b715,(76),(76),C:\Users\16024\Desktop\齿镜\calculus-unetpp\data\processed\images\train\ce4f2a5352ee357f.jpg,C:\Users\16024\Desktop\齿镜\calculus-unetpp\data\processed\masks\train\ce4f2a5352ee357f.png
38bb65f7ba5d0463,train,1,38bb65f7ba5d0463719420ce7706259ad7ad8b5b1939d75b6f93f70cd4df8364,caries_0_5796,caries_0_5796,C:\Users\16024\Desktop\齿镜\calculus-unetpp\data\processed\images\train\38bb65f7ba5d0463.jpg,C:\Users\16024\Desktop\齿镜\calculus-unetpp\data\processed\masks\train\38bb65f7ba5d0463.png
5c83286db2a9e5ed,train,1,5c83286db2a9e5edd5d32cf3e460c63aec7b15cd4ef386e41e54631694a5f0bb,caries_0_6985,caries_0_6985,C:\Users\16024\Desktop\齿镜\calculus-unetpp\data\processed\images\train\5c83286db2a9e5ed.jpg,C:\Users\16024\Desktop\齿镜\calculus-unetpp\data\processed\masks\train\5c83286db2a9e5ed.png
69a4ce89048e50ce,train,1,69a4ce89048e50ce4aef174626d5a77536d03c1937eb3c7b24bece416565ae43,caries_0_8503,caries_0_8503,C:\Users\16024\Desktop\齿镜\calculus-unetpp\data\processed\images\train\69a4ce89048e50ce.jpg,C:\Users\16024\Desktop\齿镜\calculus-unetpp\data\processed\masks\train\69a4ce89048e50ce.png
7b2828fbb8bfa6bd,train,1,7b2828fbb8bfa6bd57878b938b6a97813282ba49185483024bb2bfc705519e87,(131);(144);(32),(131),C:\Users\16024\Desktop\齿镜\calculus-unetpp\data\processed\images\train\7b2828fbb8bfa6bd.jpg,C:\Users\16024\Desktop\齿镜\calculus-unetpp\data\processed\masks\train\7b2828fbb8bfa6bd.png
1125a68d45ac5842,train,1,1125a68d45ac5842b5180ca5455c6e34efb28bff3211a4efad174d102dcacc25,(167),(167),C:\Users\16024\Desktop\齿镜\calculus-unetpp\data\processed\images\train\1125a68d45ac5842.jpg,C:\Users\16024\Desktop\齿镜\calculus-unetpp\data\processed\masks\train\1125a68d45ac5842.png
a454c9e9a180bd86,train,1,a454c9e9a180bd864e7e1c31b6172f1cc295395a91b60172af299388a292bc21,caries_0_4119,caries_0_4119,C:\Users\16024\Desktop\齿镜\calculus-unetpp\data\processed\images\train\a454c9e9a180bd86.jpg,C:\Users\16024\Desktop\齿镜\calculus-unetpp\data\processed\masks\train\a454c9e9a180bd86.png
96320ac1b3ea2896,train,1,96320ac1b3ea289634d7055cd373e5cb5f8bbfd7bdde41fe4e9848527ed43085,caries_0_1798,caries_0_1798,C:\Users\16024\Desktop\齿镜\calculus-unetpp\data\processed\images\train\96320ac1b3ea2896.jpg,C:\Users\16024\Desktop\齿镜\calculus-unetpp\data\processed\masks\train\96320ac1b3ea2896.png
01bdca02c4f3636c,train,1,01bdca02c4f3636c20fbf9eaa4b7eb4c8175e92a5bccda0d32f03b359c99cd8a,caries_0_8387,caries_0_8387,C:\Users\16024\Desktop\齿镜\calculus-unetpp\data\processed\images\train\01bdca02c4f3636c.jpg,C:\Users\16024\Desktop\齿镜\calculus-unetpp\data\processed\masks\train\01bdca02c4f3636c.png
17f9533b311dae2c,train,1,17f9533b311dae2c76ade682be637c99af2078aafb42699d926ef406e049e87b,(1159);(1212);(1241);(1268);(1285),(1159),C:\Users\16024\Desktop\齿镜\calculus-unetpp\data\processed\images\train\17f9533b311dae2c.jpg,C:\Users\16024\Desktop\齿镜\calculus-unetpp\data\processed\masks\train\17f9533b311dae2c.png
35e510f740e59dbe,train,1,35e510f740e59dbe9b1c88bc1c5e8966524cfc885ee9e0f7ccec0e7a71697b36,caries_0_1899,caries_0_1899,C:\Users\16024\Desktop\齿镜\calculus-unetpp\data\processed\images\train\35e510f740e59dbe.jpg,C:\Users\16024\Desktop\齿镜\calculus-unetpp\data\processed\masks\train\35e510f740e59dbe.png
c03ea81ca98e97ce,train,1,c03ea81ca98e97ce5e1ae41949c47377398340e986f982b6db986d5ad88d9959,caries_0_747,caries_0_747,C:\Users\16024\Desktop\齿镜\calculus-unetpp\data\processed\images\train\c03ea81ca98e97ce.jpg,C:\Users\16024\Desktop\齿镜\calculus-unetpp\data\processed\masks\train\c03ea81ca98e97ce.png
8b3916d3e671419c,train,1,8b3916d3e671419cf2f67bb5c2a61682e2570fa12c94f78cb498bcf4cb776b23,(1171);(1215);(1246),(1171),C:\Users\16024\Desktop\齿镜\calculus-unetpp\data\processed\images\train\8b3916d3e671419c.jpg,C:\Users\16024\Desktop\齿镜\calculus-unetpp\data\processed\masks\train\8b3916d3e671419c.png
505d94d60e540bcf,train,1,505d94d60e540bcf96d02162b81b9aac58dd93b3231517451fcd9cdcc1001651,caries_0_5827,caries_0_5827,C:\Users\16024\Desktop\齿镜\calculus-unetpp\data\processed\images\train\505d94d60e540bcf.jpg,C:\Users\16024\Desktop\齿镜\calculus-unetpp\data\processed\masks\train\505d94d60e540bcf.png
5d79b6667f5ef606,train,1,5d79b6667f5ef606d3d4b1c70c8f49cb99d41f21592dc5dc97f0273f0680baf8,112,112,C:\Users\16024\Desktop\齿镜\calculus-unetpp\data\processed\images\train\5d79b6667f5ef606.jpg,C:\Users\16024\Desktop\齿镜\calculus-unetpp\data\processed\masks\train\5d79b6667f5ef606.png
6b3cb40e44a47a77,train,1,6b3cb40e44a47a77ea35bb2b8b832cfc7b625910b1ee928697adc8cfe41cfb88,caries_0_6507,caries_0_6507,C:\Users\16024\Desktop\齿镜\calculus-unetpp\data\processed\images\train\6b3cb40e44a47a77.jpg,C:\Users\16024\Desktop\齿镜\calculus-unetpp\data\processed\masks\train\6b3cb40e44a47a77.png
3cad5f795a81cc85,train,1,3cad5f795a81cc854f985744fcba64039740d48572f3348a5220fbd8f4257655,caries_0_2742,caries_0_2742,C:\Users\16024\Desktop\齿镜\calculus-unetpp\data\processed\images\train\3cad5f795a81cc85.jpg,C:\Users\16024\Desktop\齿镜\calculus-unetpp\data\processed\masks\train\3cad5f795a81cc85.png
400017a93d26724d,train,1,400017a93d26724dbc2a9d6075e21c11c97323ff71b1648e9294d1c73be8dd94,caries_0_4218,caries_0_4218,C:\Users\16024\Desktop\齿镜\calculus-unetpp\data\processed\images\train\400017a93d26724d.jpg,C:\Users\16024\Desktop\齿镜\calculus-unetpp\data\processed\masks\train\400017a93d26724d.png
2a140cad033fa243,train,1,2a140cad033fa243ca49aee8b1221af89a2ff6efa85895fbe4f83242c6938c01,(1089),(1089),C:\Users\16024\Desktop\齿镜\calculus-unetpp\data\processed\images\train\2a140cad033fa243.jpg,C:\Users\16024\Desktop\齿镜\calculus-unetpp\data\processed\masks\train\2a140cad033fa243.png
5e359a4d7a263aea,train,1,5e359a4d7a263aea907c3f30870b3684e572192fb3c1e1c48b6a7372673eba36,(1009),(1009),C:\Users\16024\Desktop\齿镜\calculus-unetpp\data\processed\images\train\5e359a4d7a263aea.jpg,C:\Users\16024\Desktop\齿镜\calculus-unetpp\data\processed\masks\train\5e359a4d7a263aea.png
b65d0102834b9f30,train,1,b65d0102834b9f30fe8391e504924803cb09ce0a589ee3e5c5dd414fde72ea54,196,196,C:\Users\16024\Desktop\齿镜\calculus-unetpp\data\processed\images\train\b65d0102834b9f30.jpg,C:\Users\16024\Desktop\齿镜\calculus-unetpp\data\processed\masks\train\b65d0102834b9f30.png
0678611300e41136,train,1,0678611300e411367421a2c25ab5c1eda69ed072bbe6f608445c50a0fec3dabc,(1229),(1229),C:\Users\16024\Desktop\齿镜\calculus-unetpp\data\processed\images\train\0678611300e41136.jpg,C:\Users\16024\Desktop\齿镜\calculus-unetpp\data\processed\masks\train\0678611300e41136.png
29d01a2e7c14c844,train,1,29d01a2e7c14c844babcb6601cc9f0231e5a58b9c7bfa6ea9651902158efe0e5,(338),(338),C:\Users\16024\Desktop\齿镜\calculus-unetpp\data\processed\images\train\29d01a2e7c14c844.jpg,C:\Users\16024\Desktop\齿镜\calculus-unetpp\data\processed\masks\train\29d01a2e7c14c844.png
2f2713e445a5a402,train,1,2f2713e445a5a4025029427461243630ffdaf89ba889c0b57d2be3fe75bb4a44,caries_0_5847,caries_0_5847,C:\Users\16024\Desktop\齿镜\calculus-unetpp\data\processed\images\train\2f2713e445a5a402.jpg,C:\Users\16024\Desktop\齿镜\calculus-unetpp\data\processed\masks\train\2f2713e445a5a402.png
b4d46dbeebbc74fc,train,1,b4d46dbeebbc74fc2cef80ecda0a98ba7a3800e16892f1432379dcf23a7da6e0,caries_0_3363,caries_0_3363,C:\Users\16024\Desktop\齿镜\calculus-unetpp\data\processed\images\train\b4d46dbeebbc74fc.jpg,C:\Users\16024\Desktop\齿镜\calculus-unetpp\data\processed\masks\train\b4d46dbeebbc74fc.png
a8f88b724d942e36,train,1,a8f88b724d942e36ade58f94ed7ca94880f34b7b6c50f0f16be328d9591bc067,(14);(77),(14),C:\Users\16024\Desktop\齿镜\calculus-unetpp\data\processed\images\train\a8f88b724d942e36.jpg,C:\Users\16024\Desktop\齿镜\calculus-unetpp\data\processed\masks\train\a8f88b724d942e36.png
2903d7dcd21f4dc9,train,1,2903d7dcd21f4dc91544c0d43336c189af2e3fbf4de872ffc6e8d0b3ca71a1dc,caries_0_841,caries_0_841,C:\Users\16024\Desktop\齿镜\calculus-unetpp\data\processed\images\train\2903d7dcd21f4dc9.jpg,C:\Users\16024\Desktop\齿镜\calculus-unetpp\data\processed\masks\train\2903d7dcd21f4dc9.png
6f6c61bb0ec700c2,train,1,6f6c61bb0ec700c2f393e0390cce4b858d70f54d77fc2121f6e2a2215c5cf83d,caries_0_8054,caries_0_8054,C:\Users\16024\Desktop\齿镜\calculus-unetpp\data\processed\images\train\6f6c61bb0ec700c2.jpg,C:\Users\16024\Desktop\齿镜\calculus-unetpp\data\processed\masks\train\6f6c61bb0ec700c2.png
aa7edb3edc63ef93,train,1,aa7edb3edc63ef9340409822d88a106f6343d928eab04e9aa4d726fff3aba33d,(739);(783);(814);(863),(739),C:\Users\16024\Desktop\齿镜\calculus-unetpp\data\processed\images\train\aa7edb3edc63ef93.jpg,C:\Users\16024\Desktop\齿镜\calculus-unetpp\data\processed\masks\train\aa7edb3edc63ef93.png
4402c9fbae02ff52,train,1,4402c9fbae02ff52e16c5383f200a8b85c2e8f479b868ba3d8a726e8a65a95fd,caries_0_6337,caries_0_6337,C:\Users\16024\Desktop\齿镜\calculus-unetpp\data\processed\images\train\4402c9fbae02ff52.jpg,C:\Users\16024\Desktop\齿镜\calculus-unetpp\data\processed\masks\train\4402c9fbae02ff52.png
83a4cdeafa9dc74c,train,1,83a4cdeafa9dc74c2fe77736f0ba7d75b9aff32351a66c1b5ba7c7b8f6ab96c2,caries_0_8643,caries_0_8643,C:\Users\16024\Desktop\齿镜\calculus-unetpp\data\processed\images\train\83a4cdeafa9dc74c.jpg,C:\Users\16024\Desktop\齿镜\calculus-unetpp\data\processed\masks\train\83a4cdeafa9dc74c.png
d0cae1091e29d8ef,train,1,d0cae1091e29d8ef32944b56cf22b8cfc4bc2302477d7fc6c924c529e8ccabeb,caries_0_9091,caries_0_9091,C:\Users\16024\Desktop\齿镜\calculus-unetpp\data\processed\images\train\d0cae1091e29d8ef.jpg,C:\Users\16024\Desktop\齿镜\calculus-unetpp\data\processed\masks\train\d0cae1091e29d8ef.png
9be570b7701d43cd,train,1,9be570b7701d43cde37fad46f8f2756eab874558501bb40572ab9e0a15b92419,(1226),(1226),C:\Users\16024\Desktop\齿镜\calculus-unetpp\data\processed\images\train\9be570b7701d43cd.jpg,C:\Users\16024\Desktop\齿镜\calculus-unetpp\data\processed\masks\train\9be570b7701d43cd.png
47924007bd29bed5,train,1,47924007bd29bed5de2b35f87543e86813ee946e8e8c9dd312db67b32bea8a27,caries_0_4402,caries_0_4402,C:\Users\16024\Desktop\齿镜\calculus-unetpp\data\processed\images\train\47924007bd29bed5.jpg,C:\Users\16024\Desktop\齿镜\calculus-unetpp\data\processed\masks\train\47924007bd29bed5.png
2e25960e2a0c74e4,train,1,2e25960e2a0c74e4c35b66dc251529f498f6c42d9d8fd6b9ce82d2bb2aa82b41,(624),(624),C:\Users\16024\Desktop\齿镜\calculus-unetpp\data\processed\images\train\2e25960e2a0c74e4.jpg,C:\Users\16024\Desktop\齿镜\calculus-unetpp\data\processed\masks\train\2e25960e2a0c74e4.png
3bfdeb60519ad6fd,train,1,3bfdeb60519ad6fd5d27ea0ac54dc5b25f8f6213c1a806f1861f13352732d516,caries_0_4499,caries_0_4499,C:\Users\16024\Desktop\齿镜\calculus-unetpp\data\processed\images\train\3bfdeb60519ad6fd.jpg,C:\Users\16024\Desktop\齿镜\calculus-unetpp\data\processed\masks\train\3bfdeb60519ad6fd.png
eab37a057a18ff90,train,1,eab37a057a18ff90b688ffe4ee280ea6c48994b0c0cbb4a17b38d0b8448b6d5a,(585);(651),(585),C:\Users\16024\Desktop\齿镜\calculus-unetpp\data\processed\images\train\eab37a057a18ff90.jpg,C:\Users\16024\Desktop\齿镜\calculus-unetpp\data\processed\masks\train\eab37a057a18ff90.png
17de6c495598d7be,train,1,17de6c495598d7be192c87db87fafa60c66df5ca9ca1af899bef1b44aa31f952,caries_0_5816,caries_0_5816,C:\Users\16024\Desktop\齿镜\calculus-unetpp\data\processed\images\train\17de6c495598d7be.jpg,C:\Users\16024\Desktop\齿镜\calculus-unetpp\data\processed\masks\train\17de6c495598d7be.png
53e981957cd126d3,train,1,53e981957cd126d3e52f40b42012d3f1dc8c72fd5cca54b86e532558da466857,(1154),(1154),C:\Users\16024\Desktop\齿镜\calculus-unetpp\data\processed\images\train\53e981957cd126d3.jpg,C:\Users\16024\Desktop\齿镜\calculus-unetpp\data\processed\masks\train\53e981957cd126d3.png
0d28947bb58304ac,train,1,0d28947bb58304ac023cde8de08e4740141f8daacab2db116a9d3414ce247cb2,caries_0_8417,caries_0_8417,C:\Users\16024\Desktop\齿镜\calculus-unetpp\data\processed\images\train\0d28947bb58304ac.jpg,C:\Users\16024\Desktop\齿镜\calculus-unetpp\data\processed\masks\train\0d28947bb58304ac.png
d0db8a61880c7086,train,1,d0db8a61880c70863e6fd9b0cdf0327a0f4dab8a922f843eb1623a9d32e5d738,caries_0_7202,caries_0_7202,C:\Users\16024\Desktop\齿镜\calculus-unetpp\data\processed\images\train\d0db8a61880c7086.jpg,C:\Users\16024\Desktop\齿镜\calculus-unetpp\data\processed\masks\train\d0db8a61880c7086.png
9b98aa91a76ebc82,train,1,9b98aa91a76ebc827ff19e3ca352d696666122b0b7c010b059f7f8caf4337554,caries_0_1133,caries_0_1133,C:\Users\16024\Desktop\齿镜\calculus-unetpp\data\processed\images\train\9b98aa91a76ebc82.jpg,C:\Users\16024\Desktop\齿镜\calculus-unetpp\data\processed\masks\train\9b98aa91a76ebc82.png
5caa37cefd0ba6cd,train,1,5caa37cefd0ba6cd8cda3fb46f43031c4c8c315ad1a9a98ba6f456a187294e2f,(1008);(896);(995),(1008),C:\Users\16024\Desktop\齿镜\calculus-unetpp\data\processed\images\train\5caa37cefd0ba6cd.jpg,C:\Users\16024\Desktop\齿镜\calculus-unetpp\data\processed\masks\train\5caa37cefd0ba6cd.png
368d8c0f8a49fe3d,train,1,368d8c0f8a49fe3d3e1de3e0be0adf04eae46e50fe9a75b6c0e804aafe821556,(1019),(1019),C:\Users\16024\Desktop\齿镜\calculus-unetpp\data\processed\images\train\368d8c0f8a49fe3d.jpg,C:\Users\16024\Desktop\齿镜\calculus-unetpp\data\processed\masks\train\368d8c0f8a49fe3d.png
920cd9c507e24f8b,train,1,920cd9c507e24f8b988b90d8b4095e8f8f138b0feb8279494530b0d484aca2ff,caries_0_1800,caries_0_1800,C:\Users\16024\Desktop\齿镜\calculus-unetpp\data\processed\images\train\920cd9c507e24f8b.jpg,C:\Users\16024\Desktop\齿镜\calculus-unetpp\data\processed\masks\train\920cd9c507e24f8b.png
c98a739b86762460,train,1,c98a739b8676246027c13d0c40a37846f6c9f28864ac7a51e2415c9fc8110f83,caries_0_5872,caries_0_5872,C:\Users\16024\Desktop\齿镜\calculus-unetpp\data\processed\images\train\c98a739b86762460.jpg,C:\Users\16024\Desktop\齿镜\calculus-unetpp\data\processed\masks\train\c98a739b86762460.png
5edc62d62d842bc1,train,1,5edc62d62d842bc1358f471ffddc45bf795a2463f966bf2abc30a261571a3fda,caries_0_8449,caries_0_8449,C:\Users\16024\Desktop\齿镜\calculus-unetpp\data\processed\images\train\5edc62d62d842bc1.jpg,C:\Users\16024\Desktop\齿镜\calculus-unetpp\data\processed\masks\train\5edc62d62d842bc1.png
8e6aeb5b15896002,train,1,8e6aeb5b15896002d8d461164fb1d579755cb45b5c47ff2acc1d24e4e278487a,(227),(227),C:\Users\16024\Desktop\齿镜\calculus-unetpp\data\processed\images\train\8e6aeb5b15896002.jpg,C:\Users\16024\Desktop\齿镜\calculus-unetpp\data\processed\masks\train\8e6aeb5b15896002.png
5d7ecce2215c7e20,train,1,5d7ecce2215c7e20c78299c654da43869e0fe53d07a9fae13142e19163bcda1f,197,197,C:\Users\16024\Desktop\齿镜\calculus-unetpp\data\processed\images\train\5d7ecce2215c7e20.jpg,C:\Users\16024\Desktop\齿镜\calculus-unetpp\data\processed\masks\train\5d7ecce2215c7e20.png
8ecaeaa28470a1c3,train,1,8ecaeaa28470a1c3e0ac9999116f28465b61a4e230baf3e3a60bc43045a34d31,caries_0_1394,caries_0_1394,C:\Users\16024\Desktop\齿镜\calculus-unetpp\data\processed\images\train\8ecaeaa28470a1c3.jpg,C:\Users\16024\Desktop\齿镜\calculus-unetpp\data\processed\masks\train\8ecaeaa28470a1c3.png
4cc6384bfea9f1cf,train,1,4cc6384bfea9f1cf9a741c62757475aa1f387383f76f8e84e6e807246db641d0,caries_0_7686,caries_0_7686,C:\Users\16024\Desktop\齿镜\calculus-unetpp\data\processed\images\train\4cc6384bfea9f1cf.jpg,C:\Users\16024\Desktop\齿镜\calculus-unetpp\data\processed\masks\train\4cc6384bfea9f1cf.png
8fdc3ef11fc5048d,train,1,8fdc3ef11fc5048dc76eff27e618a75f5ded81632c15566ca2025dba79ebe3d2,caries_0_6660,caries_0_6660,C:\Users\16024\Desktop\齿镜\calculus-unetpp\data\processed\images\train\8fdc3ef11fc5048d.jpg,C:\Users\16024\Desktop\齿镜\calculus-unetpp\data\processed\masks\train\8fdc3ef11fc5048d.png
049142cdb2627190,train,1,049142cdb2627190ce10a75be2492cadfdaae5b80a71fa32960ef995a120531b,(875),(875),C:\Users\16024\Desktop\齿镜\calculus-unetpp\data\processed\images\train\049142cdb2627190.jpg,C:\Users\16024\Desktop\齿镜\calculus-unetpp\data\processed\masks\train\049142cdb2627190.png
cbbd640880129ad0,train,1,cbbd640880129ad08852be3f0f30605d4299be7e389c3896394bfc5c0dc57534,caries_0_2510,caries_0_2510,C:\Users\16024\Desktop\齿镜\calculus-unetpp\data\processed\images\train\cbbd640880129ad0.jpg,C:\Users\16024\Desktop\齿镜\calculus-unetpp\data\processed\masks\train\cbbd640880129ad0.png
4d087b56d746cc7f,train,1,4d087b56d746cc7f9be04da9eb5e04a8c96eb162a7022a96b68ceff4aa2655b4,caries_0_5529,caries_0_5529,C:\Users\16024\Desktop\齿镜\calculus-unetpp\data\processed\images\train\4d087b56d746cc7f.jpg,C:\Users\16024\Desktop\齿镜\calculus-unetpp\data\processed\masks\train\4d087b56d746cc7f.png
e94a87ff084b4f93,train,1,e94a87ff084b4f932236e2748840d80f7fa5f68242d590013e4795da65958b14,(1254),(1254),C:\Users\16024\Desktop\齿镜\calculus-unetpp\data\processed\images\train\e94a87ff084b4f93.jpg,C:\Users\16024\Desktop\齿镜\calculus-unetpp\data\processed\masks\train\e94a87ff084b4f93.png
564454d447146835,train,1,564454d44714683506f81a3d9e260dccd7b8198e320b843c192270b94c1cdd74,(1010),(1010),C:\Users\16024\Desktop\齿镜\calculus-unetpp\data\processed\images\train\564454d447146835.jpg,C:\Users\16024\Desktop\齿镜\calculus-unetpp\data\processed\masks\train\564454d447146835.png
e1dfffc23e523ee4,train,1,e1dfffc23e523ee4ce61e8f306ed8c33bde94e17bab5744465bba053e957f2a4,caries_0_3983,caries_0_3983,C:\Users\16024\Desktop\齿镜\calculus-unetpp\data\processed\images\train\e1dfffc23e523ee4.jpg,C:\Users\16024\Desktop\齿镜\calculus-unetpp\data\processed\masks\train\e1dfffc23e523ee4.png
84ac40f32a42fe81,train,1,84ac40f32a42fe81792e5e8cae613691e5f8740b369c212db83f53f362ea7e02,(295);(348);(377);(404);(421),(295),C:\Users\16024\Desktop\齿镜\calculus-unetpp\data\processed\images\train\84ac40f32a42fe81.jpg,C:\Users\16024\Desktop\齿镜\calculus-unetpp\data\processed\masks\train\84ac40f32a42fe81.png
6ad0f9f0e5d629c8,train,1,6ad0f9f0e5d629c84e0681cb91f6b5e7d020b29e43ef08c4eff0e7131d052b1a,caries_0_5873,caries_0_5873,C:\Users\16024\Desktop\齿镜\calculus-unetpp\data\processed\images\train\6ad0f9f0e5d629c8.jpg,C:\Users\16024\Desktop\齿镜\calculus-unetpp\data\processed\masks\train\6ad0f9f0e5d629c8.png
38cb2e603f706b45,train,1,38cb2e603f706b45a3457d9e67ea26812685af580937c362cbe110a6d9232a56,caries_0_6727,caries_0_6727,C:\Users\16024\Desktop\齿镜\calculus-unetpp\data\processed\images\train\38cb2e603f706b45.jpg,C:\Users\16024\Desktop\齿镜\calculus-unetpp\data\processed\masks\train\38cb2e603f706b45.png
072a07c3837a534d,train,1,072a07c3837a534da5db6f18ca4ed50f421c351dae9c6c2211aa846fe8f44e31,caries_0_8359,caries_0_8359,C:\Users\16024\Desktop\齿镜\calculus-unetpp\data\processed\images\train\072a07c3837a534d.jpg,C:\Users\16024\Desktop\齿镜\calculus-unetpp\data\processed\masks\train\072a07c3837a534d.png
7c04c2fcce1b002e,train,1,7c04c2fcce1b002e58c3583a71eff44ce5cbf728c58a685064d7b533d3d25bbe,caries_0_8567,caries_0_8567,C:\Users\16024\Desktop\齿镜\calculus-unetpp\data\processed\images\train\7c04c2fcce1b002e.jpg,C:\Users\16024\Desktop\齿镜\calculus-unetpp\data\processed\masks\train\7c04c2fcce1b002e.png
ca6e0adada104468,train,1,ca6e0adada1044688397fd3fc1497da5e603546143415a1952f4673e681bb57a,caries_0_4982,caries_0_4982,C:\Users\16024\Desktop\齿镜\calculus-unetpp\data\processed\images\train\ca6e0adada104468.jpg,C:\Users\16024\Desktop\齿镜\calculus-unetpp\data\processed\masks\train\ca6e0adada104468.png
2c92976f8840683f,train,1,2c92976f8840683f92419927a719a1b1cc60d3a00f2a7bea9cd93e965ac026dc,caries_0_6348,caries_0_6348,C:\Users\16024\Desktop\齿镜\calculus-unetpp\data\processed\images\train\2c92976f8840683f.jpg,C:\Users\16024\Desktop\齿镜\calculus-unetpp\data\processed\masks\train\2c92976f8840683f.png
c81b724f36b5a004,train,1,c81b724f36b5a0043163d08ea4af0cf94b9dc7afc9502c972f03b271ec3ee9a3,(966),(966),C:\Users\16024\Desktop\齿镜\calculus-unetpp\data\processed\images\train\c81b724f36b5a004.jpg,C:\Users\16024\Desktop\齿镜\calculus-unetpp\data\processed\masks\train\c81b724f36b5a004.png
032a64b88b2ff550,train,1,032a64b88b2ff550cf9f48d7e4e51b15d03bbc58dc9dc6bb724dd8d2ec7305ea,caries_0_4580,caries_0_4580,C:\Users\16024\Desktop\齿镜\calculus-unetpp\data\processed\images\train\032a64b88b2ff550.jpg,C:\Users\16024\Desktop\齿镜\calculus-unetpp\data\processed\masks\train\032a64b88b2ff550.png
fd9f15ae977ef859,train,1,fd9f15ae977ef859db3b566d75359014967147acae3393e970df6926087b7fb2,(622),(622),C:\Users\16024\Desktop\齿镜\calculus-unetpp\data\processed\images\train\fd9f15ae977ef859.jpg,C:\Users\16024\Desktop\齿镜\calculus-unetpp\data\processed\masks\train\fd9f15ae977ef859.png
b19128d9e4d0ee62,train,1,b19128d9e4d0ee62a0417d7b0d10df5a9e8301230639522cc318c613f525e019,caries_0_9246,caries_0_9246,C:\Users\16024\Desktop\齿镜\calculus-unetpp\data\processed\images\train\b19128d9e4d0ee62.jpg,C:\Users\16024\Desktop\齿镜\calculus-unetpp\data\processed\masks\train\b19128d9e4d0ee62.png
414eea2538568bd2,train,1,414eea2538568bd2817b6dbf4682c2d4a124d3fd19ca1c99f6b4d159245f7dec,(650),(650),C:\Users\16024\Desktop\齿镜\calculus-unetpp\data\processed\images\train\414eea2538568bd2.jpg,C:\Users\16024\Desktop\齿镜\calculus-unetpp\data\processed\masks\train\414eea2538568bd2.png
537ea6f0984f7669,train,1,537ea6f0984f766974563bd6d4b57d423f6a49bac53935db3b8f80558b7c1e66,(743),(743),C:\Users\16024\Desktop\齿镜\calculus-unetpp\data\processed\images\train\537ea6f0984f7669.jpg,C:\Users\16024\Desktop\齿镜\calculus-unetpp\data\processed\masks\train\537ea6f0984f7669.png
ea05c6020dd394b2,train,1,ea05c6020dd394b25f4cf2e77a2fa3834faeb2d635c8c35850804f213262bb36,(1200),(1200),C:\Users\16024\Desktop\齿镜\calculus-unetpp\data\processed\images\train\ea05c6020dd394b2.jpg,C:\Users\16024\Desktop\齿镜\calculus-unetpp\data\processed\masks\train\ea05c6020dd394b2.png
62d9c10cec836140,train,1,62d9c10cec836140d4865d2136d7e9830c2077b9a1235302f9941b147b39fbc2,caries_0_2081,caries_0_2081,C:\Users\16024\Desktop\齿镜\calculus-unetpp\data\processed\images\train\62d9c10cec836140.jpg,C:\Users\16024\Desktop\齿镜\calculus-unetpp\data\processed\masks\train\62d9c10cec836140.png
052274ce7519def7,train,1,052274ce7519def785c2a16087b57abbc92fd9ea40ff1e93b3b5235bbbb112d2,(751),(751),C:\Users\16024\Desktop\齿镜\calculus-unetpp\data\processed\images\train\052274ce7519def7.jpg,C:\Users\16024\Desktop\齿镜\calculus-unetpp\data\processed\masks\train\052274ce7519def7.png
4610e0a8a962ac8e,train,1,4610e0a8a962ac8e1dbc7cb421cfbe1bb6aba7659fb05091b9b990463b046f47,caries_0_6387,caries_0_6387,C:\Users\16024\Desktop\齿镜\calculus-unetpp\data\processed\images\train\4610e0a8a962ac8e.jpg,C:\Users\16024\Desktop\齿镜\calculus-unetpp\data\processed\masks\train\4610e0a8a962ac8e.png
eea614da8fa39e8c,train,1,eea614da8fa39e8cad63d8edcbf5c76aa544613bac423b198aea68bacfc2d42f,caries_0_8554,caries_0_8554,C:\Users\16024\Desktop\齿镜\calculus-unetpp\data\processed\images\train\eea614da8fa39e8c.jpg,C:\Users\16024\Desktop\齿镜\calculus-unetpp\data\processed\masks\train\eea614da8fa39e8c.png
1464ffab6693b4b5,train,1,1464ffab6693b4b5becab3b4ff8ea53e92828fea0f87dad835e291a9d9421ef2,(608);(707);(720),(608),C:\Users\16024\Desktop\齿镜\calculus-unetpp\data\processed\images\train\1464ffab6693b4b5.jpg,C:\Users\16024\Desktop\齿镜\calculus-unetpp\data\processed\masks\train\1464ffab6693b4b5.png
24a985f8e305b89e,train,1,24a985f8e305b89e78ec1eb63ac606362f899d6b29da839a4c35b7cd0645b532,(379),(379),C:\Users\16024\Desktop\齿镜\calculus-unetpp\data\processed\images\train\24a985f8e305b89e.jpg,C:\Users\16024\Desktop\齿镜\calculus-unetpp\data\processed\masks\train\24a985f8e305b89e.png
9a24af4fe684e356,train,1,9a24af4fe684e356c9bbc7fa16e5a91587da11595d7c75c88cdf53d145018ceb,(1014);(1084);(1113),(1014),C:\Users\16024\Desktop\齿镜\calculus-unetpp\data\processed\images\train\9a24af4fe684e356.jpg,C:\Users\16024\Desktop\齿镜\calculus-unetpp\data\processed\masks\train\9a24af4fe684e356.png
d1df721195cbe9c0,train,1,d1df721195cbe9c0f5c609b5833e11838f92636b367ca25965ad278de4c4c14d,caries_0_8278,caries_0_8278,C:\Users\16024\Desktop\齿镜\calculus-unetpp\data\processed\images\train\d1df721195cbe9c0.jpg,C:\Users\16024\Desktop\齿镜\calculus-unetpp\data\processed\masks\train\d1df721195cbe9c0.png
e42aaef3d3b0b2fb,train,1,e42aaef3d3b0b2fba650ad2bab46490745107d736eeb6751b6ebd530261c6aed,caries_0_5839,caries_0_5839,C:\Users\16024\Desktop\齿镜\calculus-unetpp\data\processed\images\train\e42aaef3d3b0b2fb.jpg,C:\Users\16024\Desktop\齿镜\calculus-unetpp\data\processed\masks\train\e42aaef3d3b0b2fb.png
ffd47195e22e6e8c,train,1,ffd47195e22e6e8ccb349afadaf5c69f42c7b6f82b987e61cf28b64428f6dc1f,14,14,C:\Users\16024\Desktop\齿镜\calculus-unetpp\data\processed\images\train\ffd47195e22e6e8c.jpg,C:\Users\16024\Desktop\齿镜\calculus-unetpp\data\processed\masks\train\ffd47195e22e6e8c.png
fac798145d32d1f4,train,1,fac798145d32d1f4650d0041eaf1d985dd58dfd4958fec4b4d23ff9b2b591fbd,(1197),(1197),C:\Users\16024\Desktop\齿镜\calculus-unetpp\data\processed\images\train\fac798145d32d1f4.jpg,C:\Users\16024\Desktop\齿镜\calculus-unetpp\data\processed\masks\train\fac798145d32d1f4.png
59e524b1d211a988,train,1,59e524b1d211a98835bd7c781bf8319b64548fde951a2fb67cc01d703d1d278a,caries_0_3740,caries_0_3740,C:\Users\16024\Desktop\齿镜\calculus-unetpp\data\processed\images\train\59e524b1d211a988.jpg,C:\Users\16024\Desktop\齿镜\calculus-unetpp\data\processed\masks\train\59e524b1d211a988.png
e05ded2748850566,train,1,e05ded27488505665d56b05042e187313ad45bdbb28eff9946710b5ce77fe352,caries_0_2139,caries_0_2139,C:\Users\16024\Desktop\齿镜\calculus-unetpp\data\processed\images\train\e05ded2748850566.jpg,C:\Users\16024\Desktop\齿镜\calculus-unetpp\data\processed\masks\train\e05ded2748850566.png
6a5c6a06d3dd19c7,train,1,6a5c6a06d3dd19c7fdaabd8445260233a3c7c0f38c0da5b9cfeca6618634ad74,122,122,C:\Users\16024\Desktop\齿镜\calculus-unetpp\data\processed\images\train\6a5c6a06d3dd19c7.jpg,C:\Users\16024\Desktop\齿镜\calculus-unetpp\data\processed\masks\train\6a5c6a06d3dd19c7.png
95962afaa4bfc3a2,train,1,95962afaa4bfc3a271a3247ccc030e0813a2f827b3627810f9ee2803e0863076,caries_0_8988,caries_0_8988,C:\Users\16024\Desktop\齿镜\calculus-unetpp\data\processed\images\train\95962afaa4bfc3a2.jpg,C:\Users\16024\Desktop\齿镜\calculus-unetpp\data\processed\masks\train\95962afaa4bfc3a2.png
663fb2fff6a24d6e,train,1,663fb2fff6a24d6e1a9613435cdb53050f7368f0c2bbabdc4ec4445c6a580c63,(149),(149),C:\Users\16024\Desktop\齿镜\calculus-unetpp\data\processed\images\train\663fb2fff6a24d6e.jpg,C:\Users\16024\Desktop\齿镜\calculus-unetpp\data\processed\masks\train\663fb2fff6a24d6e.png
3d78f73c1fe2699a,train,1,3d78f73c1fe2699a46f4551756afe05732e27698159a5209a359307592b15df0,(1183),(1183),C:\Users\16024\Desktop\齿镜\calculus-unetpp\data\processed\images\train\3d78f73c1fe2699a.jpg,C:\Users\16024\Desktop\齿镜\calculus-unetpp\data\processed\masks\train\3d78f73c1fe2699a.png
5f236387be9e24df,train,1,5f236387be9e24df1c4d2b8dec2f3414348c3b88d4acb8313ea45ae97a9629e1,caries_0_29,caries_0_29,C:\Users\16024\Desktop\齿镜\calculus-unetpp\data\processed\images\train\5f236387be9e24df.jpg,C:\Users\16024\Desktop\齿镜\calculus-unetpp\data\processed\masks\train\5f236387be9e24df.png
103f49dc8028d672,train,1,103f49dc8028d672eb105561c03206a5dd4cc589d8fffdee034f2a1c5814a18d,(186),(186),C:\Users\16024\Desktop\齿镜\calculus-unetpp\data\processed\images\train\103f49dc8028d672.jpg,C:\Users\16024\Desktop\齿镜\calculus-unetpp\data\processed\masks\train\103f49dc8028d672.png
eb1d7ebfee7c7d8e,train,1,eb1d7ebfee7c7d8e1df0780c2af229aa32ee734d014444e7e3c66bc71ccdd7db,(22),(22),C:\Users\16024\Desktop\齿镜\calculus-unetpp\data\processed\images\train\eb1d7ebfee7c7d8e.jpg,C:\Users\16024\Desktop\齿镜\calculus-unetpp\data\processed\masks\train\eb1d7ebfee7c7d8e.png
cfb5e396704e70dc,train,1,cfb5e396704e70dc3531b2b08976a5b973650f2c1d6c70febaf31517473dd94b,caries_0_27,caries_0_27,C:\Users\16024\Desktop\齿镜\calculus-unetpp\data\processed\images\train\cfb5e396704e70dc.jpg,C:\Users\16024\Desktop\齿镜\calculus-unetpp\data\processed\masks\train\cfb5e396704e70dc.png
3e1ef9c6d2bf83ba,train,1,3e1ef9c6d2bf83bad5b3397f1c100aca574b88503ce38bce6bc84a2795b8b294,(302);(365),(302),C:\Users\16024\Desktop\齿镜\calculus-unetpp\data\processed\images\train\3e1ef9c6d2bf83ba.jpg,C:\Users\16024\Desktop\齿镜\calculus-unetpp\data\processed\masks\train\3e1ef9c6d2bf83ba.png
87fd91d3de384ac5,train,1,87fd91d3de384ac5a7cc50f12c845480d560027d44d72e6da842cf1391829dca,(1007);(883);(927);(958),(1007),C:\Users\16024\Desktop\齿镜\calculus-unetpp\data\processed\images\train\87fd91d3de384ac5.jpg,C:\Users\16024\Desktop\齿镜\calculus-unetpp\data\processed\masks\train\87fd91d3de384ac5.png
3742701eb65ddf6c,train,1,3742701eb65ddf6c20e834d88470dce639ed27e8400e60ad8b49128e6dcd6920,caries_0_9995,caries_0_9995,C:\Users\16024\Desktop\齿镜\calculus-unetpp\data\processed\images\train\3742701eb65ddf6c.jpg,C:\Users\16024\Desktop\齿镜\calculus-unetpp\data\processed\masks\train\3742701eb65ddf6c.png
e50541e8595d137a,train,1,e50541e8595d137affc9b4b8b83fbae5ee023bd1a7e168c579ad5ce75df55607,caries_0_661,caries_0_661,C:\Users\16024\Desktop\齿镜\calculus-unetpp\data\processed\images\train\e50541e8595d137a.jpg,C:\Users\16024\Desktop\齿镜\calculus-unetpp\data\processed\masks\train\e50541e8595d137a.png
8579926c92721b1c,train,1,8579926c92721b1c9bce64d9e2ffafc9b45ca5500a64a33a900b8eaaf8dd2d1c,caries_0_2802,caries_0_2802,C:\Users\16024\Desktop\齿镜\calculus-unetpp\data\processed\images\train\8579926c92721b1c.jpg,C:\Users\16024\Desktop\齿镜\calculus-unetpp\data\processed\masks\train\8579926c92721b1c.png
ada9ff267685a27b,train,1,ada9ff267685a27b21cb10221680df432066a492fe81907cc6407fbe910cfcff,caries_0_6706,caries_0_6706,C:\Users\16024\Desktop\齿镜\calculus-unetpp\data\processed\images\train\ada9ff267685a27b.jpg,C:\Users\16024\Desktop\齿镜\calculus-unetpp\data\processed\masks\train\ada9ff267685a27b.png
1c7a5717e8c13a0a,train,1,1c7a5717e8c13a0af07f0e47833e4d3001b3fd698056bc25bda8403debf64ce7,caries_0_7747,caries_0_7747,C:\Users\16024\Desktop\齿镜\calculus-unetpp\data\processed\images\train\1c7a5717e8c13a0a.jpg,C:\Users\16024\Desktop\齿镜\calculus-unetpp\data\processed\masks\train\1c7a5717e8c13a0a.png
3dddd17e6c8ec75a,train,1,3dddd17e6c8ec75a21d4b05b403f15877de8bf26924d82b66ad1a33bf4c2cd44,caries_0_4986,caries_0_4986,C:\Users\16024\Desktop\齿镜\calculus-unetpp\data\processed\images\train\3dddd17e6c8ec75a.jpg,C:\Users\16024\Desktop\齿镜\calculus-unetpp\data\processed\masks\train\3dddd17e6c8ec75a.png
630b8ca843776e36,train,1,630b8ca843776e36e8fb59943e8cac17e01fc674153204a955aaf552879dff34,caries_0_4086,caries_0_4086,C:\Users\16024\Desktop\齿镜\calculus-unetpp\data\processed\images\train\630b8ca843776e36.jpg,C:\Users\16024\Desktop\齿镜\calculus-unetpp\data\processed\masks\train\630b8ca843776e36.png
2788216761e41532,train,1,2788216761e41532f25063ae7a6e52c31f05a3a73c7f004100e240280e283f0d,caries_0_6628,caries_0_6628,C:\Users\16024\Desktop\齿镜\calculus-unetpp\data\processed\images\train\2788216761e41532.jpg,C:\Users\16024\Desktop\齿镜\calculus-unetpp\data\processed\masks\train\2788216761e41532.png
7bd62d3373fc79a1,train,1,7bd62d3373fc79a1c653d6512c5e2e37071b6328e3ca102849fe5d151e8c4ee7,(734);(797),(734),C:\Users\16024\Desktop\齿镜\calculus-unetpp\data\processed\images\train\7bd62d3373fc79a1.jpg,C:\Users\16024\Desktop\齿镜\calculus-unetpp\data\processed\masks\train\7bd62d3373fc79a1.png
559092108dff3638,train,1,559092108dff3638265e4b0ca8e7b1fa2be90be1892029d7f8aae7fe6bd8e81f,(878);(941),(878),C:\Users\16024\Desktop\齿镜\calculus-unetpp\data\processed\images\train\559092108dff3638.jpg,C:\Users\16024\Desktop\齿镜\calculus-unetpp\data\processed\masks\train\559092108dff3638.png
54f7b42c1588c63c,train,1,54f7b42c1588c63c7f2e99b36fb3b07e42e954932b6f2b58234a3c637d59e610,caries_0_7711,caries_0_7711,C:\Users\16024\Desktop\齿镜\calculus-unetpp\data\processed\images\train\54f7b42c1588c63c.jpg,C:\Users\16024\Desktop\齿镜\calculus-unetpp\data\processed\masks\train\54f7b42c1588c63c.png
be491c821649b9db,train,1,be491c821649b9db640eab54d44542478d6051486f8f1ac28b1c2f091425afab,caries_0_3635,caries_0_3635,C:\Users\16024\Desktop\齿镜\calculus-unetpp\data\processed\images\train\be491c821649b9db.jpg,C:\Users\16024\Desktop\齿镜\calculus-unetpp\data\processed\masks\train\be491c821649b9db.png
701f2743b85dae41,train,1,701f2743b85dae41cbd85310499b1c0fa07edbbfd5fd5904e4d5400d8966e291,caries_0_6418,caries_0_6418,C:\Users\16024\Desktop\齿镜\calculus-unetpp\data\processed\images\train\701f2743b85dae41.jpg,C:\Users\16024\Desktop\齿镜\calculus-unetpp\data\processed\masks\train\701f2743b85dae41.png
db4fb954f760b030,train,1,db4fb954f760b030f39cab36d402def04fd1fba0647a9137e5de45d9a582a22f,caries_0_6954,caries_0_6954,C:\Users\16024\Desktop\齿镜\calculus-unetpp\data\processed\images\train\db4fb954f760b030.jpg,C:\Users\16024\Desktop\齿镜\calculus-unetpp\data\processed\masks\train\db4fb954f760b030.png
82c2bbc2716aed28,train,1,82c2bbc2716aed289c3e34df1d278f6f75b38645cb67d8fdbe6b606a606ce7fe,caries_0_6244,caries_0_6244,C:\Users\16024\Desktop\齿镜\calculus-unetpp\data\processed\images\train\82c2bbc2716aed28.jpg,C:\Users\16024\Desktop\齿镜\calculus-unetpp\data\processed\masks\train\82c2bbc2716aed28.png
b7786d5ade5239e1,train,1,b7786d5ade5239e1dd5e6e49026d34bbb19b7c64dc5b062de622cb88e8546f66,caries_0_5713,caries_0_5713,C:\Users\16024\Desktop\齿镜\calculus-unetpp\data\processed\images\train\b7786d5ade5239e1.jpg,C:\Users\16024\Desktop\齿镜\calculus-unetpp\data\processed\masks\train\b7786d5ade5239e1.png
2663336839b0f7de,train,1,2663336839b0f7deede6c26f5b251fe2e23e2b90936a0ebf81a91438edbcd62c,caries_0_9567,caries_0_9567,C:\Users\16024\Desktop\齿镜\calculus-unetpp\data\processed\images\train\2663336839b0f7de.jpg,C:\Users\16024\Desktop\齿镜\calculus-unetpp\data\processed\masks\train\2663336839b0f7de.png
4cc70ac40a8586ae,train,1,4cc70ac40a8586ae1c9903e4f4102ef20b64f22d011dd5f47a00afaa35b58f17,(143);(19);(63);(94),(143),C:\Users\16024\Desktop\齿镜\calculus-unetpp\data\processed\images\train\4cc70ac40a8586ae.jpg,C:\Users\16024\Desktop\齿镜\calculus-unetpp\data\processed\masks\train\4cc70ac40a8586ae.png
602bcf7ca93c97b3,train,1,602bcf7ca93c97b35ed9a4df62143ce96d5dd678b520ed031e7396f6c6ee174c,caries_0_2991,caries_0_2991,C:\Users\16024\Desktop\齿镜\calculus-unetpp\data\processed\images\train\602bcf7ca93c97b3.jpg,C:\Users\16024\Desktop\齿镜\calculus-unetpp\data\processed\masks\train\602bcf7ca93c97b3.png
3419d855063f6f72,train,1,3419d855063f6f728e7b3fa880815d4f1009db52e62deb4df8ed7dfbf54cc78f,caries_0_7081,caries_0_7081,C:\Users\16024\Desktop\齿镜\calculus-unetpp\data\processed\images\train\3419d855063f6f72.jpg,C:\Users\16024\Desktop\齿镜\calculus-unetpp\data\processed\masks\train\3419d855063f6f72.png
04ebfb0e9d5ed3bd,train,1,04ebfb0e9d5ed3bdf6e9f13456981ff97b96ccc36fb955a6020a8d34fe808568,caries_0_1941,caries_0_1941,C:\Users\16024\Desktop\齿镜\calculus-unetpp\data\processed\images\train\04ebfb0e9d5ed3bd.jpg,C:\Users\16024\Desktop\齿镜\calculus-unetpp\data\processed\masks\train\04ebfb0e9d5ed3bd.png
8276c7fcef751167,train,1,8276c7fcef7511674cc0cc8a29165ae23b289a918f74de8160b43e7030cff07f,(1148),(1148),C:\Users\16024\Desktop\齿镜\calculus-unetpp\data\processed\images\train\8276c7fcef751167.jpg,C:\Users\16024\Desktop\齿镜\calculus-unetpp\data\processed\masks\train\8276c7fcef751167.png
b211f790017482ff,train,1,b211f790017482ffcef1db89349d40e85341b566c538fa96cfe57c8d5e1af075,(246),(246),C:\Users\16024\Desktop\齿镜\calculus-unetpp\data\processed\images\train\b211f790017482ff.jpg,C:\Users\16024\Desktop\齿镜\calculus-unetpp\data\processed\masks\train\b211f790017482ff.png
f18aaebaa23fe59f,train,1,f18aaebaa23fe59f816de00289c1d188f59a97f2d1d5bbc271a86d421e04dcf7,caries_0_6045,caries_0_6045,C:\Users\16024\Desktop\齿镜\calculus-unetpp\data\processed\images\train\f18aaebaa23fe59f.jpg,C:\Users\16024\Desktop\齿镜\calculus-unetpp\data\processed\masks\train\f18aaebaa23fe59f.png
bc5084e24093c88e,train,1,bc5084e24093c88e9e87c4f8f957ab5bb82caab2c2426fbeaf3e653e6de571c3,caries_0_5559,caries_0_5559,C:\Users\16024\Desktop\齿镜\calculus-unetpp\data\processed\images\train\bc5084e24093c88e.jpg,C:\Users\16024\Desktop\齿镜\calculus-unetpp\data\processed\masks\train\bc5084e24093c88e.png
0c795709b4a8f8fa,train,1,0c795709b4a8f8fa11cd0165383a670811922a3b717cc4ed4b3357e8951a3fb4,caries_0_9840,caries_0_9840,C:\Users\16024\Desktop\齿镜\calculus-unetpp\data\processed\images\train\0c795709b4a8f8fa.jpg,C:\Users\16024\Desktop\齿镜\calculus-unetpp\data\processed\masks\train\0c795709b4a8f8fa.png
015c2bc9771e1384,train,1,015c2bc9771e13849543e7c90ce4cbf5bd47a8165fd835bdf85a5f2098d7cef0,(914),(914),C:\Users\16024\Desktop\齿镜\calculus-unetpp\data\processed\images\train\015c2bc9771e1384.jpg,C:\Users\16024\Desktop\齿镜\calculus-unetpp\data\processed\masks\train\015c2bc9771e1384.png
ad0a1897c3ae885b,train,1,ad0a1897c3ae885ba0d938a7790c47d00c27e642eed2ea09e7fedbbb74dd47cc,182,182,C:\Users\16024\Desktop\齿镜\calculus-unetpp\data\processed\images\train\ad0a1897c3ae885b.jpg,C:\Users\16024\Desktop\齿镜\calculus-unetpp\data\processed\masks\train\ad0a1897c3ae885b.png
65a22295cd175740,train,1,65a22295cd175740834c448feb0f0426e94878ba881db4c77d3ee7173d6ccdce,170,170,C:\Users\16024\Desktop\齿镜\calculus-unetpp\data\processed\images\train\65a22295cd175740.jpg,C:\Users\16024\Desktop\齿镜\calculus-unetpp\data\processed\masks\train\65a22295cd175740.png
a522a11c433c7315,train,1,a522a11c433c73153f707c39a142bd30bd8da19849c35271cb08d9cd1f2e2b51,caries_0_1864,caries_0_1864,C:\Users\16024\Desktop\齿镜\calculus-unetpp\data\processed\images\train\a522a11c433c7315.jpg,C:\Users\16024\Desktop\齿镜\calculus-unetpp\data\processed\masks\train\a522a11c433c7315.png
525c7823c516b0ba,train,1,525c7823c516b0ba965c303815505a9b1c957404a632b09268ccbc77354cd5bd,caries_0_4095,caries_0_4095,C:\Users\16024\Desktop\齿镜\calculus-unetpp\data\processed\images\train\525c7823c516b0ba.jpg,C:\Users\16024\Desktop\齿镜\calculus-unetpp\data\processed\masks\train\525c7823c516b0ba.png
a4081bfd49ab8738,train,1,a4081bfd49ab87387b212a937fe12563b078967ef72922527249d566e035757e,caries_0_8117,caries_0_8117,C:\Users\16024\Desktop\齿镜\calculus-unetpp\data\processed\images\train\a4081bfd49ab8738.jpg,C:\Users\16024\Desktop\齿镜\calculus-unetpp\data\processed\masks\train\a4081bfd49ab8738.png
a69599ef245107f2,train,1,a69599ef245107f26db719d1993c72929ce2044133ab25c2ffdcf2079c9a49e5,(778),(778),C:\Users\16024\Desktop\齿镜\calculus-unetpp\data\processed\images\train\a69599ef245107f2.jpg,C:\Users\16024\Desktop\齿镜\calculus-unetpp\data\processed\masks\train\a69599ef245107f2.png
34fb2258f80ab847,train,1,34fb2258f80ab847c5a45d939f55b4a0cc05d29faa23b892a7a235a8feb43f8e,(307);(351);(382);(431),(307),C:\Users\16024\Desktop\齿镜\calculus-unetpp\data\processed\images\train\34fb2258f80ab847.jpg,C:\Users\16024\Desktop\齿镜\calculus-unetpp\data\processed\masks\train\34fb2258f80ab847.png
c10349a167560f85,train,1,c10349a167560f85782c2a7d0c36b862a0e596596c29368b655f7b9dae397129,caries_0_2556,caries_0_2556,C:\Users\16024\Desktop\齿镜\calculus-unetpp\data\processed\images\train\c10349a167560f85.jpg,C:\Users\16024\Desktop\齿镜\calculus-unetpp\data\processed\masks\train\c10349a167560f85.png
edec6526f294f939,train,1,edec6526f294f9397c8f98cb22d11309538136e5282e51793eb695510e9a1ae1,caries_0_8137,caries_0_8137,C:\Users\16024\Desktop\齿镜\calculus-unetpp\data\processed\images\train\edec6526f294f939.jpg,C:\Users\16024\Desktop\齿镜\calculus-unetpp\data\processed\masks\train\edec6526f294f939.png
db57eb4d21d50713,train,1,db57eb4d21d50713189c7278a7e5db18e6c4ed33d760a91baf096857239553ac,caries_0_5999,caries_0_5999,C:\Users\16024\Desktop\齿镜\calculus-unetpp\data\processed\images\train\db57eb4d21d50713.jpg,C:\Users\16024\Desktop\齿镜\calculus-unetpp\data\processed\masks\train\db57eb4d21d50713.png
122d67640ad5be82,train,1,122d67640ad5be82393ef9d0db2d06c4502089d841f182416a1129fbe5c41f58,caries_0_4333,caries_0_4333,C:\Users\16024\Desktop\齿镜\calculus-unetpp\data\processed\images\train\122d67640ad5be82.jpg,C:\Users\16024\Desktop\齿镜\calculus-unetpp\data\processed\masks\train\122d67640ad5be82.png
453d080f5389974f,train,1,453d080f5389974f76df19ebf2b5fbebfb355ed5630bcba51e0c917aa6bc7bef,caries_0_5792,caries_0_5792,C:\Users\16024\Desktop\齿镜\calculus-unetpp\data\processed\images\train\453d080f5389974f.jpg,C:\Users\16024\Desktop\齿镜\calculus-unetpp\data\processed\masks\train\453d080f5389974f.png
4ceb9da1d346d6c7,train,1,4ceb9da1d346d6c7a2a498e30a136664f24d67ae99cf2cc030e416996245a99a,(158);(221),(158),C:\Users\16024\Desktop\齿镜\calculus-unetpp\data\processed\images\train\4ceb9da1d346d6c7.jpg,C:\Users\16024\Desktop\齿镜\calculus-unetpp\data\processed\masks\train\4ceb9da1d346d6c7.png
b1ea2372f80fa20b,train,1,b1ea2372f80fa20b42c27a5acf979e8f89b797933f2b33eb6c2d9aee0a719ec9,caries_0_8046,caries_0_8046,C:\Users\16024\Desktop\齿镜\calculus-unetpp\data\processed\images\train\b1ea2372f80fa20b.jpg,C:\Users\16024\Desktop\齿镜\calculus-unetpp\data\processed\masks\train\b1ea2372f80fa20b.png
ce3c6d7cb9666b6a,train,1,ce3c6d7cb9666b6adc4e6351d023534465e763a6e94e39d3feb51ab0ffa95041,caries_0_6676,caries_0_6676,C:\Users\16024\Desktop\齿镜\calculus-unetpp\data\processed\images\train\ce3c6d7cb9666b6a.jpg,C:\Users\16024\Desktop\齿镜\calculus-unetpp\data\processed\masks\train\ce3c6d7cb9666b6a.png
e846847b55323dd6,train,1,e846847b55323dd6ffe41e9801e1640bd76068910f21f2468990644d8e9d3fbe,(1157),(1157),C:\Users\16024\Desktop\齿镜\calculus-unetpp\data\processed\images\train\e846847b55323dd6.jpg,C:\Users\16024\Desktop\齿镜\calculus-unetpp\data\processed\masks\train\e846847b55323dd6.png
631bf411f37336d1,train,1,631bf411f37336d16f10c9404ba822948a9db10f68cea989c797d4699c15d6c4,caries_0_3109,caries_0_3109,C:\Users\16024\Desktop\齿镜\calculus-unetpp\data\processed\images\train\631bf411f37336d1.jpg,C:\Users\16024\Desktop\齿镜\calculus-unetpp\data\processed\masks\train\631bf411f37336d1.png
3d387305c68219cf,train,1,3d387305c68219cfefb7f33285871b3c50c5719b282b26d5b32acd9aeb71e380,(1184);(1283),(1184),C:\Users\16024\Desktop\齿镜\calculus-unetpp\data\processed\images\train\3d387305c68219cf.jpg,C:\Users\16024\Desktop\齿镜\calculus-unetpp\data\processed\masks\train\3d387305c68219cf.png
e567e66ec25df39a,train,1,e567e66ec25df39afb525914d656e534309a8fbb2705c80c1aa569d4fcfd2aef,caries_0_4701,caries_0_4701,C:\Users\16024\Desktop\齿镜\calculus-unetpp\data\processed\images\train\e567e66ec25df39a.jpg,C:\Users\16024\Desktop\齿镜\calculus-unetpp\data\processed\masks\train\e567e66ec25df39a.png
6cd3a39a70c22a7b,train,1,6cd3a39a70c22a7b43a992acda87ac81af55ba2a69fadbf33ea8af303f5aa22d,caries_0_626,caries_0_626,C:\Users\16024\Desktop\齿镜\calculus-unetpp\data\processed\images\train\6cd3a39a70c22a7b.jpg,C:\Users\16024\Desktop\齿镜\calculus-unetpp\data\processed\masks\train\6cd3a39a70c22a7b.png
eaa278a39987a82d,train,1,eaa278a39987a82d9a8798b3a55b5c71e27d7a18e6295fb1a12b0aa726350f27,caries_0_6978,caries_0_6978,C:\Users\16024\Desktop\齿镜\calculus-unetpp\data\processed\images\train\eaa278a39987a82d.jpg,C:\Users\16024\Desktop\齿镜\calculus-unetpp\data\processed\masks\train\eaa278a39987a82d.png
df1ff86c4d9788f2,train,1,df1ff86c4d9788f2e063e6f5db910b29b39230b7b8e76828f82be974dee68e99,(68),(68),C:\Users\16024\Desktop\齿镜\calculus-unetpp\data\processed\images\train\df1ff86c4d9788f2.jpg,C:\Users\16024\Desktop\齿镜\calculus-unetpp\data\processed\masks\train\df1ff86c4d9788f2.png
ccc1a186c49aa0f7,train,1,ccc1a186c49aa0f7b15a0964ddf6d840750504a434a3f70856785bba9cfebe3f,(189),(189),C:\Users\16024\Desktop\齿镜\calculus-unetpp\data\processed\images\train\ccc1a186c49aa0f7.jpg,C:\Users\16024\Desktop\齿镜\calculus-unetpp\data\processed\masks\train\ccc1a186c49aa0f7.png
ea848bcb75c3edfa,train,1,ea848bcb75c3edfa316980d0e6414b1d8b96f6dccd1636bb6cadf422d3f1ca9c,caries_0_532,caries_0_532,C:\Users\16024\Desktop\齿镜\calculus-unetpp\data\processed\images\train\ea848bcb75c3edfa.jpg,C:\Users\16024\Desktop\齿镜\calculus-unetpp\data\processed\masks\train\ea848bcb75c3edfa.png
20dfded5b9ee3991,train,1,20dfded5b9ee39910fefcd9237f7b756874dec186456c72d2ee1309e0095224e,caries_0_4141,caries_0_4141,C:\Users\16024\Desktop\齿镜\calculus-unetpp\data\processed\images\train\20dfded5b9ee3991.jpg,C:\Users\16024\Desktop\齿镜\calculus-unetpp\data\processed\masks\train\20dfded5b9ee3991.png
bc75d7d5201f9373,train,1,bc75d7d5201f93734c1ed3116c56dcdc31417a7a7e4daecef7987558e77e4821,(1149),(1149),C:\Users\16024\Desktop\齿镜\calculus-unetpp\data\processed\images\train\bc75d7d5201f9373.jpg,C:\Users\16024\Desktop\齿镜\calculus-unetpp\data\processed\masks\train\bc75d7d5201f9373.png
dc7852f236828ab9,train,1,dc7852f236828ab91dcae399b6931328beca369c5d97ddc41b5d192fc91cdc6c,(1001);(922);(923),(1001),C:\Users\16024\Desktop\齿镜\calculus-unetpp\data\processed\images\train\dc7852f236828ab9.jpg,C:\Users\16024\Desktop\齿镜\calculus-unetpp\data\processed\masks\train\dc7852f236828ab9.png
8ef27d6adc363ad8,train,1,8ef27d6adc363ad826277811963d6e5fa41ece62fb57467340e1b8f15584294a,(153);(219),(153),C:\Users\16024\Desktop\齿镜\calculus-unetpp\data\processed\images\train\8ef27d6adc363ad8.jpg,C:\Users\16024\Desktop\齿镜\calculus-unetpp\data\processed\masks\train\8ef27d6adc363ad8.png
9b5c4f5cd8203671,train,1,9b5c4f5cd820367157c6d18dcb8bc905bcfabab68ba818831fa7b3b0ce756c2c,(212),(212),C:\Users\16024\Desktop\齿镜\calculus-unetpp\data\processed\images\train\9b5c4f5cd8203671.jpg,C:\Users\16024\Desktop\齿镜\calculus-unetpp\data\processed\masks\train\9b5c4f5cd8203671.png
197ef690db6946e6,train,1,197ef690db6946e60e82eee2b44c4b672aea7189e9d19a020f97dfb220a3322f,caries_0_3620,caries_0_3620,C:\Users\16024\Desktop\齿镜\calculus-unetpp\data\processed\images\train\197ef690db6946e6.jpg,C:\Users\16024\Desktop\齿镜\calculus-unetpp\data\processed\masks\train\197ef690db6946e6.png
fcb932adc670130e,train,1,fcb932adc670130ee41f0c4e9381dae07261a2d3f3ffbb098cabba19e38da3ce,(333),(333),C:\Users\16024\Desktop\齿镜\calculus-unetpp\data\processed\images\train\fcb932adc670130e.jpg,C:\Users\16024\Desktop\齿镜\calculus-unetpp\data\processed\masks\train\fcb932adc670130e.png
4775a2c94176c408,train,1,4775a2c94176c40895682ad3eff0a171c8bafd39782d9dd6caa4cf2b526a7857,180,180,C:\Users\16024\Desktop\齿镜\calculus-unetpp\data\processed\images\train\4775a2c94176c408.jpg,C:\Users\16024\Desktop\齿镜\calculus-unetpp\data\processed\masks\train\4775a2c94176c408.png
60519628d8a94aa7,train,1,60519628d8a94aa799d55d8a00efdb22baa6b0746e1a73f0d64d0239181336b6,caries_0_2194,caries_0_2194,C:\Users\16024\Desktop\齿镜\calculus-unetpp\data\processed\images\train\60519628d8a94aa7.jpg,C:\Users\16024\Desktop\齿镜\calculus-unetpp\data\processed\masks\train\60519628d8a94aa7.png
7c4921ec041fd179,train,1,7c4921ec041fd17935c30cf7fc314dfd241800eb3f824e3dd211fa4d5d4eb053,caries_0_1457,caries_0_1457,C:\Users\16024\Desktop\齿镜\calculus-unetpp\data\processed\images\train\7c4921ec041fd179.jpg,C:\Users\16024\Desktop\齿镜\calculus-unetpp\data\processed\masks\train\7c4921ec041fd179.png
a95aa97422a78ed5,train,1,a95aa97422a78ed52b71a13c55ab19b0b3b048f79a63895b78321089ff73cd22,caries_0_2334,caries_0_2334,C:\Users\16024\Desktop\齿镜\calculus-unetpp\data\processed\images\train\a95aa97422a78ed5.jpg,C:\Users\16024\Desktop\齿镜\calculus-unetpp\data\processed\masks\train\a95aa97422a78ed5.png
793cbf77d9a88b69,train,1,793cbf77d9a88b699002b41d85f08e163ae2e094480dfae09de21fb007b6ad84,caries_0_3272,caries_0_3272,C:\Users\16024\Desktop\齿镜\calculus-unetpp\data\processed\images\train\793cbf77d9a88b69.jpg,C:\Users\16024\Desktop\齿镜\calculus-unetpp\data\processed\masks\train\793cbf77d9a88b69.png
d9b49685432cb9a9,train,1,d9b49685432cb9a94377faedf7b5897bf4a4ae336aac670ecf043012ae8419c1,caries_0_1859,caries_0_1859,C:\Users\16024\Desktop\齿镜\calculus-unetpp\data\processed\images\train\d9b49685432cb9a9.jpg,C:\Users\16024\Desktop\齿镜\calculus-unetpp\data\processed\masks\train\d9b49685432cb9a9.png
c6ed23772681c371,train,1,c6ed23772681c371388d0bcda948d5189f33cb15837f131a7a679da77d9f50ea,(582);(652);(681),(582),C:\Users\16024\Desktop\齿镜\calculus-unetpp\data\processed\images\train\c6ed23772681c371.jpg,C:\Users\16024\Desktop\齿镜\calculus-unetpp\data\processed\masks\train\c6ed23772681c371.png
0c077bad5255b29c,train,1,0c077bad5255b29cb2475dad3bcee616fa5e54f858fafac3a42f7e36fd33d2bd,caries_0_9871,caries_0_9871,C:\Users\16024\Desktop\齿镜\calculus-unetpp\data\processed\images\train\0c077bad5255b29c.jpg,C:\Users\16024\Desktop\齿镜\calculus-unetpp\data\processed\masks\train\0c077bad5255b29c.png
8299a4a952639438,train,1,8299a4a952639438667649e9919f626b6868714866c76d8d576cd875e1ee7464,caries_0_480,caries_0_480,C:\Users\16024\Desktop\齿镜\calculus-unetpp\data\processed\images\train\8299a4a952639438.jpg,C:\Users\16024\Desktop\齿镜\calculus-unetpp\data\processed\masks\train\8299a4a952639438.png
4893e99d0c03f8fd,train,1,4893e99d0c03f8fdf8d0c3e5ae4860416180af9dcae6f3a582a8d8cabe0052c5,caries_0_7744,caries_0_7744,C:\Users\16024\Desktop\齿镜\calculus-unetpp\data\processed\images\train\4893e99d0c03f8fd.jpg,C:\Users\16024\Desktop\齿镜\calculus-unetpp\data\processed\masks\train\4893e99d0c03f8fd.png
6e8f42b045e865b8,train,1,6e8f42b045e865b85cd9448c7bbd396e1f38e115bdfe1866fb0a6b6558c4a3af,caries_0_2207,caries_0_2207,C:\Users\16024\Desktop\齿镜\calculus-unetpp\data\processed\images\train\6e8f42b045e865b8.jpg,C:\Users\16024\Desktop\齿镜\calculus-unetpp\data\processed\masks\train\6e8f42b045e865b8.png
0d541c0a074f6650,train,1,0d541c0a074f6650f120070169a6435c9a70b8beb526192d3c73182dde0f5774,caries_0_2961,caries_0_2961,C:\Users\16024\Desktop\齿镜\calculus-unetpp\data\processed\images\train\0d541c0a074f6650.jpg,C:\Users\16024\Desktop\齿镜\calculus-unetpp\data\processed\masks\train\0d541c0a074f6650.png
0d4b5b1b8ac8307d,train,1,0d4b5b1b8ac8307d0814762f09d3c0146488b575882f20d123a62b4a136018c9,caries_0_5675,caries_0_5675,C:\Users\16024\Desktop\齿镜\calculus-unetpp\data\processed\images\train\0d4b5b1b8ac8307d.jpg,C:\Users\16024\Desktop\齿镜\calculus-unetpp\data\processed\masks\train\0d4b5b1b8ac8307d.png
5423042b0ee49d19,train,1,5423042b0ee49d19382137ab12a3bb86b812be74a8cd8c7bc91cb1e7d7f52877,caries_0_7491,caries_0_7491,C:\Users\16024\Desktop\齿镜\calculus-unetpp\data\processed\images\train\5423042b0ee49d19.jpg,C:\Users\16024\Desktop\齿镜\calculus-unetpp\data\processed\masks\train\5423042b0ee49d19.png
aa16a1b920dbf52f,train,1,aa16a1b920dbf52fc4fe7a43ff8a6fa63bcc3c1458a89d41f4d447178927d537,caries_0_5793,caries_0_5793,C:\Users\16024\Desktop\齿镜\calculus-unetpp\data\processed\images\train\aa16a1b920dbf52f.jpg,C:\Users\16024\Desktop\齿镜\calculus-unetpp\data\processed\masks\train\aa16a1b920dbf52f.png
0aabf765ca89b235,train,1,0aabf765ca89b23500b1a918af53103c33d2f49ed11dae93264eb3f3807365e2,caries_0_1273,caries_0_1273,C:\Users\16024\Desktop\齿镜\calculus-unetpp\data\processed\images\train\0aabf765ca89b235.jpg,C:\Users\16024\Desktop\齿镜\calculus-unetpp\data\processed\masks\train\0aabf765ca89b235.png
26889780dd16582e,train,1,26889780dd16582e21dc53cb51d31d429664bd53381579b629a40e2a9183c3ff,caries_0_3058,caries_0_3058,C:\Users\16024\Desktop\齿镜\calculus-unetpp\data\processed\images\train\26889780dd16582e.jpg,C:\Users\16024\Desktop\齿镜\calculus-unetpp\data\processed\masks\train\26889780dd16582e.png
aaacbc8fa3fbf034,train,1,aaacbc8fa3fbf034b09e9fda966df38a4b339c9d28540966f358ea597a036eaf,caries_0_6220,caries_0_6220,C:\Users\16024\Desktop\齿镜\calculus-unetpp\data\processed\images\train\aaacbc8fa3fbf034.jpg,C:\Users\16024\Desktop\齿镜\calculus-unetpp\data\processed\masks\train\aaacbc8fa3fbf034.png
7f8cc52b4b129c55,train,1,7f8cc52b4b129c556abdf388d061aea2aa8d23dc4b3687cf62cc3a71b95943ee,(599),(599),C:\Users\16024\Desktop\齿镜\calculus-unetpp\data\processed\images\train\7f8cc52b4b129c55.jpg,C:\Users\16024\Desktop\齿镜\calculus-unetpp\data\processed\masks\train\7f8cc52b4b129c55.png
8523fdf9cb9c872a,train,1,8523fdf9cb9c872a0b928ea8ab3a8ce1d2db6aeeaf30a08e657b337c7e7b7be3,caries_0_4847,caries_0_4847,C:\Users\16024\Desktop\齿镜\calculus-unetpp\data\processed\images\train\8523fdf9cb9c872a.jpg,C:\Users\16024\Desktop\齿镜\calculus-unetpp\data\processed\masks\train\8523fdf9cb9c872a.png
3855ae9d5a316c7b,train,1,3855ae9d5a316c7b250474bee6d05ad22193ea0f5c92fec69286c2d253327095,(1194),(1194),C:\Users\16024\Desktop\齿镜\calculus-unetpp\data\processed\images\train\3855ae9d5a316c7b.jpg,C:\Users\16024\Desktop\齿镜\calculus-unetpp\data\processed\masks\train\3855ae9d5a316c7b.png
c36516366735f487,train,1,c36516366735f48753ab796e43bacfabdc3a86db5177e7bcca74a3c0fb25de05,135,135,C:\Users\16024\Desktop\齿镜\calculus-unetpp\data\processed\images\train\c36516366735f487.jpg,C:\Users\16024\Desktop\齿镜\calculus-unetpp\data\processed\masks\train\c36516366735f487.png
026b93abfc187109,train,1,026b93abfc1871098504eb73a0b909999051d10c64806f10352e92bdfe19aac9,caries_0_5148,caries_0_5148,C:\Users\16024\Desktop\齿镜\calculus-unetpp\data\processed\images\train\026b93abfc187109.jpg,C:\Users\16024\Desktop\齿镜\calculus-unetpp\data\processed\masks\train\026b93abfc187109.png
eddc8bb894aa55cb,train,1,eddc8bb894aa55cb282096ed7f78a4ba3ac3c58b17414b54755616ad951fb841,19,19,C:\Users\16024\Desktop\齿镜\calculus-unetpp\data\processed\images\train\eddc8bb894aa55cb.jpg,C:\Users\16024\Desktop\齿镜\calculus-unetpp\data\processed\masks\train\eddc8bb894aa55cb.png
3327524dbb39fdb1,train,1,3327524dbb39fdb1a370cbb6deb1a1056f2142c30bd79c431a39436c0f34ea0e,caries_0_2378,caries_0_2378,C:\Users\16024\Desktop\齿镜\calculus-unetpp\data\processed\images\train\3327524dbb39fdb1.jpg,C:\Users\16024\Desktop\齿镜\calculus-unetpp\data\processed\masks\train\3327524dbb39fdb1.png
5a625a289fd1f410,train,1,5a625a289fd1f4109e373b587a3146624f06785460a3999889fecd859fa9ce47,caries_0_9561,caries_0_9561,C:\Users\16024\Desktop\齿镜\calculus-unetpp\data\processed\images\train\5a625a289fd1f410.jpg,C:\Users\16024\Desktop\齿镜\calculus-unetpp\data\processed\masks\train\5a625a289fd1f410.png
9dc2f18d3519d404,train,1,9dc2f18d3519d404564b8cb68b547a814ff1ee59c607ad176f8f36adb63e0e8e,(725),(725),C:\Users\16024\Desktop\齿镜\calculus-unetpp\data\processed\images\train\9dc2f18d3519d404.jpg,C:\Users\16024\Desktop\齿镜\calculus-unetpp\data\processed\masks\train\9dc2f18d3519d404.png
c3f3cd710859e122,train,1,c3f3cd710859e122133f22d93f11b419549355bf0578f64bb7abc9bf166a78b9,caries_0_7593,caries_0_7593,C:\Users\16024\Desktop\齿镜\calculus-unetpp\data\processed\images\train\c3f3cd710859e122.jpg,C:\Users\16024\Desktop\齿镜\calculus-unetpp\data\processed\masks\train\c3f3cd710859e122.png
7bb6440437aaaba2,train,1,7bb6440437aaaba2d4647ab9c1d4f1702aa379dedc95715cb744d27e8a58b8d3,(11),(11),C:\Users\16024\Desktop\齿镜\calculus-unetpp\data\processed\images\train\7bb6440437aaaba2.jpg,C:\Users\16024\Desktop\齿镜\calculus-unetpp\data\processed\masks\train\7bb6440437aaaba2.png
c457b65a59d7bb33,train,1,c457b65a59d7bb335ee352aef04a63de2bac816bd73efc49b1f92c211d9854e1,caries_0_9804,caries_0_9804,C:\Users\16024\Desktop\齿镜\calculus-unetpp\data\processed\images\train\c457b65a59d7bb33.jpg,C:\Users\16024\Desktop\齿镜\calculus-unetpp\data\processed\masks\train\c457b65a59d7bb33.png
18e5c6916d88eaeb,train,1,18e5c6916d88eaeb4caea8418233ba22f0c8d2d3f1e62595ea8114d280ceebfe,(1158);(1228);(1257),(1158),C:\Users\16024\Desktop\齿镜\calculus-unetpp\data\processed\images\train\18e5c6916d88eaeb.jpg,C:\Users\16024\Desktop\齿镜\calculus-unetpp\data\processed\masks\train\18e5c6916d88eaeb.png
9890a3d14a0901b3,train,1,9890a3d14a0901b3ccc57255af2decb6949bf3b5baed58ad670a283ba3e037d8,caries_0_7652,caries_0_7652,C:\Users\16024\Desktop\齿镜\calculus-unetpp\data\processed\images\train\9890a3d14a0901b3.jpg,C:\Users\16024\Desktop\齿镜\calculus-unetpp\data\processed\masks\train\9890a3d14a0901b3.png
38c93b27c7a6581a,train,1,38c93b27c7a6581ae0bb1975f2eccef5b9843df92f2cc40789213934c92de1ad,(48),(48),C:\Users\16024\Desktop\齿镜\calculus-unetpp\data\processed\images\train\38c93b27c7a6581a.jpg,C:\Users\16024\Desktop\齿镜\calculus-unetpp\data\processed\masks\train\38c93b27c7a6581a.png
17ff3b333cb2d742,train,1,17ff3b333cb2d742486a917eaa5d50104d3fa6fc02ed7193387e80a9c0167063,caries_0_5769,caries_0_5769,C:\Users\16024\Desktop\齿镜\calculus-unetpp\data\processed\images\train\17ff3b333cb2d742.jpg,C:\Users\16024\Desktop\齿镜\calculus-unetpp\data\processed\masks\train\17ff3b333cb2d742.png
1dd12683a62c37b0,train,1,1dd12683a62c37b033f9c26c3078e897f4c1833e85f51bdd3bd100bd22518f8b,(1053),(1053),C:\Users\16024\Desktop\齿镜\calculus-unetpp\data\processed\images\train\1dd12683a62c37b0.jpg,C:\Users\16024\Desktop\齿镜\calculus-unetpp\data\processed\masks\train\1dd12683a62c37b0.png
5c24aeb36de5512e,train,1,5c24aeb36de5512e4b85cc703e4d0929a67ca8435debc3dd159a2de758b7f6c7,caries_0_1718,caries_0_1718,C:\Users\16024\Desktop\齿镜\calculus-unetpp\data\processed\images\train\5c24aeb36de5512e.jpg,C:\Users\16024\Desktop\齿镜\calculus-unetpp\data\processed\masks\train\5c24aeb36de5512e.png
dc0c72fdce388dec,train,1,dc0c72fdce388dec108b02dba9e8c7d771e31064f54d3fda15e3ced9e6af23e9,(91),(91),C:\Users\16024\Desktop\齿镜\calculus-unetpp\data\processed\images\train\dc0c72fdce388dec.jpg,C:\Users\16024\Desktop\齿镜\calculus-unetpp\data\processed\masks\train\dc0c72fdce388dec.png
5edbd1f1558679cb,train,1,5edbd1f1558679cb4eebfe364dde36d0754c53593a74acc88713c65f39587595,183,183,C:\Users\16024\Desktop\齿镜\calculus-unetpp\data\processed\images\train\5edbd1f1558679cb.jpg,C:\Users\16024\Desktop\齿镜\calculus-unetpp\data\processed\masks\train\5edbd1f1558679cb.png
87a392bcd5df1368,train,1,87a392bcd5df1368eb1e284d9a854272e1334cf2b24a3682cdf95915f44cc4e9,caries_0_5361,caries_0_5361,C:\Users\16024\Desktop\齿镜\calculus-unetpp\data\processed\images\train\87a392bcd5df1368.jpg,C:\Users\16024\Desktop\齿镜\calculus-unetpp\data\processed\masks\train\87a392bcd5df1368.png
2f0ece24939bddb7,train,1,2f0ece24939bddb79b2d58a2daeccaf603cc6c3997d723b394eb28dac4482699,caries_0_7261,caries_0_7261,C:\Users\16024\Desktop\齿镜\calculus-unetpp\data\processed\images\train\2f0ece24939bddb7.jpg,C:\Users\16024\Desktop\齿镜\calculus-unetpp\data\processed\masks\train\2f0ece24939bddb7.png
5dc4f98d2de40694,train,1,5dc4f98d2de406946f3b7b430eb4333951ff50c6e0c0bef2024592734f9940d6,(1022);(1085),(1022),C:\Users\16024\Desktop\齿镜\calculus-unetpp\data\processed\images\train\5dc4f98d2de40694.jpg,C:\Users\16024\Desktop\齿镜\calculus-unetpp\data\processed\masks\train\5dc4f98d2de40694.png
a3f38d08d3b50212,train,1,a3f38d08d3b50212194ebecd2459cfe232fe719e94e213159dbbbf60d54f134c,(311),(311),C:\Users\16024\Desktop\齿镜\calculus-unetpp\data\processed\images\train\a3f38d08d3b50212.jpg,C:\Users\16024\Desktop\齿镜\calculus-unetpp\data\processed\masks\train\a3f38d08d3b50212.png
11b472b59d83fda1,train,1,11b472b59d83fda10b60ddf86c8683dc81c01bfc202823e6da20bedd3aeb098d,165,165,C:\Users\16024\Desktop\齿镜\calculus-unetpp\data\processed\images\train\11b472b59d83fda1.jpg,C:\Users\16024\Desktop\齿镜\calculus-unetpp\data\processed\masks\train\11b472b59d83fda1.png
9335fc378271c548,train,1,9335fc378271c5483b80b70534b39da0ecddfb135edec44772b097df6b0a4e7f,caries_0_2364,caries_0_2364,C:\Users\16024\Desktop\齿镜\calculus-unetpp\data\processed\images\train\9335fc378271c548.jpg,C:\Users\16024\Desktop\齿镜\calculus-unetpp\data\processed\masks\train\9335fc378271c548.png
4b26bfdef6029efc,train,1,4b26bfdef6029efc6d723aa36e2bfbf0e29e433f1ec9258a791004202f09c5e0,(871);(924);(953);(980);(997),(871),C:\Users\16024\Desktop\齿镜\calculus-unetpp\data\processed\images\train\4b26bfdef6029efc.jpg,C:\Users\16024\Desktop\齿镜\calculus-unetpp\data\processed\masks\train\4b26bfdef6029efc.png
1bf09ef9707db8c4,train,1,1bf09ef9707db8c4d93a8da0e790d4dd092e8f78bc4a6ceda701089ce8bed2fc,caries_0_8861,caries_0_8861,C:\Users\16024\Desktop\齿镜\calculus-unetpp\data\processed\images\train\1bf09ef9707db8c4.jpg,C:\Users\16024\Desktop\齿镜\calculus-unetpp\data\processed\masks\train\1bf09ef9707db8c4.png
a88efbcab1169d85,train,1,a88efbcab1169d85e97f519e2234c701da1e612167017ca401545eafd74fd7ec,caries_0_6951,caries_0_6951,C:\Users\16024\Desktop\齿镜\calculus-unetpp\data\processed\images\train\a88efbcab1169d85.jpg,C:\Users\16024\Desktop\齿镜\calculus-unetpp\data\processed\masks\train\a88efbcab1169d85.png
a6c05d50b3de88b6,train,1,a6c05d50b3de88b6215ac1629c490f58ec61d66919d71bd268f2af98b72019d2,caries_0_4698,caries_0_4698,C:\Users\16024\Desktop\齿镜\calculus-unetpp\data\processed\images\train\a6c05d50b3de88b6.jpg,C:\Users\16024\Desktop\齿镜\calculus-unetpp\data\processed\masks\train\a6c05d50b3de88b6.png
2a4d39ec9e899093,train,1,2a4d39ec9e899093d4ef7ab653fe8317c0655fd6bd1d82b8c454f3cab343a9ab,caries_0_6167,caries_0_6167,C:\Users\16024\Desktop\齿镜\calculus-unetpp\data\processed\images\train\2a4d39ec9e899093.jpg,C:\Users\16024\Desktop\齿镜\calculus-unetpp\data\processed\masks\train\2a4d39ec9e899093.png
9bfa1b208e0ba946,train,1,9bfa1b208e0ba946bf110562acd6b1b7675af9f818f69ce531917e43ff4e9b56,caries_0_4272,caries_0_4272,C:\Users\16024\Desktop\齿镜\calculus-unetpp\data\processed\images\train\9bfa1b208e0ba946.jpg,C:\Users\16024\Desktop\齿镜\calculus-unetpp\data\processed\masks\train\9bfa1b208e0ba946.png
8e287018a774b01f,train,1,8e287018a774b01ffa9f2c0a16b131f3dae3e2417f1e57d07d01377d4154d231,caries_0_5050,caries_0_5050,C:\Users\16024\Desktop\齿镜\calculus-unetpp\data\processed\images\train\8e287018a774b01f.jpg,C:\Users\16024\Desktop\齿镜\calculus-unetpp\data\processed\masks\train\8e287018a774b01f.png
6d2fc940936cf1e4,train,1,6d2fc940936cf1e4096c441dea3fa4a540bef864753c1c6e70741d63e3945fa4,caries_0_6107,caries_0_6107,C:\Users\16024\Desktop\齿镜\calculus-unetpp\data\processed\images\train\6d2fc940936cf1e4.jpg,C:\Users\16024\Desktop\齿镜\calculus-unetpp\data\processed\masks\train\6d2fc940936cf1e4.png
974e4f50be9a460a,train,1,974e4f50be9a460a51b7445657d8406976d472a4f3b7641427fb6b1c30685bf9,caries_0_2085,caries_0_2085,C:\Users\16024\Desktop\齿镜\calculus-unetpp\data\processed\images\train\974e4f50be9a460a.jpg,C:\Users\16024\Desktop\齿镜\calculus-unetpp\data\processed\masks\train\974e4f50be9a460a.png
007a9a910d1e7f62,train,1,007a9a910d1e7f626ae32c68e1090903e07b90efdd74268217ca12defd0ba13d,caries_0_7902,caries_0_7902,C:\Users\16024\Desktop\齿镜\calculus-unetpp\data\processed\images\train\007a9a910d1e7f62.jpg,C:\Users\16024\Desktop\齿镜\calculus-unetpp\data\processed\masks\train\007a9a910d1e7f62.png
d1059579dd270e04,train,1,d1059579dd270e04cbf4df328dbf9773fbbcbd4cb7404844ae8ed6686bf72410,(1050),(1050),C:\Users\16024\Desktop\齿镜\calculus-unetpp\data\processed\images\train\d1059579dd270e04.jpg,C:\Users\16024\Desktop\齿镜\calculus-unetpp\data\processed\masks\train\d1059579dd270e04.png
3176d0295c4aef17,train,1,3176d0295c4aef17036df60910adb3d7b5130d4e248d3460a96564de4a5b0059,caries_0_4354,caries_0_4354,C:\Users\16024\Desktop\齿镜\calculus-unetpp\data\processed\images\train\3176d0295c4aef17.jpg,C:\Users\16024\Desktop\齿镜\calculus-unetpp\data\processed\masks\train\3176d0295c4aef17.png
8c334315a76919e1,train,1,8c334315a76919e1292fc074edaf250d8a336b49e67c0a48f10527e1353f4a0e,caries_0_1219,caries_0_1219,C:\Users\16024\Desktop\齿镜\calculus-unetpp\data\processed\images\train\8c334315a76919e1.jpg,C:\Users\16024\Desktop\齿镜\calculus-unetpp\data\processed\masks\train\8c334315a76919e1.png
d7e387ead3cb4d8b,train,1,d7e387ead3cb4d8b8b288e741a924677174dec1ba3c524c7bc428f4d76eae677,caries_0_1483,caries_0_1483,C:\Users\16024\Desktop\齿镜\calculus-unetpp\data\processed\images\train\d7e387ead3cb4d8b.jpg,C:\Users\16024\Desktop\齿镜\calculus-unetpp\data\processed\masks\train\d7e387ead3cb4d8b.png
ff7ccdd00b51070f,train,1,ff7ccdd00b51070f0889b3fc0bab0363f4d0e230433eec2bc27c67a90f1a132e,caries_0_8591,caries_0_8591,C:\Users\16024\Desktop\齿镜\calculus-unetpp\data\processed\images\train\ff7ccdd00b51070f.jpg,C:\Users\16024\Desktop\齿镜\calculus-unetpp\data\processed\masks\train\ff7ccdd00b51070f.png
e64a5708fa3ae33b,train,1,e64a5708fa3ae33bb942fba6eff5ff32ba54d4c2a6e1b9adcc23d9a826b7dabc,caries_0_6191,caries_0_6191,C:\Users\16024\Desktop\齿镜\calculus-unetpp\data\processed\images\train\e64a5708fa3ae33b.jpg,C:\Users\16024\Desktop\齿镜\calculus-unetpp\data\processed\masks\train\e64a5708fa3ae33b.png
c9d78eb436d71529,train,1,c9d78eb436d71529d4f81fc0bdbdec76a7b068035cb2395c2046632019ac81f8,(1082),(1082),C:\Users\16024\Desktop\齿镜\calculus-unetpp\data\processed\images\train\c9d78eb436d71529.jpg,C:\Users\16024\Desktop\齿镜\calculus-unetpp\data\processed\masks\train\c9d78eb436d71529.png
24a0429c122f6fd9,train,1,24a0429c122f6fd920ef61e44c200bce459af49ce49579c27c77097d8353b03d,(745),(745),C:\Users\16024\Desktop\齿镜\calculus-unetpp\data\processed\images\train\24a0429c122f6fd9.jpg,C:\Users\16024\Desktop\齿镜\calculus-unetpp\data\processed\masks\train\24a0429c122f6fd9.png
02783ec95f47e99e,train,1,02783ec95f47e99e02a0bc8f92ec1b5c37bc305a526c13823d2bb7c4a8d0d8fc,(118);(137);(58);(59);(92),(118),C:\Users\16024\Desktop\齿镜\calculus-unetpp\data\processed\images\train\02783ec95f47e99e.jpg,C:\Users\16024\Desktop\齿镜\calculus-unetpp\data\processed\masks\train\02783ec95f47e99e.png
4acd300e1abf7069,train,1,4acd300e1abf706964a4a372389f91b177c1ce3a9a2c0e6def16019a125e705f,(618),(618),C:\Users\16024\Desktop\齿镜\calculus-unetpp\data\processed\images\train\4acd300e1abf7069.jpg,C:\Users\16024\Desktop\齿镜\calculus-unetpp\data\processed\masks\train\4acd300e1abf7069.png
94cfd3acb52430f3,train,1,94cfd3acb52430f3cdfb173a08036ffe1b6bed8561babbac9be46e1c21985eec,caries_0_5850,caries_0_5850,C:\Users\16024\Desktop\齿镜\calculus-unetpp\data\processed\images\train\94cfd3acb52430f3.jpg,C:\Users\16024\Desktop\齿镜\calculus-unetpp\data\processed\masks\train\94cfd3acb52430f3.png
75ab8a09605d713c,train,1,75ab8a09605d713ced56e722445a047dca5e33e145c08f8404482def043091cb,(1210);(1211);(1270);(1289),(1210),C:\Users\16024\Desktop\齿镜\calculus-unetpp\data\processed\images\train\75ab8a09605d713c.jpg,C:\Users\16024\Desktop\齿镜\calculus-unetpp\data\processed\masks\train\75ab8a09605d713c.png
79aac2d5db9992b1,train,1,79aac2d5db9992b1cb16adb0cb58ef07dfe1c27075bff70d0dc135bafb476f57,caries_0_2097,caries_0_2097,C:\Users\16024\Desktop\齿镜\calculus-unetpp\data\processed\images\train\79aac2d5db9992b1.jpg,C:\Users\16024\Desktop\齿镜\calculus-unetpp\data\processed\masks\train\79aac2d5db9992b1.png
155c93f225755f80,train,1,155c93f225755f8006c8fd3956df0781b00cd4c4833100cb5553a1f2276ee450,(23),(23),C:\Users\16024\Desktop\齿镜\calculus-unetpp\data\processed\images\train\155c93f225755f80.jpg,C:\Users\16024\Desktop\齿镜\calculus-unetpp\data\processed\masks\train\155c93f225755f80.png
e6afe6a0d235aec6,train,1,e6afe6a0d235aec6fd02c873c7227be6f8be48cd09f9782ef373455015305d4c,caries_0_2497,caries_0_2497,C:\Users\16024\Desktop\齿镜\calculus-unetpp\data\processed\images\train\e6afe6a0d235aec6.jpg,C:\Users\16024\Desktop\齿镜\calculus-unetpp\data\processed\masks\train\e6afe6a0d235aec6.png
e72a5645a12e5dee,train,1,e72a5645a12e5deeed46b2d28a1e704d5ed8c93e532cfd6eef91e3e0456bb51f,(75);(9),(75),C:\Users\16024\Desktop\齿镜\calculus-unetpp\data\processed\images\train\e72a5645a12e5dee.jpg,C:\Users\16024\Desktop\齿镜\calculus-unetpp\data\processed\masks\train\e72a5645a12e5dee.png
30f31866d7223058,train,1,30f31866d7223058f7f417b83d27a1cf7a916d680a548eabea7a61066aa01fb0,caries_0_8260,caries_0_8260,C:\Users\16024\Desktop\齿镜\calculus-unetpp\data\processed\images\train\30f31866d7223058.jpg,C:\Users\16024\Desktop\齿镜\calculus-unetpp\data\processed\masks\train\30f31866d7223058.png
22735e30faf718d1,train,1,22735e30faf718d14af35f65c7ef30e4b7198d6c26ba30917263029acc827431,caries_0_3618,caries_0_3618,C:\Users\16024\Desktop\齿镜\calculus-unetpp\data\processed\images\train\22735e30faf718d1.jpg,C:\Users\16024\Desktop\齿镜\calculus-unetpp\data\processed\masks\train\22735e30faf718d1.png
0e4ef6f5cdea8c89,train,1,0e4ef6f5cdea8c8924f278adba34bcee32cc7443f72c3e93120ea45890b494f8,(765),(765),C:\Users\16024\Desktop\齿镜\calculus-unetpp\data\processed\images\train\0e4ef6f5cdea8c89.jpg,C:\Users\16024\Desktop\齿镜\calculus-unetpp\data\processed\masks\train\0e4ef6f5cdea8c89.png
18c0bac15c47ca25,train,0,18c0bac15c47ca25bd8f71a60ad79264a2a28cfd731c4586c477e7418903a94e,caries_0_3528,caries_0_3528,C:\Users\16024\Desktop\齿镜\calculus-unetpp\data\processed\images\train\18c0bac15c47ca25.jpg,C:\Users\16024\Desktop\齿镜\calculus-unetpp\data\processed\masks\train\18c0bac15c47ca25.png
994e32f3436e8303,train,0,994e32f3436e830394d64458198077cf1125401148f0c97c5d1cbcf68f1fd3f5,caries_0_327,caries_0_327,C:\Users\16024\Desktop\齿镜\calculus-unetpp\data\processed\images\train\994e32f3436e8303.jpg,C:\Users\16024\Desktop\齿镜\calculus-unetpp\data\processed\masks\train\994e32f3436e8303.png
233fa193e1646ba3,train,0,233fa193e1646ba346fea7d9a8a38186e11286c78af96397e4c52a5d2551a225,caries_0_5413,caries_0_5413,C:\Users\16024\Desktop\齿镜\calculus-unetpp\data\processed\images\train\233fa193e1646ba3.jpg,C:\Users\16024\Desktop\齿镜\calculus-unetpp\data\processed\masks\train\233fa193e1646ba3.png
f81cbf35201aef6b,train,0,f81cbf35201aef6b00e5f94f356e71dbb0bb92f527bbff75e84b9b8cd68b59a2,caries_0_5959,caries_0_5959,C:\Users\16024\Desktop\齿镜\calculus-unetpp\data\processed\images\train\f81cbf35201aef6b.jpg,C:\Users\16024\Desktop\齿镜\calculus-unetpp\data\processed\masks\train\f81cbf35201aef6b.png
e2fdf4dc200ea82c,train,0,e2fdf4dc200ea82cd6129efb361476957ffe3d832196831c0687dc618b5767d2,gingivitis_(2018),gingivitis_(2018),C:\Users\16024\Desktop\齿镜\calculus-unetpp\data\processed\images\train\e2fdf4dc200ea82c.jpg,C:\Users\16024\Desktop\齿镜\calculus-unetpp\data\processed\masks\train\e2fdf4dc200ea82c.png
e25f01bfd9adc394,train,0,e25f01bfd9adc394b45b71dba798f078761d70f4ff77d4cf7f6472c642f5aff4,caries_0_5762,caries_0_5762,C:\Users\16024\Desktop\齿镜\calculus-unetpp\data\processed\images\train\e25f01bfd9adc394.jpg,C:\Users\16024\Desktop\齿镜\calculus-unetpp\data\processed\masks\train\e25f01bfd9adc394.png
891d7b1a250638de,train,0,891d7b1a250638de39b4e6b0e95314ad125860eea76124b7c70ee2fa2b5b3e54,caries_0_4486,caries_0_4486,C:\Users\16024\Desktop\齿镜\calculus-unetpp\data\processed\images\train\891d7b1a250638de.jpg,C:\Users\16024\Desktop\齿镜\calculus-unetpp\data\processed\masks\train\891d7b1a250638de.png
d16c6e919f7370ac,train,0,d16c6e919f7370acdb9f8ce641df40300ede09cb8bc5ca035154e5107c7a2702,caries_0_5263,caries_0_5263,C:\Users\16024\Desktop\齿镜\calculus-unetpp\data\processed\images\train\d16c6e919f7370ac.jpg,C:\Users\16024\Desktop\齿镜\calculus-unetpp\data\processed\masks\train\d16c6e919f7370ac.png
a185dec7b40467d0,train,0,a185dec7b40467d0a574e49cdd1e81835eb586ab464b1ca0403ed0e947f664d0,caries_0_416,caries_0_416,C:\Users\16024\Desktop\齿镜\calculus-unetpp\data\processed\images\train\a185dec7b40467d0.jpg,C:\Users\16024\Desktop\齿镜\calculus-unetpp\data\processed\masks\train\a185dec7b40467d0.png
04fcabde913f23eb,train,0,04fcabde913f23eb6297d0d8abdcd1c6d4dbc64ecbf4ea3ea9d0e5d0d1d8c344,caries_0_31,caries_0_31,C:\Users\16024\Desktop\齿镜\calculus-unetpp\data\processed\images\train\04fcabde913f23eb.jpg,C:\Users\16024\Desktop\齿镜\calculus-unetpp\data\processed\masks\train\04fcabde913f23eb.png
70e8f100b32ace53,train,0,70e8f100b32ace53d69f71a29b3f1e10173b02060e4f50f03c730f070764b182,caries_0_2626,caries_0_2626,C:\Users\16024\Desktop\齿镜\calculus-unetpp\data\processed\images\train\70e8f100b32ace53.jpg,C:\Users\16024\Desktop\齿镜\calculus-unetpp\data\processed\masks\train\70e8f100b32ace53.png
51fd62150632104f,train,0,51fd62150632104f876caa631deb969284811610770cb5ad9769b3330f53a822,caries_0_1391,caries_0_1391,C:\Users\16024\Desktop\齿镜\calculus-unetpp\data\processed\images\train\51fd62150632104f.jpg,C:\Users\16024\Desktop\齿镜\calculus-unetpp\data\processed\masks\train\51fd62150632104f.png
fa3308c9c767f1b2,train,0,fa3308c9c767f1b24e8bfae4df7659e3fdca57d6264f38c728ecae19eb624b7c,caries_0_3216,caries_0_3216,C:\Users\16024\Desktop\齿镜\calculus-unetpp\data\processed\images\train\fa3308c9c767f1b2.jpg,C:\Users\16024\Desktop\齿镜\calculus-unetpp\data\processed\masks\train\fa3308c9c767f1b2.png
40ee813a089010e0,train,0,40ee813a089010e01d95a8e1aecee40690c3ff47008cf16dfc2cf88b15e83129,gingivitis_(173),gingivitis_(173),C:\Users\16024\Desktop\齿镜\calculus-unetpp\data\processed\images\train\40ee813a089010e0.jpg,C:\Users\16024\Desktop\齿镜\calculus-unetpp\data\processed\masks\train\40ee813a089010e0.png
494ee443c098697b,train,0,494ee443c098697bb57b3f361cfc8cbb1879dfb57406f033a34518a94df4a2a3,caries_0_230,caries_0_230,C:\Users\16024\Desktop\齿镜\calculus-unetpp\data\processed\images\train\494ee443c098697b.jpg,C:\Users\16024\Desktop\齿镜\calculus-unetpp\data\processed\masks\train\494ee443c098697b.png
b66487732ffc9f99,train,0,b66487732ffc9f99ae73bde2a23e5f8b1e82cc7c97b1eb77b4edcb779a85711c,caries_0_115,caries_0_115,C:\Users\16024\Desktop\齿镜\calculus-unetpp\data\processed\images\train\b66487732ffc9f99.jpg,C:\Users\16024\Desktop\齿镜\calculus-unetpp\data\processed\masks\train\b66487732ffc9f99.png
4e5bb5784065a375,train,0,4e5bb5784065a37557fddd4397f3e0db9c1004696c10a6ade7585123c026041f,caries_0_5191,caries_0_5191,C:\Users\16024\Desktop\齿镜\calculus-unetpp\data\processed\images\train\4e5bb5784065a375.jpg,C:\Users\16024\Desktop\齿镜\calculus-unetpp\data\processed\masks\train\4e5bb5784065a375.png
ea9f1509cd4728a2,train,0,ea9f1509cd4728a268cb0d522452e88817b030e20cd9d1922725acddaa71df80,gingivitis_(2082),gingivitis_(2082),C:\Users\16024\Desktop\齿镜\calculus-unetpp\data\processed\images\train\ea9f1509cd4728a2.jpg,C:\Users\16024\Desktop\齿镜\calculus-unetpp\data\processed\masks\train\ea9f1509cd4728a2.png
65cf9458dfe640d3,train,0,65cf9458dfe640d3c0b02173e8f22116ab368ac36e385b1f719931c19bb4ed72,gingivitis_(330),gingivitis_(330),C:\Users\16024\Desktop\齿镜\calculus-unetpp\data\processed\images\train\65cf9458dfe640d3.jpg,C:\Users\16024\Desktop\齿镜\calculus-unetpp\data\processed\masks\train\65cf9458dfe640d3.png
c2538ebeca9c1985,train,0,c2538ebeca9c1985953ec8ee924d5fe8f9a9eb465093963859a7b2b4e201f4b3,caries_0_6763,caries_0_6763,C:\Users\16024\Desktop\齿镜\calculus-unetpp\data\processed\images\train\c2538ebeca9c1985.jpg,C:\Users\16024\Desktop\齿镜\calculus-unetpp\data\processed\masks\train\c2538ebeca9c1985.png
47d3ea77d4a08739,train,0,47d3ea77d4a08739ff3343ef03abb143fff7667eb744efcc6ec3f874eef36c6e,gingivitis_(1818),gingivitis_(1818),C:\Users\16024\Desktop\齿镜\calculus-unetpp\data\processed\images\train\47d3ea77d4a08739.jpg,C:\Users\16024\Desktop\齿镜\calculus-unetpp\data\processed\masks\train\47d3ea77d4a08739.png
d87fe44d0edba600,train,0,d87fe44d0edba60050d5d459b70cdc982da3e8b1bb4045123c5ce322bcf12c0c,caries_0_2970,caries_0_2970,C:\Users\16024\Desktop\齿镜\calculus-unetpp\data\processed\images\train\d87fe44d0edba600.jpg,C:\Users\16024\Desktop\齿镜\calculus-unetpp\data\processed\masks\train\d87fe44d0edba600.png
d4b2497abc41129c,train,0,d4b2497abc41129ceebf40214af6eca6d199e33414aaafb3d503c89fcd67c28d,caries_0_520,caries_0_520,C:\Users\16024\Desktop\齿镜\calculus-unetpp\data\processed\images\train\d4b2497abc41129c.jpg,C:\Users\16024\Desktop\齿镜\calculus-unetpp\data\processed\masks\train\d4b2497abc41129c.png
d7e183ca46d5e4b0,train,0,d7e183ca46d5e4b046765c227576a0892eeb52a1545f3f727ac4398a0efcdf53,caries_0_5378,caries_0_5378,C:\Users\16024\Desktop\齿镜\calculus-unetpp\data\processed\images\train\d7e183ca46d5e4b0.jpg,C:\Users\16024\Desktop\齿镜\calculus-unetpp\data\processed\masks\train\d7e183ca46d5e4b0.png
334e892cd984afee,train,0,334e892cd984afee6e6b09f09710b319279b22b7156173eb5da96ca8051a36f4,gingivitis_(1740),gingivitis_(1740),C:\Users\16024\Desktop\齿镜\calculus-unetpp\data\processed\images\train\334e892cd984afee.jpg,C:\Users\16024\Desktop\齿镜\calculus-unetpp\data\processed\masks\train\334e892cd984afee.png
36483e9ddee884be,train,0,36483e9ddee884beb58c47cad29395b3d35d1179ba513ebad54853cc6dab6bb9,caries_0_2323,caries_0_2323,C:\Users\16024\Desktop\齿镜\calculus-unetpp\data\processed\images\train\36483e9ddee884be.jpg,C:\Users\16024\Desktop\齿镜\calculus-unetpp\data\processed\masks\train\36483e9ddee884be.png
572c4430ab9aaec8,train,0,572c4430ab9aaec80b777101a159c91e8a47477e80edc61f6e2593f37c64a29c,caries_0_4992,caries_0_4992,C:\Users\16024\Desktop\齿镜\calculus-unetpp\data\processed\images\train\572c4430ab9aaec8.jpg,C:\Users\16024\Desktop\齿镜\calculus-unetpp\data\processed\masks\train\572c4430ab9aaec8.png
34a7c33d3f8191c1,train,0,34a7c33d3f8191c1f132824f7bf3eab30aa6136132449bc29bee8760f13b0468,caries_0_259,caries_0_259,C:\Users\16024\Desktop\齿镜\calculus-unetpp\data\processed\images\train\34a7c33d3f8191c1.jpg,C:\Users\16024\Desktop\齿镜\calculus-unetpp\data\processed\masks\train\34a7c33d3f8191c1.png
95501cd7f1342d2e,train,0,95501cd7f1342d2eaea58ec8b0227df55d0493f3a75029a01080c50ffd0726e7,caries_0_1767,caries_0_1767,C:\Users\16024\Desktop\齿镜\calculus-unetpp\data\processed\images\train\95501cd7f1342d2e.jpg,C:\Users\16024\Desktop\齿镜\calculus-unetpp\data\processed\masks\train\95501cd7f1342d2e.png
959b788e6d47966b,train,0,959b788e6d47966b15520aa8ef59e2b927b2c70e400b8467879ca01ff6d110a2,caries_0_7415,caries_0_7415,C:\Users\16024\Desktop\齿镜\calculus-unetpp\data\processed\images\train\959b788e6d47966b.jpg,C:\Users\16024\Desktop\齿镜\calculus-unetpp\data\processed\masks\train\959b788e6d47966b.png
f96e6e33d64a7b37,train,0,f96e6e33d64a7b3723c3aa1095da4bbbf9cfa72d2fd7bf3489b3c053cba966d9,caries_0_4451,caries_0_4451,C:\Users\16024\Desktop\齿镜\calculus-unetpp\data\processed\images\train\f96e6e33d64a7b37.jpg,C:\Users\16024\Desktop\齿镜\calculus-unetpp\data\processed\masks\train\f96e6e33d64a7b37.png
83dc6a5ca8fbdbfd,train,0,83dc6a5ca8fbdbfdb14a4d436ff0ab6606d579b0b1e9774c16d9c2565fe77713,caries_0_8515,caries_0_8515,C:\Users\16024\Desktop\齿镜\calculus-unetpp\data\processed\images\train\83dc6a5ca8fbdbfd.jpg,C:\Users\16024\Desktop\齿镜\calculus-unetpp\data\processed\masks\train\83dc6a5ca8fbdbfd.png
efe51e1084c7eee0,train,0,efe51e1084c7eee0c3ba0ea58b1534beae3fba0d18c31b6a01aa910bf008ed63,caries_0_6036,caries_0_6036,C:\Users\16024\Desktop\齿镜\calculus-unetpp\data\processed\images\train\efe51e1084c7eee0.jpg,C:\Users\16024\Desktop\齿镜\calculus-unetpp\data\processed\masks\train\efe51e1084c7eee0.png
ef2c65ef781015be,train,0,ef2c65ef781015beca42df64c5b10fa4b127128072812083b210e70007a59565,caries_0_4310,caries_0_4310,C:\Users\16024\Desktop\齿镜\calculus-unetpp\data\processed\images\train\ef2c65ef781015be.jpg,C:\Users\16024\Desktop\齿镜\calculus-unetpp\data\processed\masks\train\ef2c65ef781015be.png
25d3a32fb091783e,train,0,25d3a32fb091783e4d54cf9287dbded9d4bbdd4f2499b08cd69f48ec3bf59918,caries_0_2631,caries_0_2631,C:\Users\16024\Desktop\齿镜\calculus-unetpp\data\processed\images\train\25d3a32fb091783e.jpg,C:\Users\16024\Desktop\齿镜\calculus-unetpp\data\processed\masks\train\25d3a32fb091783e.png
458d912ff9f04231,train,0,458d912ff9f04231e1dbfa4b29b47f28bf42b64115a225130048a77f5db2a277,caries_0_9369,caries_0_9369,C:\Users\16024\Desktop\齿镜\calculus-unetpp\data\processed\images\train\458d912ff9f04231.jpg,C:\Users\16024\Desktop\齿镜\calculus-unetpp\data\processed\masks\train\458d912ff9f04231.png
ee926979acf2d2c7,train,0,ee926979acf2d2c76f3e6fd1c6b2bf496f344ac049eba05ed88b3386a9331e75,caries_0_686,caries_0_686,C:\Users\16024\Desktop\齿镜\calculus-unetpp\data\processed\images\train\ee926979acf2d2c7.jpg,C:\Users\16024\Desktop\齿镜\calculus-unetpp\data\processed\masks\train\ee926979acf2d2c7.png
e99423a3ebf38d63,train,0,e99423a3ebf38d6378a2e09e35d5e6a1650e21e8d355fc0b4e7829aec901be5c,8,8,C:\Users\16024\Desktop\齿镜\calculus-unetpp\data\processed\images\train\e99423a3ebf38d63.jpg,C:\Users\16024\Desktop\齿镜\calculus-unetpp\data\processed\masks\train\e99423a3ebf38d63.png
b83077ef80eaba2a,train,0,b83077ef80eaba2a34cd60093932a353aa686354e53fb674cb30abcfda0d1968,36,36,C:\Users\16024\Desktop\齿镜\calculus-unetpp\data\processed\images\train\b83077ef80eaba2a.jpg,C:\Users\16024\Desktop\齿镜\calculus-unetpp\data\processed\masks\train\b83077ef80eaba2a.png
9a25192edc68410a,train,0,9a25192edc68410ac2a478b5b14603aa3fd2271ed0d8b3eaf9e7a83e0fbbd72d,gingivitis_(2289),gingivitis_(2289),C:\Users\16024\Desktop\齿镜\calculus-unetpp\data\processed\images\train\9a25192edc68410a.jpg,C:\Users\16024\Desktop\齿镜\calculus-unetpp\data\processed\masks\train\9a25192edc68410a.png
72c731ec78643bf3,train,0,72c731ec78643bf36e7670bd9e6d991b572f9bd61cc4faf1dd44e01fe1ba9fec,caries_0_3426,caries_0_3426,C:\Users\16024\Desktop\齿镜\calculus-unetpp\data\processed\images\train\72c731ec78643bf3.jpg,C:\Users\16024\Desktop\齿镜\calculus-unetpp\data\processed\masks\train\72c731ec78643bf3.png
da3adf676ce80e24,train,0,da3adf676ce80e24dfd009cff82bdcd3443e5bc574f19d99f097f5b1c5d2efba,caries_0_159,caries_0_159,C:\Users\16024\Desktop\齿镜\calculus-unetpp\data\processed\images\train\da3adf676ce80e24.jpg,C:\Users\16024\Desktop\齿镜\calculus-unetpp\data\processed\masks\train\da3adf676ce80e24.png
b95dc4332214c385,train,0,b95dc4332214c385ab85736c14205d7a2b0633ef239388407b2547b1228c8975,gingivitis_(1173),gingivitis_(1173),C:\Users\16024\Desktop\齿镜\calculus-unetpp\data\processed\images\train\b95dc4332214c385.jpg,C:\Users\16024\Desktop\齿镜\calculus-unetpp\data\processed\masks\train\b95dc4332214c385.png
a2c5ddc3258e3e00,train,0,a2c5ddc3258e3e0061b8e96ed217f6b8c909a524e745611841f6a7cacc60c76a,caries_0_4674,caries_0_4674,C:\Users\16024\Desktop\齿镜\calculus-unetpp\data\processed\images\train\a2c5ddc3258e3e00.jpg,C:\Users\16024\Desktop\齿镜\calculus-unetpp\data\processed\masks\train\a2c5ddc3258e3e00.png
6a7bf006b667ba9c,train,0,6a7bf006b667ba9c6cfc4dfcf127eae5baf94ebec8a81238de8b6ef5c0948ecd,gingivitis_(1078),gingivitis_(1078),C:\Users\16024\Desktop\齿镜\calculus-unetpp\data\processed\images\train\6a7bf006b667ba9c.jpg,C:\Users\16024\Desktop\齿镜\calculus-unetpp\data\processed\masks\train\6a7bf006b667ba9c.png
cebc9eafab0a1345,train,0,cebc9eafab0a134532269e59264c063a35b07493f5ca848a1374b477ea065163,caries_0_8341,caries_0_8341,C:\Users\16024\Desktop\齿镜\calculus-unetpp\data\processed\images\train\cebc9eafab0a1345.jpg,C:\Users\16024\Desktop\齿镜\calculus-unetpp\data\processed\masks\train\cebc9eafab0a1345.png
21e70c3820286961,train,0,21e70c382028696121ee6c0499a5d4f80404d73e6578ed000aabd7d14a03cc70,caries_0_7595,caries_0_7595,C:\Users\16024\Desktop\齿镜\calculus-unetpp\data\processed\images\train\21e70c3820286961.jpg,C:\Users\16024\Desktop\齿镜\calculus-unetpp\data\processed\masks\train\21e70c3820286961.png
60799dc81a61d602,train,0,60799dc81a61d60219ee4c166571be2b8e361bfd2bb5d938998ca2ec563314c0,caries_0_9976,caries_0_9976,C:\Users\16024\Desktop\齿镜\calculus-unetpp\data\processed\images\train\60799dc81a61d602.jpg,C:\Users\16024\Desktop\齿镜\calculus-unetpp\data\processed\masks\train\60799dc81a61d602.png
151a04dcbf1f56b8,train,0,151a04dcbf1f56b81d0bcdd05576e482629e54614d8203bb4fe5a54abe771afe,gingivitis_(39),gingivitis_(39),C:\Users\16024\Desktop\齿镜\calculus-unetpp\data\processed\images\train\151a04dcbf1f56b8.jpg,C:\Users\16024\Desktop\齿镜\calculus-unetpp\data\processed\masks\train\151a04dcbf1f56b8.png
3961a218e119f3ac,train,0,3961a218e119f3ac02f7943d58151bba7e908ee6a9ca8715cb0f3190023b4def,caries_0_1399,caries_0_1399,C:\Users\16024\Desktop\齿镜\calculus-unetpp\data\processed\images\train\3961a218e119f3ac.jpg,C:\Users\16024\Desktop\齿镜\calculus-unetpp\data\processed\masks\train\3961a218e119f3ac.png
a8f1d59fd37d74f3,train,0,a8f1d59fd37d74f322dc88a0d0d77e4b3eafaf518d561829e0d4181efadf29db,gingivitis_(1320),gingivitis_(1320),C:\Users\16024\Desktop\齿镜\calculus-unetpp\data\processed\images\train\a8f1d59fd37d74f3.jpg,C:\Users\16024\Desktop\齿镜\calculus-unetpp\data\processed\masks\train\a8f1d59fd37d74f3.png
eb311a1d969562dd,train,0,eb311a1d969562dd6b2ab1f0ff76ea84492d3d466f2749d49c00daeaea98e78d,gingivitis_(1898);gingivitis_(2055),gingivitis_(1898),C:\Users\16024\Desktop\齿镜\calculus-unetpp\data\processed\images\train\eb311a1d969562dd.jpg,C:\Users\16024\Desktop\齿镜\calculus-unetpp\data\processed\masks\train\eb311a1d969562dd.png
d565106b1bff46c2,train,0,d565106b1bff46c28a9ccc08de0d1c033d6ddb29b291792573136a545e607032,caries_0_583,caries_0_583,C:\Users\16024\Desktop\齿镜\calculus-unetpp\data\processed\images\train\d565106b1bff46c2.jpg,C:\Users\16024\Desktop\齿镜\calculus-unetpp\data\processed\masks\train\d565106b1bff46c2.png
f513e755c08dbf25,train,0,f513e755c08dbf250f3195722e13f1d24d799d60947c205b3f5cef7781d196d5,gingivitis_(2076),gingivitis_(2076),C:\Users\16024\Desktop\齿镜\calculus-unetpp\data\processed\images\train\f513e755c08dbf25.jpg,C:\Users\16024\Desktop\齿镜\calculus-unetpp\data\processed\masks\train\f513e755c08dbf25.png
085a6e5db0175948,train,0,085a6e5db0175948bb3628d990b54622a81e8b0407449171a618a8cc699e1824,caries_0_3701,caries_0_3701,C:\Users\16024\Desktop\齿镜\calculus-unetpp\data\processed\images\train\085a6e5db0175948.jpg,C:\Users\16024\Desktop\齿镜\calculus-unetpp\data\processed\masks\train\085a6e5db0175948.png
0a007b6682408ad4,train,0,0a007b6682408ad4e6ce9ee1eeb38b0063136b86d6eb66b65087b0baff8f9a2c,gingivitis_(2148),gingivitis_(2148),C:\Users\16024\Desktop\齿镜\calculus-unetpp\data\processed\images\train\0a007b6682408ad4.jpg,C:\Users\16024\Desktop\齿镜\calculus-unetpp\data\processed\masks\train\0a007b6682408ad4.png
c87d4444fe0e0873,train,0,c87d4444fe0e08738a5c97f07a410f497cc2d585c899a5431cc8922484266b61,gingivitis_(449),gingivitis_(449),C:\Users\16024\Desktop\齿镜\calculus-unetpp\data\processed\images\train\c87d4444fe0e0873.jpg,C:\Users\16024\Desktop\齿镜\calculus-unetpp\data\processed\masks\train\c87d4444fe0e0873.png
d0b7d18519cea4ed,train,0,d0b7d18519cea4edc90a0e2012ce575c2a8c25c7860090f9249661926e081ca9,caries_0_1364,caries_0_1364,C:\Users\16024\Desktop\齿镜\calculus-unetpp\data\processed\images\train\d0b7d18519cea4ed.jpg,C:\Users\16024\Desktop\齿镜\calculus-unetpp\data\processed\masks\train\d0b7d18519cea4ed.png
927264dd9cfdec11,train,0,927264dd9cfdec1185118d3a27239aec06c8ae1759b12ea5a355ba8afe21aaf1,gingivitis_(649);gingivitis_(691),gingivitis_(649),C:\Users\16024\Desktop\齿镜\calculus-unetpp\data\processed\images\train\927264dd9cfdec11.jpg,C:\Users\16024\Desktop\齿镜\calculus-unetpp\data\processed\masks\train\927264dd9cfdec11.png
e351cac79d46a98c,train,0,e351cac79d46a98c397374a46ff2fb5de841be604a89cd59ab41be38066cbb1b,gingivitis_(670);gingivitis_(748),gingivitis_(670),C:\Users\16024\Desktop\齿镜\calculus-unetpp\data\processed\images\train\e351cac79d46a98c.jpg,C:\Users\16024\Desktop\齿镜\calculus-unetpp\data\processed\masks\train\e351cac79d46a98c.png
25c10a23c206aa88,train,0,25c10a23c206aa884833a43d2f26f17f2a12760826529b14d5d23c6e696404b7,gingivitis_(132);gingivitis_(174),gingivitis_(132),C:\Users\16024\Desktop\齿镜\calculus-unetpp\data\processed\images\train\25c10a23c206aa88.jpg,C:\Users\16024\Desktop\齿镜\calculus-unetpp\data\processed\masks\train\25c10a23c206aa88.png
c7eb28d4575a7d85,train,0,c7eb28d4575a7d85f17b2def0d0942a063525668d3ec4d104695b1afa50c5131,caries_0_9879,caries_0_9879,C:\Users\16024\Desktop\齿镜\calculus-unetpp\data\processed\images\train\c7eb28d4575a7d85.jpg,C:\Users\16024\Desktop\齿镜\calculus-unetpp\data\processed\masks\train\c7eb28d4575a7d85.png
04578295eb956cfe,train,0,04578295eb956cfef69c0b4df88739455e55128ceb801965db5b4e069e1cf717,caries_0_2670,caries_0_2670,C:\Users\16024\Desktop\齿镜\calculus-unetpp\data\processed\images\train\04578295eb956cfe.jpg,C:\Users\16024\Desktop\齿镜\calculus-unetpp\data\processed\masks\train\04578295eb956cfe.png
e2d4df165592ea35,train,0,e2d4df165592ea35c5b4489c75062a14956a6204d1720fc55ecdda471ee14ad3,caries_0_4248,caries_0_4248,C:\Users\16024\Desktop\齿镜\calculus-unetpp\data\processed\images\train\e2d4df165592ea35.jpg,C:\Users\16024\Desktop\齿镜\calculus-unetpp\data\processed\masks\train\e2d4df165592ea35.png
d94c9489be2b1fda,train,0,d94c9489be2b1fda95d521981825f198d83a14fe60483d03ef90475a351d06ac,caries_0_5234,caries_0_5234,C:\Users\16024\Desktop\齿镜\calculus-unetpp\data\processed\images\train\d94c9489be2b1fda.jpg,C:\Users\16024\Desktop\齿镜\calculus-unetpp\data\processed\masks\train\d94c9489be2b1fda.png
a16532c4b8743162,train,0,a16532c4b8743162435012f3c562aeb2fc695de9efd0f8d658b168357d840371,caries_0_9432,caries_0_9432,C:\Users\16024\Desktop\齿镜\calculus-unetpp\data\processed\images\train\a16532c4b8743162.jpg,C:\Users\16024\Desktop\齿镜\calculus-unetpp\data\processed\masks\train\a16532c4b8743162.png
5f2dbec72184f25a,train,0,5f2dbec72184f25a461fdf572d9a4c6c1e09c0796ca8b5b1cf7f1503e2836b68,caries_0_8131,caries_0_8131,C:\Users\16024\Desktop\齿镜\calculus-unetpp\data\processed\images\train\5f2dbec72184f25a.jpg,C:\Users\16024\Desktop\齿镜\calculus-unetpp\data\processed\masks\train\5f2dbec72184f25a.png
adb59655bd92e970,train,0,adb59655bd92e970feeb4f95d2260cad2fdda349ebba5323a4488a60a2d4b83d,caries_0_7411,caries_0_7411,C:\Users\16024\Desktop\齿镜\calculus-unetpp\data\processed\images\train\adb59655bd92e970.jpg,C:\Users\16024\Desktop\齿镜\calculus-unetpp\data\processed\masks\train\adb59655bd92e970.png
205f9a8e5db502f6,train,0,205f9a8e5db502f6d1c4353c02376aa0edcdfe0108dd4e4eddaae24ac2c7da74,caries_0_3253,caries_0_3253,C:\Users\16024\Desktop\齿镜\calculus-unetpp\data\processed\images\train\205f9a8e5db502f6.jpg,C:\Users\16024\Desktop\齿镜\calculus-unetpp\data\processed\masks\train\205f9a8e5db502f6.png
130e37b4a1511c09,train,0,130e37b4a1511c0928372a82f055eac824af72c9a765713ebf04dc4a021511c5,caries_0_2763,caries_0_2763,C:\Users\16024\Desktop\齿镜\calculus-unetpp\data\processed\images\train\130e37b4a1511c09.jpg,C:\Users\16024\Desktop\齿镜\calculus-unetpp\data\processed\masks\train\130e37b4a1511c09.png
c20f6eddc14621b4,train,0,c20f6eddc14621b4e80bb68406e81838c2bf6c311431aebe7fdb86029817328d,caries_0_9969,caries_0_9969,C:\Users\16024\Desktop\齿镜\calculus-unetpp\data\processed\images\train\c20f6eddc14621b4.jpg,C:\Users\16024\Desktop\齿镜\calculus-unetpp\data\processed\masks\train\c20f6eddc14621b4.png
efccdb0dfcbf7694,train,0,efccdb0dfcbf769458907351bb09d9d567eaf32551e6a3e1dc25f2a9d40ea011,gingivitis_(123),gingivitis_(123),C:\Users\16024\Desktop\齿镜\calculus-unetpp\data\processed\images\train\efccdb0dfcbf7694.jpg,C:\Users\16024\Desktop\齿镜\calculus-unetpp\data\processed\masks\train\efccdb0dfcbf7694.png
1a850d845b714ee8,train,0,1a850d845b714ee8e4d0ff85645020d856e83089b6d43a2b845a3e85ae71e2ad,caries_0_4030,caries_0_4030,C:\Users\16024\Desktop\齿镜\calculus-unetpp\data\processed\images\train\1a850d845b714ee8.jpg,C:\Users\16024\Desktop\齿镜\calculus-unetpp\data\processed\masks\train\1a850d845b714ee8.png
638ae9ea80912580,train,0,638ae9ea8091258090db431805eefa5871e374280034e278fd5bf4c9d0992b70,gingivitis_(295),gingivitis_(295),C:\Users\16024\Desktop\齿镜\calculus-unetpp\data\processed\images\train\638ae9ea80912580.jpg,C:\Users\16024\Desktop\齿镜\calculus-unetpp\data\processed\masks\train\638ae9ea80912580.png
175e3f626ec49478,train,0,175e3f626ec494785e3c769ef60f75894969742b08fe8905be299e9ce728e757,caries_0_9690,caries_0_9690,C:\Users\16024\Desktop\齿镜\calculus-unetpp\data\processed\images\train\175e3f626ec49478.jpg,C:\Users\16024\Desktop\齿镜\calculus-unetpp\data\processed\masks\train\175e3f626ec49478.png
0d45b1ef17eca1fb,train,0,0d45b1ef17eca1fb025ec5d07fa11cb7c198146d379ca08abcc86c71e4bae704,caries_0_4336,caries_0_4336,C:\Users\16024\Desktop\齿镜\calculus-unetpp\data\processed\images\train\0d45b1ef17eca1fb.jpg,C:\Users\16024\Desktop\齿镜\calculus-unetpp\data\processed\masks\train\0d45b1ef17eca1fb.png
139076a1958102ff,train,0,139076a1958102ffa604f87b1c5cd23cc1f3bacd21b2a26380f1c7f1624a07bd,gingivitis_(24),gingivitis_(24),C:\Users\16024\Desktop\齿镜\calculus-unetpp\data\processed\images\train\139076a1958102ff.jpg,C:\Users\16024\Desktop\齿镜\calculus-unetpp\data\processed\masks\train\139076a1958102ff.png
ae9fe9dc7323baa1,train,0,ae9fe9dc7323baa171115429021bb68e0c535b1fa6923a6b32552bd0eeb48364,caries_0_3680,caries_0_3680,C:\Users\16024\Desktop\齿镜\calculus-unetpp\data\processed\images\train\ae9fe9dc7323baa1.jpg,C:\Users\16024\Desktop\齿镜\calculus-unetpp\data\processed\masks\train\ae9fe9dc7323baa1.png
4209a49576071325,train,0,4209a49576071325c394e790bb56ef2dbe0d3093e3579efaf1d8a5e2ba089fe2,caries_0_4415,caries_0_4415,C:\Users\16024\Desktop\齿镜\calculus-unetpp\data\processed\images\train\4209a49576071325.jpg,C:\Users\16024\Desktop\齿镜\calculus-unetpp\data\processed\masks\train\4209a49576071325.png
b6e8b876fa97ea76,train,0,b6e8b876fa97ea76c9ac0a8e61017f570298f1b8a608724624d0778428bfbd05,186;5,186,C:\Users\16024\Desktop\齿镜\calculus-unetpp\data\processed\images\train\b6e8b876fa97ea76.jpg,C:\Users\16024\Desktop\齿镜\calculus-unetpp\data\processed\masks\train\b6e8b876fa97ea76.png
f9098c615f7ab3b8,train,0,f9098c615f7ab3b8e2f35b3ba61f4027b9f65d18a355f273ed1762e86c8c9cea,caries_0_1347,caries_0_1347,C:\Users\16024\Desktop\齿镜\calculus-unetpp\data\processed\images\train\f9098c615f7ab3b8.jpg,C:\Users\16024\Desktop\齿镜\calculus-unetpp\data\processed\masks\train\f9098c615f7ab3b8.png
809d4dcb93e40b83,train,0,809d4dcb93e40b83a79dda41cc65580119ab6e3862aed627a07fa1ef35ebdb8a,gingivitis_(292),gingivitis_(292),C:\Users\16024\Desktop\齿镜\calculus-unetpp\data\processed\images\train\809d4dcb93e40b83.jpg,C:\Users\16024\Desktop\齿镜\calculus-unetpp\data\processed\masks\train\809d4dcb93e40b83.png
c276462a3d2595ba,train,0,c276462a3d2595ba6bb3f218150e6d1b575fb105ca3bc2d29a77566d3ef6ddcf,caries_0_2299,caries_0_2299,C:\Users\16024\Desktop\齿镜\calculus-unetpp\data\processed\images\train\c276462a3d2595ba.jpg,C:\Users\16024\Desktop\齿镜\calculus-unetpp\data\processed\masks\train\c276462a3d2595ba.png
aa48694d3025141f,train,0,aa48694d3025141ffd6788ac56493834caa4cbef9aa9d9b5d8f8f37593f890db,caries_0_7835,caries_0_7835,C:\Users\16024\Desktop\齿镜\calculus-unetpp\data\processed\images\train\aa48694d3025141f.jpg,C:\Users\16024\Desktop\齿镜\calculus-unetpp\data\processed\masks\train\aa48694d3025141f.png
05576ef8877b9cbc,train,0,05576ef8877b9cbc0506ec0218c6a74a4475691306975e764c06dc1ab092527d,caries_0_507,caries_0_507,C:\Users\16024\Desktop\齿镜\calculus-unetpp\data\processed\images\train\05576ef8877b9cbc.jpg,C:\Users\16024\Desktop\齿镜\calculus-unetpp\data\processed\masks\train\05576ef8877b9cbc.png
bf9b61e9828efd4c,train,0,bf9b61e9828efd4cad1d6af3a240c30f0f769920f3e935e2a100a538cd5cfb36,caries_0_4151,caries_0_4151,C:\Users\16024\Desktop\齿镜\calculus-unetpp\data\processed\images\train\bf9b61e9828efd4c.jpg,C:\Users\16024\Desktop\齿镜\calculus-unetpp\data\processed\masks\train\bf9b61e9828efd4c.png
3483ea84c322ab2b,train,0,3483ea84c322ab2b9cda5fa765b481d72c3ad4592c140f812a01f0cb6814afba,gingivitis_(734),gingivitis_(734),C:\Users\16024\Desktop\齿镜\calculus-unetpp\data\processed\images\train\3483ea84c322ab2b.jpg,C:\Users\16024\Desktop\齿镜\calculus-unetpp\data\processed\masks\train\3483ea84c322ab2b.png
5dbb5e5f3b8ba663,train,0,5dbb5e5f3b8ba663e14eb3f760a05411dc3901046636150d0a7adc3613d583c7,caries_0_9201,caries_0_9201,C:\Users\16024\Desktop\齿镜\calculus-unetpp\data\processed\images\train\5dbb5e5f3b8ba663.jpg,C:\Users\16024\Desktop\齿镜\calculus-unetpp\data\processed\masks\train\5dbb5e5f3b8ba663.png
d7596e40aae268bd,train,0,d7596e40aae268bd5698235997bb4d3b796ea2edb403f9fdac0384a361030b68,caries_0_1175,caries_0_1175,C:\Users\16024\Desktop\齿镜\calculus-unetpp\data\processed\images\train\d7596e40aae268bd.jpg,C:\Users\16024\Desktop\齿镜\calculus-unetpp\data\processed\masks\train\d7596e40aae268bd.png
508e9bb0dc9f4cde,train,0,508e9bb0dc9f4cde470ccf2ee037e7daad665d6cbbdf370ee1bac7f12d05f4a3,gingivitis_(1754),gingivitis_(1754),C:\Users\16024\Desktop\齿镜\calculus-unetpp\data\processed\images\train\508e9bb0dc9f4cde.jpg,C:\Users\16024\Desktop\齿镜\calculus-unetpp\data\processed\masks\train\508e9bb0dc9f4cde.png
b65979fecd11c3ac,train,0,b65979fecd11c3acb9d6ecdab1962b5586095d833f419f4acd3dd6b50d7c9d58,gingivitis_(1568);gingivitis_(1671),gingivitis_(1568),C:\Users\16024\Desktop\齿镜\calculus-unetpp\data\processed\images\train\b65979fecd11c3ac.jpg,C:\Users\16024\Desktop\齿镜\calculus-unetpp\data\processed\masks\train\b65979fecd11c3ac.png
85fded6cd000c53a,train,0,85fded6cd000c53a079402117b9401ddecbda5ccf5bf7a85adcc540d0c5d3e98,gingivitis_(1821);gingivitis_(1914);gingivitis_(2064),gingivitis_(1821),C:\Users\16024\Desktop\齿镜\calculus-unetpp\data\processed\images\train\85fded6cd000c53a.jpg,C:\Users\16024\Desktop\齿镜\calculus-unetpp\data\processed\masks\train\85fded6cd000c53a.png
8a93a1c587502b29,train,0,8a93a1c587502b29d85a9c9154439e522d057119f79a68a0f8e5f37ec6fc4c76,gingivitis_(1167);gingivitis_(1168),gingivitis_(1167),C:\Users\16024\Desktop\齿镜\calculus-unetpp\data\processed\images\train\8a93a1c587502b29.jpg,C:\Users\16024\Desktop\齿镜\calculus-unetpp\data\processed\masks\train\8a93a1c587502b29.png
c2d9969ba66e93c1,train,0,c2d9969ba66e93c124c83a4db1a114854145b96c6065a64b2ad2258e0757f9a1,caries_0_1336,caries_0_1336,C:\Users\16024\Desktop\齿镜\calculus-unetpp\data\processed\images\train\c2d9969ba66e93c1.jpg,C:\Users\16024\Desktop\齿镜\calculus-unetpp\data\processed\masks\train\c2d9969ba66e93c1.png
c267958950bfcf31,train,0,c267958950bfcf310b0356737e2bd6b9ebf51abfa138fedd73f185ee65f96392,caries_0_8400,caries_0_8400,C:\Users\16024\Desktop\齿镜\calculus-unetpp\data\processed\images\train\c267958950bfcf31.jpg,C:\Users\16024\Desktop\齿镜\calculus-unetpp\data\processed\masks\train\c267958950bfcf31.png
a0a48d9ae47c8433,train,0,a0a48d9ae47c843377e2f8aec9d89f88c191e331ed3af937a81023265253fee7,caries_0_4553,caries_0_4553,C:\Users\16024\Desktop\齿镜\calculus-unetpp\data\processed\images\train\a0a48d9ae47c8433.jpg,C:\Users\16024\Desktop\齿镜\calculus-unetpp\data\processed\masks\train\a0a48d9ae47c8433.png
aba6e36f763747db,train,0,aba6e36f763747db384715c9242a4e0efc0b025814c69234fabc36d45f1f90b8,gingivitis_(1081),gingivitis_(1081),C:\Users\16024\Desktop\齿镜\calculus-unetpp\data\processed\images\train\aba6e36f763747db.jpg,C:\Users\16024\Desktop\齿镜\calculus-unetpp\data\processed\masks\train\aba6e36f763747db.png
6dc60e21dc1bb2a2,train,0,6dc60e21dc1bb2a2688e7aa862138b40b49644e5dcb53ae209a9a17038aa2ae7,gingivitis_(2264),gingivitis_(2264),C:\Users\16024\Desktop\齿镜\calculus-unetpp\data\processed\images\train\6dc60e21dc1bb2a2.jpg,C:\Users\16024\Desktop\齿镜\calculus-unetpp\data\processed\masks\train\6dc60e21dc1bb2a2.png
8d5b7ed098d52082,train,0,8d5b7ed098d52082db6128faaf10f09c8ed0be91ca7577c4da9ec68efc786f48,caries_0_1486,caries_0_1486,C:\Users\16024\Desktop\齿镜\calculus-unetpp\data\processed\images\train\8d5b7ed098d52082.jpg,C:\Users\16024\Desktop\齿镜\calculus-unetpp\data\processed\masks\train\8d5b7ed098d52082.png
cf7fd955652b8995,train,0,cf7fd955652b8995d2a65bf1555e7c284238d2c4d5bf0be827a6f6fe410868f9,gingivitis_(400);gingivitis_(445),gingivitis_(400),C:\Users\16024\Desktop\齿镜\calculus-unetpp\data\processed\images\train\cf7fd955652b8995.jpg,C:\Users\16024\Desktop\齿镜\calculus-unetpp\data\processed\masks\train\cf7fd955652b8995.png
0e57c4fe65428254,train,0,0e57c4fe654282546d9ab475fc1563cd08c5a0ab10e98a553a21da79ea52eced,gingivitis_(1045);gingivitis_(1056);gingivitis_(1106);gingivitis_(1192);gingivitis_(1270),gingivitis_(1045),C:\Users\16024\Desktop\齿镜\calculus-unetpp\data\processed\images\train\0e57c4fe65428254.jpg,C:\Users\16024\Desktop\齿镜\calculus-unetpp\data\processed\masks\train\0e57c4fe65428254.png
c5aa9b787d0f1bbd,train,0,c5aa9b787d0f1bbd2aaa10f8bc606d97bbdbb16a06b88ddac2de8ae25ac36877,caries_0_4345,caries_0_4345,C:\Users\16024\Desktop\齿镜\calculus-unetpp\data\processed\images\train\c5aa9b787d0f1bbd.jpg,C:\Users\16024\Desktop\齿镜\calculus-unetpp\data\processed\masks\train\c5aa9b787d0f1bbd.png
a89daeafc4dacec9,train,0,a89daeafc4dacec951fc29be5e5a0a31a017cc0585050866f3f0eae1c755870e,caries_0_8997,caries_0_8997,C:\Users\16024\Desktop\齿镜\calculus-unetpp\data\processed\images\train\a89daeafc4dacec9.jpg,C:\Users\16024\Desktop\齿镜\calculus-unetpp\data\processed\masks\train\a89daeafc4dacec9.png
d3f5d66c6e96d044,train,0,d3f5d66c6e96d044dc94540cf7b0ad61a271cc861b6a8092850aac524dc7e80f,caries_0_2405,caries_0_2405,C:\Users\16024\Desktop\齿镜\calculus-unetpp\data\processed\images\train\d3f5d66c6e96d044.jpg,C:\Users\16024\Desktop\齿镜\calculus-unetpp\data\processed\masks\train\d3f5d66c6e96d044.png
e3f94021ecb91bdb,train,0,e3f94021ecb91bdb8867e296d8360859e07399b9c2c36f47bae77c3940fddb7d,gingivitis_(26),gingivitis_(26),C:\Users\16024\Desktop\齿镜\calculus-unetpp\data\processed\images\train\e3f94021ecb91bdb.jpg,C:\Users\16024\Desktop\齿镜\calculus-unetpp\data\processed\masks\train\e3f94021ecb91bdb.png
de6b1c691765dac3,train,0,de6b1c691765dac350a0a7cf25c4b59ca7020784fe091906ad16f6855ba5cdda,caries_0_192,caries_0_192,C:\Users\16024\Desktop\齿镜\calculus-unetpp\data\processed\images\train\de6b1c691765dac3.jpg,C:\Users\16024\Desktop\齿镜\calculus-unetpp\data\processed\masks\train\de6b1c691765dac3.png
c8089988e20180a3,train,0,c8089988e20180a3801d71c78e2345091b97de5b915d9e6d456813af7fa1f153,caries_0_1240,caries_0_1240,C:\Users\16024\Desktop\齿镜\calculus-unetpp\data\processed\images\train\c8089988e20180a3.jpg,C:\Users\16024\Desktop\齿镜\calculus-unetpp\data\processed\masks\train\c8089988e20180a3.png
a54303a381afe515,train,0,a54303a381afe5156681710acb27ef22d3e62244e1188cf67679dd0bdc4c9076,caries_0_6819,caries_0_6819,C:\Users\16024\Desktop\齿镜\calculus-unetpp\data\processed\images\train\a54303a381afe515.jpg,C:\Users\16024\Desktop\齿镜\calculus-unetpp\data\processed\masks\train\a54303a381afe515.png
ee7a419d67e8c01f,train,0,ee7a419d67e8c01f29c9c189a664acd5b6c0c1980e94c98ce4e4649de3e915a5,caries_0_1807,caries_0_1807,C:\Users\16024\Desktop\齿镜\calculus-unetpp\data\processed\images\train\ee7a419d67e8c01f.jpg,C:\Users\16024\Desktop\齿镜\calculus-unetpp\data\processed\masks\train\ee7a419d67e8c01f.png
83d542ef18224450,train,0,83d542ef182244503330b59d5396a0da028acc69a68ba98bb08af10b28f1e4fc,gingivitis_(2122),gingivitis_(2122),C:\Users\16024\Desktop\齿镜\calculus-unetpp\data\processed\images\train\83d542ef18224450.jpg,C:\Users\16024\Desktop\齿镜\calculus-unetpp\data\processed\masks\train\83d542ef18224450.png
7e061e902f04a423,train,0,7e061e902f04a423c48aabc1cb8a5e248badaf121bc9796d456e5eb126a9ddf8,gingivitis_(401),gingivitis_(401),C:\Users\16024\Desktop\齿镜\calculus-unetpp\data\processed\images\train\7e061e902f04a423.jpg,C:\Users\16024\Desktop\齿镜\calculus-unetpp\data\processed\masks\train\7e061e902f04a423.png
e876ea459b00d748,train,0,e876ea459b00d7480e6d73a24b0a61bcc4e391545492c768f7e14963feddc8f5,caries_0_2429,caries_0_2429,C:\Users\16024\Desktop\齿镜\calculus-unetpp\data\processed\images\train\e876ea459b00d748.jpg,C:\Users\16024\Desktop\齿镜\calculus-unetpp\data\processed\masks\train\e876ea459b00d748.png
bda2770341d53d3e,train,0,bda2770341d53d3e379118fad7615ee16a97fcf395c9ebdaf4155b18049e3a4d,gingivitis_(1317);gingivitis_(1365),gingivitis_(1317),C:\Users\16024\Desktop\齿镜\calculus-unetpp\data\processed\images\train\bda2770341d53d3e.jpg,C:\Users\16024\Desktop\齿镜\calculus-unetpp\data\processed\masks\train\bda2770341d53d3e.png
18f06b41fa1a347e,train,0,18f06b41fa1a347ec6b6c1c314d3cd6f91191c5ae0f68e31f02cdbfc27ecd8ef,caries_0_2262,caries_0_2262,C:\Users\16024\Desktop\齿镜\calculus-unetpp\data\processed\images\train\18f06b41fa1a347e.jpg,C:\Users\16024\Desktop\齿镜\calculus-unetpp\data\processed\masks\train\18f06b41fa1a347e.png
d04ff4477864549a,train,0,d04ff4477864549ae050f5c0f3d8e13acaf538d01e7cdbcea5543497cd5c56ee,caries_0_4350,caries_0_4350,C:\Users\16024\Desktop\齿镜\calculus-unetpp\data\processed\images\train\d04ff4477864549a.jpg,C:\Users\16024\Desktop\齿镜\calculus-unetpp\data\processed\masks\train\d04ff4477864549a.png
d868533f309a2073,train,0,d868533f309a20731f0d5e08aa62d297bec0ddb7081a9d197be9be9273d28dac,caries_0_213,caries_0_213,C:\Users\16024\Desktop\齿镜\calculus-unetpp\data\processed\images\train\d868533f309a2073.jpg,C:\Users\16024\Desktop\齿镜\calculus-unetpp\data\processed\masks\train\d868533f309a2073.png
53c3f481553b8299,train,0,53c3f481553b8299a6b65ed1002ef235c2aaf5168933006e8234408a267904e3,caries_0_5897,caries_0_5897,C:\Users\16024\Desktop\齿镜\calculus-unetpp\data\processed\images\train\53c3f481553b8299.jpg,C:\Users\16024\Desktop\齿镜\calculus-unetpp\data\processed\masks\train\53c3f481553b8299.png
6b0015209768f766,train,0,6b0015209768f766cd4386079933f441202ebb85ad6856e1db30ddbd8721e1bf,gingivitis_(1339),gingivitis_(1339),C:\Users\16024\Desktop\齿镜\calculus-unetpp\data\processed\images\train\6b0015209768f766.jpg,C:\Users\16024\Desktop\齿镜\calculus-unetpp\data\processed\masks\train\6b0015209768f766.png
231cb48d3c2ebef6,train,0,231cb48d3c2ebef6009493e7dbcab66c2490f70670c114d25ebca738f82d0223,caries_0_3223,caries_0_3223,C:\Users\16024\Desktop\齿镜\calculus-unetpp\data\processed\images\train\231cb48d3c2ebef6.jpg,C:\Users\16024\Desktop\齿镜\calculus-unetpp\data\processed\masks\train\231cb48d3c2ebef6.png
51848e5737d3fd31,train,0,51848e5737d3fd3178e45dfc0944c06aae06223a684258bb5e5626fe7e83b397,gingivitis_(2107),gingivitis_(2107),C:\Users\16024\Desktop\齿镜\calculus-unetpp\data\processed\images\train\51848e5737d3fd31.jpg,C:\Users\16024\Desktop\齿镜\calculus-unetpp\data\processed\masks\train\51848e5737d3fd31.png
cd8880bdce8dd1fb,train,0,cd8880bdce8dd1fbd618d068105c7f73a3b8faf95694780091664ea1045771f1,gingivitis_(1383),gingivitis_(1383),C:\Users\16024\Desktop\齿镜\calculus-unetpp\data\processed\images\train\cd8880bdce8dd1fb.jpg,C:\Users\16024\Desktop\齿镜\calculus-unetpp\data\processed\masks\train\cd8880bdce8dd1fb.png
31476136256ddc70,train,0,31476136256ddc70ebbd7de5297981aad2c461f1c4e18205143296d562f15960,gingivitis_(2196),gingivitis_(2196),C:\Users\16024\Desktop\齿镜\calculus-unetpp\data\processed\images\train\31476136256ddc70.jpg,C:\Users\16024\Desktop\齿镜\calculus-unetpp\data\processed\masks\train\31476136256ddc70.png
a5f7631c227a0063,train,0,a5f7631c227a0063bd5755187b23a181198cec4902e02ab3a4825a37e942df9d,caries_0_9952,caries_0_9952,C:\Users\16024\Desktop\齿镜\calculus-unetpp\data\processed\images\train\a5f7631c227a0063.jpg,C:\Users\16024\Desktop\齿镜\calculus-unetpp\data\processed\masks\train\a5f7631c227a0063.png
5d6475de680190e4,train,0,5d6475de680190e4d95007ffa2c5dcde1c5b9ebf81873d73a3212d4396a50cae,caries_0_5571,caries_0_5571,C:\Users\16024\Desktop\齿镜\calculus-unetpp\data\processed\images\train\5d6475de680190e4.jpg,C:\Users\16024\Desktop\齿镜\calculus-unetpp\data\processed\masks\train\5d6475de680190e4.png
9782f0b8c11c7a65,train,0,9782f0b8c11c7a6569de9480424114192fa74392908c1b3c9082ccff5afda946,caries_0_7077,caries_0_7077,C:\Users\16024\Desktop\齿镜\calculus-unetpp\data\processed\images\train\9782f0b8c11c7a65.jpg,C:\Users\16024\Desktop\齿镜\calculus-unetpp\data\processed\masks\train\9782f0b8c11c7a65.png
4307a74c2f5f3d50,train,0,4307a74c2f5f3d5028dd582627e987b542ffe84810b888901353f1c7a8656aa8,caries_0_4235,caries_0_4235,C:\Users\16024\Desktop\齿镜\calculus-unetpp\data\processed\images\train\4307a74c2f5f3d50.jpg,C:\Users\16024\Desktop\齿镜\calculus-unetpp\data\processed\masks\train\4307a74c2f5f3d50.png
9a1447cdfffacd1f,train,0,9a1447cdfffacd1fc4523a9c8191d6289e420d7fe6b4469a12ebd7ee4002aded,gingivitis_(1370),gingivitis_(1370),C:\Users\16024\Desktop\齿镜\calculus-unetpp\data\processed\images\train\9a1447cdfffacd1f.jpg,C:\Users\16024\Desktop\齿镜\calculus-unetpp\data\processed\masks\train\9a1447cdfffacd1f.png
98d6c19efa3de480,train,0,98d6c19efa3de480d11d602864005f41149a57ede3b055d5d2251f48747a28ef,gingivitis_(540),gingivitis_(540),C:\Users\16024\Desktop\齿镜\calculus-unetpp\data\processed\images\train\98d6c19efa3de480.jpg,C:\Users\16024\Desktop\齿镜\calculus-unetpp\data\processed\masks\train\98d6c19efa3de480.png
e4a5d3d014a35ba2,train,0,e4a5d3d014a35ba24e70f7215e2734b19a59e25bd0040f27c7f121045bee3e4f,caries_0_2006,caries_0_2006,C:\Users\16024\Desktop\齿镜\calculus-unetpp\data\processed\images\train\e4a5d3d014a35ba2.jpg,C:\Users\16024\Desktop\齿镜\calculus-unetpp\data\processed\masks\train\e4a5d3d014a35ba2.png
8896cc160d74c538,train,0,8896cc160d74c5380bb0f89bcce7d09b6d462342d9bdd752bc640bdaccdf1449,gingivitis_(1210),gingivitis_(1210),C:\Users\16024\Desktop\齿镜\calculus-unetpp\data\processed\images\train\8896cc160d74c538.jpg,C:\Users\16024\Desktop\齿镜\calculus-unetpp\data\processed\masks\train\8896cc160d74c538.png
3c4a437b82aa87e4,train,0,3c4a437b82aa87e475c9e52779aaeea04db30125565ee49c156a87f06c5b3d10,gingivitis_(1068),gingivitis_(1068),C:\Users\16024\Desktop\齿镜\calculus-unetpp\data\processed\images\train\3c4a437b82aa87e4.jpg,C:\Users\16024\Desktop\齿镜\calculus-unetpp\data\processed\masks\train\3c4a437b82aa87e4.png
d7c9c79cadbfd937,train,0,d7c9c79cadbfd93710dbae0ba34fd4bd1b54e0907d89c118666632d6e5657b2a,caries_0_633,caries_0_633,C:\Users\16024\Desktop\齿镜\calculus-unetpp\data\processed\images\train\d7c9c79cadbfd937.jpg,C:\Users\16024\Desktop\齿镜\calculus-unetpp\data\processed\masks\train\d7c9c79cadbfd937.png
af7bba6273345c86,train,0,af7bba6273345c86a786ccb5f372f536845633c648c8c71207d49f0ebe27bcd3,gingivitis_(1881);gingivitis_(1970);gingivitis_(2048),gingivitis_(1881),C:\Users\16024\Desktop\齿镜\calculus-unetpp\data\processed\images\train\af7bba6273345c86.jpg,C:\Users\16024\Desktop\齿镜\calculus-unetpp\data\processed\masks\train\af7bba6273345c86.png
8c6f41e63a4a5d60,train,0,8c6f41e63a4a5d6001c4ea319073bd82ada370243f6610c5e33c83f8658921fa,gingivitis_(414),gingivitis_(414),C:\Users\16024\Desktop\齿镜\calculus-unetpp\data\processed\images\train\8c6f41e63a4a5d60.jpg,C:\Users\16024\Desktop\齿镜\calculus-unetpp\data\processed\masks\train\8c6f41e63a4a5d60.png
29c3905727f50f37,train,0,29c3905727f50f37208e2ff632f7b4c0dd41016982229556da5a9f588ae2e35e,caries_0_5076,caries_0_5076,C:\Users\16024\Desktop\齿镜\calculus-unetpp\data\processed\images\train\29c3905727f50f37.jpg,C:\Users\16024\Desktop\齿镜\calculus-unetpp\data\processed\masks\train\29c3905727f50f37.png
bcc0e3b415d10ce2,train,0,bcc0e3b415d10ce2d7f89e7f94bb4683f044b972e9c089f8ee37fc9abf29cc94,caries_0_4109,caries_0_4109,C:\Users\16024\Desktop\齿镜\calculus-unetpp\data\processed\images\train\bcc0e3b415d10ce2.jpg,C:\Users\16024\Desktop\齿镜\calculus-unetpp\data\processed\masks\train\bcc0e3b415d10ce2.png
b7e3d8d878988637,train,0,b7e3d8d8789886379e7b1a5822186dda69a9fa2e2bb285d34beddcf49459db37,caries_0_4427,caries_0_4427,C:\Users\16024\Desktop\齿镜\calculus-unetpp\data\processed\images\train\b7e3d8d878988637.jpg,C:\Users\16024\Desktop\齿镜\calculus-unetpp\data\processed\masks\train\b7e3d8d878988637.png
43fea348886098c6,train,0,43fea348886098c6328db7880b8f4bab9777006255688ea9371da6a89b72f9e3,164,164,C:\Users\16024\Desktop\齿镜\calculus-unetpp\data\processed\images\train\43fea348886098c6.jpg,C:\Users\16024\Desktop\齿镜\calculus-unetpp\data\processed\masks\train\43fea348886098c6.png
6eeeb838431ccaa5,train,0,6eeeb838431ccaa52f93b098ed6bf3e4a0a54a5fb8d57be2b53636570d216109,gingivitis_(1143),gingivitis_(1143),C:\Users\16024\Desktop\齿镜\calculus-unetpp\data\processed\images\train\6eeeb838431ccaa5.jpg,C:\Users\16024\Desktop\齿镜\calculus-unetpp\data\processed\masks\train\6eeeb838431ccaa5.png
b1ffef806d52b2bb,train,0,b1ffef806d52b2bb184cfaadf31eec98cb8e7ffddbc277349595c51ed6781c9c,caries_0_4197,caries_0_4197,C:\Users\16024\Desktop\齿镜\calculus-unetpp\data\processed\images\train\b1ffef806d52b2bb.jpg,C:\Users\16024\Desktop\齿镜\calculus-unetpp\data\processed\masks\train\b1ffef806d52b2bb.png
774b883cfa550208,train,0,774b883cfa5502081e4211b94191007b3267f8a7dc261c9378997c328f9813fd,caries_0_4968,caries_0_4968,C:\Users\16024\Desktop\齿镜\calculus-unetpp\data\processed\images\train\774b883cfa550208.jpg,C:\Users\16024\Desktop\齿镜\calculus-unetpp\data\processed\masks\train\774b883cfa550208.png
2c53d90e2594f198,train,0,2c53d90e2594f198805f7b7f8d197eb1847fc5fa34a7702a7365bf12b31de299,caries_0_2819,caries_0_2819,C:\Users\16024\Desktop\齿镜\calculus-unetpp\data\processed\images\train\2c53d90e2594f198.jpg,C:\Users\16024\Desktop\齿镜\calculus-unetpp\data\processed\masks\train\2c53d90e2594f198.png
a047d444e72d196b,train,0,a047d444e72d196bbab55165081e20a946a47c13033e4a284a60ced5ce872477,caries_0_3713,caries_0_3713,C:\Users\16024\Desktop\齿镜\calculus-unetpp\data\processed\images\train\a047d444e72d196b.jpg,C:\Users\16024\Desktop\齿镜\calculus-unetpp\data\processed\masks\train\a047d444e72d196b.png
7d7446918292ffed,train,0,7d7446918292ffed9813d52a8a8e678caa9c2f6d0763dbd6abbb58e70129935b,109,109,C:\Users\16024\Desktop\齿镜\calculus-unetpp\data\processed\images\train\7d7446918292ffed.jpg,C:\Users\16024\Desktop\齿镜\calculus-unetpp\data\processed\masks\train\7d7446918292ffed.png
b018cf663d0ba80d,train,0,b018cf663d0ba80df1767d2ef58f5c5068674db0c8bcbc44862bf19483b0da2a,caries_0_2779,caries_0_2779,C:\Users\16024\Desktop\齿镜\calculus-unetpp\data\processed\images\train\b018cf663d0ba80d.jpg,C:\Users\16024\Desktop\齿镜\calculus-unetpp\data\processed\masks\train\b018cf663d0ba80d.png
dd6ae3f5d4ef1ef7,train,0,dd6ae3f5d4ef1ef7e29d5e0364b10811ae23bbf3a5f034b4e0b6cb13e4c27c8b,caries_0_7879,caries_0_7879,C:\Users\16024\Desktop\齿镜\calculus-unetpp\data\processed\images\train\dd6ae3f5d4ef1ef7.jpg,C:\Users\16024\Desktop\齿镜\calculus-unetpp\data\processed\masks\train\dd6ae3f5d4ef1ef7.png
abbcad30e8674aa1,train,0,abbcad30e8674aa1bca06dfd7ad0e9b3f6d485a5f0cf6f6868cfbb20463c7bcc,166,166,C:\Users\16024\Desktop\齿镜\calculus-unetpp\data\processed\images\train\abbcad30e8674aa1.jpg,C:\Users\16024\Desktop\齿镜\calculus-unetpp\data\processed\masks\train\abbcad30e8674aa1.png
ba8e70db6ff2c54b,train,0,ba8e70db6ff2c54b1907b5cf0f8b3484a53e3a5576194915baa32915d48b820d,caries_0_9170,caries_0_9170,C:\Users\16024\Desktop\齿镜\calculus-unetpp\data\processed\images\train\ba8e70db6ff2c54b.jpg,C:\Users\16024\Desktop\齿镜\calculus-unetpp\data\processed\masks\train\ba8e70db6ff2c54b.png
563d6cafb313be4a,train,0,563d6cafb313be4a3fdcd054c0a0807cb423b6b27c1984de0107c41340d77dc0,gingivitis_(125);gingivitis_(199),gingivitis_(125),C:\Users\16024\Desktop\齿镜\calculus-unetpp\data\processed\images\train\563d6cafb313be4a.jpg,C:\Users\16024\Desktop\齿镜\calculus-unetpp\data\processed\masks\train\563d6cafb313be4a.png
fdd4eff587a0dba7,train,0,fdd4eff587a0dba717edd96b70628b07e7e594d5780ce67c5388444a19daf271,caries_0_8411,caries_0_8411,C:\Users\16024\Desktop\齿镜\calculus-unetpp\data\processed\images\train\fdd4eff587a0dba7.jpg,C:\Users\16024\Desktop\齿镜\calculus-unetpp\data\processed\masks\train\fdd4eff587a0dba7.png
4c5b66dbe8a3597f,train,0,4c5b66dbe8a3597fd03de511ff9bdbc4e0c7d42818756494daa0f4eb425c4dc4,gingivitis_(321),gingivitis_(321),C:\Users\16024\Desktop\齿镜\calculus-unetpp\data\processed\images\train\4c5b66dbe8a3597f.jpg,C:\Users\16024\Desktop\齿镜\calculus-unetpp\data\processed\masks\train\4c5b66dbe8a3597f.png
24002901c5df2cc9,train,0,24002901c5df2cc9bd51463c77cfb21b36e9109b3cd7f2508133e1ea8e53c53f,caries_0_9548,caries_0_9548,C:\Users\16024\Desktop\齿镜\calculus-unetpp\data\processed\images\train\24002901c5df2cc9.jpg,C:\Users\16024\Desktop\齿镜\calculus-unetpp\data\processed\masks\train\24002901c5df2cc9.png
2fda9bc8305f52a2,train,0,2fda9bc8305f52a229704061f1934e9780068711bda62140c2f9f2f52bb3ccfc,gingivitis_(343),gingivitis_(343),C:\Users\16024\Desktop\齿镜\calculus-unetpp\data\processed\images\train\2fda9bc8305f52a2.jpg,C:\Users\16024\Desktop\齿镜\calculus-unetpp\data\processed\masks\train\2fda9bc8305f52a2.png
698ff843f1eeaa68,train,0,698ff843f1eeaa68c04e0b6b49672e3ebb735cf62157b511d542171836005cc5,caries_0_3698,caries_0_3698,C:\Users\16024\Desktop\齿镜\calculus-unetpp\data\processed\images\train\698ff843f1eeaa68.jpg,C:\Users\16024\Desktop\齿镜\calculus-unetpp\data\processed\masks\train\698ff843f1eeaa68.png
79c1b619992fd8d2,train,0,79c1b619992fd8d223259818d53f07afe36385c1bdadec2447371345c1fcab61,caries_0_8101,caries_0_8101,C:\Users\16024\Desktop\齿镜\calculus-unetpp\data\processed\images\train\79c1b619992fd8d2.jpg,C:\Users\16024\Desktop\齿镜\calculus-unetpp\data\processed\masks\train\79c1b619992fd8d2.png
c2b3f998353ea0d5,train,0,c2b3f998353ea0d5ec92feb1044bf29e369a69f1c641a984053341e886847e2c,gingivitis_(1162);gingivitis_(1236),gingivitis_(1162),C:\Users\16024\Desktop\齿镜\calculus-unetpp\data\processed\images\train\c2b3f998353ea0d5.jpg,C:\Users\16024\Desktop\齿镜\calculus-unetpp\data\processed\masks\train\c2b3f998353ea0d5.png
51ea332a5a63157e,train,0,51ea332a5a63157ee428b80f170660280655f707c570de008ccd4ea257cb17ec,caries_0_1677,caries_0_1677,C:\Users\16024\Desktop\齿镜\calculus-unetpp\data\processed\images\train\51ea332a5a63157e.jpg,C:\Users\16024\Desktop\齿镜\calculus-unetpp\data\processed\masks\train\51ea332a5a63157e.png
f486ba7ccfa6cdd3,train,0,f486ba7ccfa6cdd3974d47d4c5d9b7aba654fdca3037fcaf468414c068108e06,caries_0_8465,caries_0_8465,C:\Users\16024\Desktop\齿镜\calculus-unetpp\data\processed\images\train\f486ba7ccfa6cdd3.jpg,C:\Users\16024\Desktop\齿镜\calculus-unetpp\data\processed\masks\train\f486ba7ccfa6cdd3.png
21c5c4f0672c8197,train,0,21c5c4f0672c8197f1ad910f2bef00ebc705600bc7197cd8fa7cd0dce9203ae3,caries_0_1242,caries_0_1242,C:\Users\16024\Desktop\齿镜\calculus-unetpp\data\processed\images\train\21c5c4f0672c8197.jpg,C:\Users\16024\Desktop\齿镜\calculus-unetpp\data\processed\masks\train\21c5c4f0672c8197.png
18d6b8e5a3a93c3d,train,0,18d6b8e5a3a93c3dfe1806d4595c816befc0a31a631fe1282818d95cbee397b3,gingivitis_(1843),gingivitis_(1843),C:\Users\16024\Desktop\齿镜\calculus-unetpp\data\processed\images\train\18d6b8e5a3a93c3d.jpg,C:\Users\16024\Desktop\齿镜\calculus-unetpp\data\processed\masks\train\18d6b8e5a3a93c3d.png
f9d9e18b6f1bbd26,train,0,f9d9e18b6f1bbd2692ea923266de70652adca6209b3b394a85e46280ea84f370,caries_0_83,caries_0_83,C:\Users\16024\Desktop\齿镜\calculus-unetpp\data\processed\images\train\f9d9e18b6f1bbd26.jpg,C:\Users\16024\Desktop\齿镜\calculus-unetpp\data\processed\masks\train\f9d9e18b6f1bbd26.png
7088b74eefa5ee9a,train,0,7088b74eefa5ee9ac0a877aa1506dbc62cd41961dc47b0b41e044538874e0b5e,caries_0_6074,caries_0_6074,C:\Users\16024\Desktop\齿镜\calculus-unetpp\data\processed\images\train\7088b74eefa5ee9a.jpg,C:\Users\16024\Desktop\齿镜\calculus-unetpp\data\processed\masks\train\7088b74eefa5ee9a.png
f8ef65411421f09f,train,0,f8ef65411421f09fed8c1f0d201e2f72bd59ec0dcc9c84fbf6c90ab141ae3add,gingivitis_(1819),gingivitis_(1819),C:\Users\16024\Desktop\齿镜\calculus-unetpp\data\processed\images\train\f8ef65411421f09f.jpg,C:\Users\16024\Desktop\齿镜\calculus-unetpp\data\processed\masks\train\f8ef65411421f09f.png
dac14cfc7acdc01c,train,0,dac14cfc7acdc01cc93214f638e230848538dc4eae4421226324bb38357f3f8c,141,141,C:\Users\16024\Desktop\齿镜\calculus-unetpp\data\processed\images\train\dac14cfc7acdc01c.jpg,C:\Users\16024\Desktop\齿镜\calculus-unetpp\data\processed\masks\train\dac14cfc7acdc01c.png
a385cc59eef6e19e,train,0,a385cc59eef6e19ec14f4552185d2a9f86da8bb77454609bcd415235da53cf26,caries_0_2263,caries_0_2263,C:\Users\16024\Desktop\齿镜\calculus-unetpp\data\processed\images\train\a385cc59eef6e19e.jpg,C:\Users\16024\Desktop\齿镜\calculus-unetpp\data\processed\masks\train\a385cc59eef6e19e.png
347d5ef060e3d37a,train,0,347d5ef060e3d37a3439bedfcf4580af04f708989040a97967130e43ab0e6608,caries_0_3263,caries_0_3263,C:\Users\16024\Desktop\齿镜\calculus-unetpp\data\processed\images\train\347d5ef060e3d37a.jpg,C:\Users\16024\Desktop\齿镜\calculus-unetpp\data\processed\masks\train\347d5ef060e3d37a.png
97c7511e0f9e8635,train,0,97c7511e0f9e8635f5b43d9382a771adb8a99fc63d53c3974a1b01f91705e85a,caries_0_9938,caries_0_9938,C:\Users\16024\Desktop\齿镜\calculus-unetpp\data\processed\images\train\97c7511e0f9e8635.jpg,C:\Users\16024\Desktop\齿镜\calculus-unetpp\data\processed\masks\train\97c7511e0f9e8635.png
67a0d29e41b5e037,train,0,67a0d29e41b5e0379be1d47c2c088e93628d7a03882b8a30607399944eeead68,gingivitis_(1345),gingivitis_(1345),C:\Users\16024\Desktop\齿镜\calculus-unetpp\data\processed\images\train\67a0d29e41b5e037.jpg,C:\Users\16024\Desktop\齿镜\calculus-unetpp\data\processed\masks\train\67a0d29e41b5e037.png
edadf7fbd1129d69,train,0,edadf7fbd1129d696b11b4a543d24b6c3c7759fcf2271fae7ed44b57602768c5,gingivitis_(1285),gingivitis_(1285),C:\Users\16024\Desktop\齿镜\calculus-unetpp\data\processed\images\train\edadf7fbd1129d69.jpg,C:\Users\16024\Desktop\齿镜\calculus-unetpp\data\processed\masks\train\edadf7fbd1129d69.png
fdbc03ea8cb83900,train,0,fdbc03ea8cb8390025896db1562b31c9c82799c0dc5aa4401d3a9a114fb6fe66,caries_0_9643,caries_0_9643,C:\Users\16024\Desktop\齿镜\calculus-unetpp\data\processed\images\train\fdbc03ea8cb83900.jpg,C:\Users\16024\Desktop\齿镜\calculus-unetpp\data\processed\masks\train\fdbc03ea8cb83900.png
997500ed347df673,train,0,997500ed347df6737f8d6929cb9c343a2c7feb6205072dc7f80860fc63cec142,62,62,C:\Users\16024\Desktop\齿镜\calculus-unetpp\data\processed\images\train\997500ed347df673.jpg,C:\Users\16024\Desktop\齿镜\calculus-unetpp\data\processed\masks\train\997500ed347df673.png
42afa08042a2f5ab,train,0,42afa08042a2f5ab6367756e1a43aebce075db7d165b8dd454d64df9f1d4fd6f,56,56,C:\Users\16024\Desktop\齿镜\calculus-unetpp\data\processed\images\train\42afa08042a2f5ab.jpg,C:\Users\16024\Desktop\齿镜\calculus-unetpp\data\processed\masks\train\42afa08042a2f5ab.png
65a2bde2e626f0f8,train,0,65a2bde2e626f0f8884cef4b2811b546995e3df617e5f8254df700bf8dc12a4a,caries_0_3527,caries_0_3527,C:\Users\16024\Desktop\齿镜\calculus-unetpp\data\processed\images\train\65a2bde2e626f0f8.jpg,C:\Users\16024\Desktop\齿镜\calculus-unetpp\data\processed\masks\train\65a2bde2e626f0f8.png
fd69c0e82d471001,train,0,fd69c0e82d47100107f01d70e1d2425dd813ea325c602884ad1a83fa28f5360a,gingivitis_(1889),gingivitis_(1889),C:\Users\16024\Desktop\齿镜\calculus-unetpp\data\processed\images\train\fd69c0e82d471001.jpg,C:\Users\16024\Desktop\齿镜\calculus-unetpp\data\processed\masks\train\fd69c0e82d471001.png
294b225bb709965c,train,0,294b225bb709965cfe9156c4e807526cf5317fc0309fa8933ed85bdcf12765b3,12,12,C:\Users\16024\Desktop\齿镜\calculus-unetpp\data\processed\images\train\294b225bb709965c.jpg,C:\Users\16024\Desktop\齿镜\calculus-unetpp\data\processed\masks\train\294b225bb709965c.png
816e75a8d7bb722b,train,0,816e75a8d7bb722be6c5c438cd45d8faf33fe9f4b3acefc3b5e24e0024f87888,caries_0_7869,caries_0_7869,C:\Users\16024\Desktop\齿镜\calculus-unetpp\data\processed\images\train\816e75a8d7bb722b.jpg,C:\Users\16024\Desktop\齿镜\calculus-unetpp\data\processed\masks\train\816e75a8d7bb722b.png
a1cd1e037994d730,train,0,a1cd1e037994d730f398a80d3e2d796ab95dbac1c56e58623a3d210c70581ddc,caries_0_257,caries_0_257,C:\Users\16024\Desktop\齿镜\calculus-unetpp\data\processed\images\train\a1cd1e037994d730.jpg,C:\Users\16024\Desktop\齿镜\calculus-unetpp\data\processed\masks\train\a1cd1e037994d730.png
da4882be359bbfad,train,0,da4882be359bbfad48d232ec90acf8b062ceca0bf37b9712b66708c8c1d62e41,caries_0_9293,caries_0_9293,C:\Users\16024\Desktop\齿镜\calculus-unetpp\data\processed\images\train\da4882be359bbfad.jpg,C:\Users\16024\Desktop\齿镜\calculus-unetpp\data\processed\masks\train\da4882be359bbfad.png
1d5e4365fcb2035b,train,0,1d5e4365fcb2035bbac16b74d5ecc58c54333a3b997e55d75b1d2e6661bd6fb9,caries_0_9560,caries_0_9560,C:\Users\16024\Desktop\齿镜\calculus-unetpp\data\processed\images\train\1d5e4365fcb2035b.jpg,C:\Users\16024\Desktop\齿镜\calculus-unetpp\data\processed\masks\train\1d5e4365fcb2035b.png
c55b0398da55c130,train,0,c55b0398da55c130d05e71c635d9156da5f58ad0b5e80b41d32040bb6410c87a,caries_0_3601,caries_0_3601,C:\Users\16024\Desktop\齿镜\calculus-unetpp\data\processed\images\train\c55b0398da55c130.jpg,C:\Users\16024\Desktop\齿镜\calculus-unetpp\data\processed\masks\train\c55b0398da55c130.png
6fe250fdfbaf0ae9,train,0,6fe250fdfbaf0ae90b38ee5e08d8e22bba2f02416d4f4732b4946cdac5f7adc5,gingivitis_(1701),gingivitis_(1701),C:\Users\16024\Desktop\齿镜\calculus-unetpp\data\processed\images\train\6fe250fdfbaf0ae9.jpg,C:\Users\16024\Desktop\齿镜\calculus-unetpp\data\processed\masks\train\6fe250fdfbaf0ae9.png
b0a0dccfdac4eeda,train,0,b0a0dccfdac4eedaf87bf2fa7d6a02c55914b21fce8f59b940787e6eca3d2e8c,caries_0_5181,caries_0_5181,C:\Users\16024\Desktop\齿镜\calculus-unetpp\data\processed\images\train\b0a0dccfdac4eeda.jpg,C:\Users\16024\Desktop\齿镜\calculus-unetpp\data\processed\masks\train\b0a0dccfdac4eeda.png
efb4360328f83de9,train,0,efb4360328f83de9d8fe755dfebf6bbf6f42f19cec57b417dc7799fa66e45844,gingivitis_(1396),gingivitis_(1396),C:\Users\16024\Desktop\齿镜\calculus-unetpp\data\processed\images\train\efb4360328f83de9.jpg,C:\Users\16024\Desktop\齿镜\calculus-unetpp\data\processed\masks\train\efb4360328f83de9.png
846fda35336f51c4,train,0,846fda35336f51c43e25483010547d787d9635350d56f7bb91e7ff67b3b9224c,gingivitis_(984),gingivitis_(984),C:\Users\16024\Desktop\齿镜\calculus-unetpp\data\processed\images\train\846fda35336f51c4.jpg,C:\Users\16024\Desktop\齿镜\calculus-unetpp\data\processed\masks\train\846fda35336f51c4.png
57deb450fe79aed4,train,0,57deb450fe79aed438a95b8985a7f542b6570d4ea7e97c08bb6e0a152d4ad6ba,caries_0_5343,caries_0_5343,C:\Users\16024\Desktop\齿镜\calculus-unetpp\data\processed\images\train\57deb450fe79aed4.jpg,C:\Users\16024\Desktop\齿镜\calculus-unetpp\data\processed\masks\train\57deb450fe79aed4.png
49c6951c2dd1ccf8,train,0,49c6951c2dd1ccf8a2bf0469a1eae054735ceb19c8b37226e11a599c4be72e3d,gingivitis_(2280),gingivitis_(2280),C:\Users\16024\Desktop\齿镜\calculus-unetpp\data\processed\images\train\49c6951c2dd1ccf8.jpg,C:\Users\16024\Desktop\齿镜\calculus-unetpp\data\processed\masks\train\49c6951c2dd1ccf8.png
023d4b9510aef0e4,train,0,023d4b9510aef0e4a209c9cdf043394621f27c7f1ed0ddf413bf1db3dc43f503,caries_0_6975,caries_0_6975,C:\Users\16024\Desktop\齿镜\calculus-unetpp\data\processed\images\train\023d4b9510aef0e4.jpg,C:\Users\16024\Desktop\齿镜\calculus-unetpp\data\processed\masks\train\023d4b9510aef0e4.png
bc7733c189a86101,train,0,bc7733c189a861016dcceaeab81e87472d2e1beff7bbe0ad24286033acfe4b01,caries_0_5622,caries_0_5622,C:\Users\16024\Desktop\齿镜\calculus-unetpp\data\processed\images\train\bc7733c189a86101.jpg,C:\Users\16024\Desktop\齿镜\calculus-unetpp\data\processed\masks\train\bc7733c189a86101.png
467b30992c1df828,train,0,467b30992c1df8282069a07ef707991cc2121a61bdfd30bfd582f1ddbfa089ea,caries_0_3483,caries_0_3483,C:\Users\16024\Desktop\齿镜\calculus-unetpp\data\processed\images\train\467b30992c1df828.jpg,C:\Users\16024\Desktop\齿镜\calculus-unetpp\data\processed\masks\train\467b30992c1df828.png
992e4bf93ad46c96,train,0,992e4bf93ad46c96fea1da806c1701fd64781a754f686632b0b1c8bc73f8f4c6,gingivitis_(559),gingivitis_(559),C:\Users\16024\Desktop\齿镜\calculus-unetpp\data\processed\images\train\992e4bf93ad46c96.jpg,C:\Users\16024\Desktop\齿镜\calculus-unetpp\data\processed\masks\train\992e4bf93ad46c96.png
32b25f280afc9ed7,train,0,32b25f280afc9ed72c21c08e9ead5f449ae5916f1c4ce973b95514bf72d25c94,111;gingivitis_(161),111,C:\Users\16024\Desktop\齿镜\calculus-unetpp\data\processed\images\train\32b25f280afc9ed7.jpg,C:\Users\16024\Desktop\齿镜\calculus-unetpp\data\processed\masks\train\32b25f280afc9ed7.png
c5ff653fd40d84df,train,0,c5ff653fd40d84df363e2f01ab6e467ff83a02ead4459e769dcfa815cc3e97db,gingivitis_(301),gingivitis_(301),C:\Users\16024\Desktop\齿镜\calculus-unetpp\data\processed\images\train\c5ff653fd40d84df.jpg,C:\Users\16024\Desktop\齿镜\calculus-unetpp\data\processed\masks\train\c5ff653fd40d84df.png
9c5f2bf6d0d64988,train,0,9c5f2bf6d0d64988704019b39247a6ea2601ff76dae94f53625c9326872b84f1,caries_0_5582,caries_0_5582,C:\Users\16024\Desktop\齿镜\calculus-unetpp\data\processed\images\train\9c5f2bf6d0d64988.jpg,C:\Users\16024\Desktop\齿镜\calculus-unetpp\data\processed\masks\train\9c5f2bf6d0d64988.png
06feafc3f4c28f9e,train,0,06feafc3f4c28f9ee91138aab7879906443651303ea5069731924f126fcbf70c,152;152(1),152,C:\Users\16024\Desktop\齿镜\calculus-unetpp\data\processed\images\train\06feafc3f4c28f9e.jpg,C:\Users\16024\Desktop\齿镜\calculus-unetpp\data\processed\masks\train\06feafc3f4c28f9e.png
6566874b8703811c,train,0,6566874b8703811c0afe9940af28760d1045b29e9eabb6062305571768984794,gingivitis_(1103);gingivitis_(1103)(1);gingivitis_(1107);gingivitis_(1265),gingivitis_(1103),C:\Users\16024\Desktop\齿镜\calculus-unetpp\data\processed\images\train\6566874b8703811c.jpg,C:\Users\16024\Desktop\齿镜\calculus-unetpp\data\processed\masks\train\6566874b8703811c.png
10c7ef4c9d6d40a4,train,0,10c7ef4c9d6d40a44dbcd626393b10118ec606ed8fe6b7c51411ffef0eecd8a5,gingivitis_(2103),gingivitis_(2103),C:\Users\16024\Desktop\齿镜\calculus-unetpp\data\processed\images\train\10c7ef4c9d6d40a4.jpg,C:\Users\16024\Desktop\齿镜\calculus-unetpp\data\processed\masks\train\10c7ef4c9d6d40a4.png
97f7f3d4bb4ac27e,train,0,97f7f3d4bb4ac27e9c64f530be1853a535827b297bba7d281c4e871a3fba7034,gingivitis_(252),gingivitis_(252),C:\Users\16024\Desktop\齿镜\calculus-unetpp\data\processed\images\train\97f7f3d4bb4ac27e.jpg,C:\Users\16024\Desktop\齿镜\calculus-unetpp\data\processed\masks\train\97f7f3d4bb4ac27e.png
03519b95de52378b,train,0,03519b95de52378b32ce79aca628c51a69ffaf3ca70e42f854110e3ed6a811d8,caries_0_9818,caries_0_9818,C:\Users\16024\Desktop\齿镜\calculus-unetpp\data\processed\images\train\03519b95de52378b.jpg,C:\Users\16024\Desktop\齿镜\calculus-unetpp\data\processed\masks\train\03519b95de52378b.png
3c20b0095f4de089,train,0,3c20b0095f4de0897a0cad3f596454f1d317349b83ef23117feff03c838f4644,caries_0_1383,caries_0_1383,C:\Users\16024\Desktop\齿镜\calculus-unetpp\data\processed\images\train\3c20b0095f4de089.jpg,C:\Users\16024\Desktop\齿镜\calculus-unetpp\data\processed\masks\train\3c20b0095f4de089.png
19f3ad66d7e81cbf,train,0,19f3ad66d7e81cbf9af8de43af1ba8c495b1c443e039c485aed17f56b7a27144,caries_0_4621,caries_0_4621,C:\Users\16024\Desktop\齿镜\calculus-unetpp\data\processed\images\train\19f3ad66d7e81cbf.jpg,C:\Users\16024\Desktop\齿镜\calculus-unetpp\data\processed\masks\train\19f3ad66d7e81cbf.png
848e8e526418d98e,train,0,848e8e526418d98e27f383603ee5d71d57886dd1d175bdaf833d9d78e680a641,caries_0_3123,caries_0_3123,C:\Users\16024\Desktop\齿镜\calculus-unetpp\data\processed\images\train\848e8e526418d98e.jpg,C:\Users\16024\Desktop\齿镜\calculus-unetpp\data\processed\masks\train\848e8e526418d98e.png
7c8d64d6d33d60f4,train,0,7c8d64d6d33d60f4a4c77a9d39411dcf03fb19ec974bd50b8a86ae14674161fa,16,16,C:\Users\16024\Desktop\齿镜\calculus-unetpp\data\processed\images\train\7c8d64d6d33d60f4.jpg,C:\Users\16024\Desktop\齿镜\calculus-unetpp\data\processed\masks\train\7c8d64d6d33d60f4.png
fc17742028e4c25d,train,0,fc17742028e4c25d7c61d8d7bb06004f06728f5a51db965b1b620937af151c57,caries_0_1582,caries_0_1582,C:\Users\16024\Desktop\齿镜\calculus-unetpp\data\processed\images\train\fc17742028e4c25d.jpg,C:\Users\16024\Desktop\齿镜\calculus-unetpp\data\processed\masks\train\fc17742028e4c25d.png
262ba8fc9e8423c1,train,0,262ba8fc9e8423c18a3367156ef4ea43d9dfb1c87566944e6b1d01198695696a,caries_0_4503,caries_0_4503,C:\Users\16024\Desktop\齿镜\calculus-unetpp\data\processed\images\train\262ba8fc9e8423c1.jpg,C:\Users\16024\Desktop\齿镜\calculus-unetpp\data\processed\masks\train\262ba8fc9e8423c1.png
1272443e8e9213fc,train,0,1272443e8e9213fc755c93f31256fc8594974af8ba463e82f6baad3bb26f464e,caries_0_3838,caries_0_3838,C:\Users\16024\Desktop\齿镜\calculus-unetpp\data\processed\images\train\1272443e8e9213fc.jpg,C:\Users\16024\Desktop\齿镜\calculus-unetpp\data\processed\masks\train\1272443e8e9213fc.png
4fa1256c0284be97,train,0,4fa1256c0284be97d8a145468cb6b1a018ddf832178c213d7a9de67954cf3ff1,gingivitis_(1303),gingivitis_(1303),C:\Users\16024\Desktop\齿镜\calculus-unetpp\data\processed\images\train\4fa1256c0284be97.jpg,C:\Users\16024\Desktop\齿镜\calculus-unetpp\data\processed\masks\train\4fa1256c0284be97.png
6623edd273b39aef,train,0,6623edd273b39aeff262ea79b3b97e562a9121dd3f40e1abeabf6a71effcc352,gingivitis_(306),gingivitis_(306),C:\Users\16024\Desktop\齿镜\calculus-unetpp\data\processed\images\train\6623edd273b39aef.jpg,C:\Users\16024\Desktop\齿镜\calculus-unetpp\data\processed\masks\train\6623edd273b39aef.png
27433bbf8f286f14,train,0,27433bbf8f286f140e365bb3bd82d5da5915a91d8af1f7b5c26002121afd1f53,caries_0_2722,caries_0_2722,C:\Users\16024\Desktop\齿镜\calculus-unetpp\data\processed\images\train\27433bbf8f286f14.jpg,C:\Users\16024\Desktop\齿镜\calculus-unetpp\data\processed\masks\train\27433bbf8f286f14.png
1ddb2fdaca4be238,train,0,1ddb2fdaca4be2382d4b693bf3e0fb88dca6fad5f763d936095831bcab807c2c,caries_0_2160,caries_0_2160,C:\Users\16024\Desktop\齿镜\calculus-unetpp\data\processed\images\train\1ddb2fdaca4be238.jpg,C:\Users\16024\Desktop\齿镜\calculus-unetpp\data\processed\masks\train\1ddb2fdaca4be238.png
937c58e953fa8ece,train,0,937c58e953fa8ece4186b04003b6d3da13b3a5029749ff66fa65c95e0270f6cd,caries_0_2971,caries_0_2971,C:\Users\16024\Desktop\齿镜\calculus-unetpp\data\processed\images\train\937c58e953fa8ece.jpg,C:\Users\16024\Desktop\齿镜\calculus-unetpp\data\processed\masks\train\937c58e953fa8ece.png
6a1eecc497e8e048,train,0,6a1eecc497e8e048eb8dc0b3d2e29b3991132c1c55ba3e172f9e7e917b1caf40,caries_0_8999,caries_0_8999,C:\Users\16024\Desktop\齿镜\calculus-unetpp\data\processed\images\train\6a1eecc497e8e048.jpg,C:\Users\16024\Desktop\齿镜\calculus-unetpp\data\processed\masks\train\6a1eecc497e8e048.png
d1a6d75029263ca8,train,0,d1a6d75029263ca84c44b353725f43790e157281a02d709c7b701ad1c8fb4875,78,78,C:\Users\16024\Desktop\齿镜\calculus-unetpp\data\processed\images\train\d1a6d75029263ca8.jpg,C:\Users\16024\Desktop\齿镜\calculus-unetpp\data\processed\masks\train\d1a6d75029263ca8.png
c3e92d09f771392e,train,0,c3e92d09f771392e89143b34746fd82186d74faf0d8a8c3b089bc4343cc4dbe9,caries_0_4423,caries_0_4423,C:\Users\16024\Desktop\齿镜\calculus-unetpp\data\processed\images\train\c3e92d09f771392e.jpg,C:\Users\16024\Desktop\齿镜\calculus-unetpp\data\processed\masks\train\c3e92d09f771392e.png
56d2430c6b7d42f5,train,0,56d2430c6b7d42f5f7c2e74506d76f93658e2218eb121a9937a73bbd488a1109,gingivitis_(1865),gingivitis_(1865),C:\Users\16024\Desktop\齿镜\calculus-unetpp\data\processed\images\train\56d2430c6b7d42f5.jpg,C:\Users\16024\Desktop\齿镜\calculus-unetpp\data\processed\masks\train\56d2430c6b7d42f5.png
5b73a0b4bf38f726,train,0,5b73a0b4bf38f7263761378ffaf02e70e0ecce1d8fdc880b487235a21e34f6ac,caries_0_4203,caries_0_4203,C:\Users\16024\Desktop\齿镜\calculus-unetpp\data\processed\images\train\5b73a0b4bf38f726.jpg,C:\Users\16024\Desktop\齿镜\calculus-unetpp\data\processed\masks\train\5b73a0b4bf38f726.png
1820fa3ddce343f6,train,0,1820fa3ddce343f60d49c8868be2a58cb8efe1d973aee239d089056e4b549cdf,gingivitis_(2245),gingivitis_(2245),C:\Users\16024\Desktop\齿镜\calculus-unetpp\data\processed\images\train\1820fa3ddce343f6.jpg,C:\Users\16024\Desktop\齿镜\calculus-unetpp\data\processed\masks\train\1820fa3ddce343f6.png
d2881f2182fa60e4,train,0,d2881f2182fa60e40eb206e62be68350c48cef6a6149a20b4ad81f15c718f4f6,caries_0_7600,caries_0_7600,C:\Users\16024\Desktop\齿镜\calculus-unetpp\data\processed\images\train\d2881f2182fa60e4.jpg,C:\Users\16024\Desktop\齿镜\calculus-unetpp\data\processed\masks\train\d2881f2182fa60e4.png
f82ffe816e8984e8,train,0,f82ffe816e8984e85ec19f2414c2b0f5e7fbd7c39d097e23497f3f19dd9e7db0,gingivitis_(700),gingivitis_(700),C:\Users\16024\Desktop\齿镜\calculus-unetpp\data\processed\images\train\f82ffe816e8984e8.jpg,C:\Users\16024\Desktop\齿镜\calculus-unetpp\data\processed\masks\train\f82ffe816e8984e8.png
f1999fb037bd34d9,train,0,f1999fb037bd34d9bc03c9ac70fef8ffbcd3104e9302128f4e87fca83f315e77,gingivitis_(566),gingivitis_(566),C:\Users\16024\Desktop\齿镜\calculus-unetpp\data\processed\images\train\f1999fb037bd34d9.jpg,C:\Users\16024\Desktop\齿镜\calculus-unetpp\data\processed\masks\train\f1999fb037bd34d9.png
96e65186ebc504fe,train,0,96e65186ebc504fe69669ec4fa7fb5d465015ed7bc2f174d97bcff546c6603c4,caries_0_3430,caries_0_3430,C:\Users\16024\Desktop\齿镜\calculus-unetpp\data\processed\images\train\96e65186ebc504fe.jpg,C:\Users\16024\Desktop\齿镜\calculus-unetpp\data\processed\masks\train\96e65186ebc504fe.png
3c6171470a268dba,train,0,3c6171470a268dba75b5be5af3f73ae41ca88bfa27a8d2079ecce26127616a16,gingivitis_(1110);gingivitis_(1110)(1),gingivitis_(1110),C:\Users\16024\Desktop\齿镜\calculus-unetpp\data\processed\images\train\3c6171470a268dba.jpg,C:\Users\16024\Desktop\齿镜\calculus-unetpp\data\processed\masks\train\3c6171470a268dba.png
310f3c5c864aa26a,train,0,310f3c5c864aa26a6927ff888946c8997ded3073e9a6546dcbb5dbd981a7f5ae,caries_0_2600,caries_0_2600,C:\Users\16024\Desktop\齿镜\calculus-unetpp\data\processed\images\train\310f3c5c864aa26a.jpg,C:\Users\16024\Desktop\齿镜\calculus-unetpp\data\processed\masks\train\310f3c5c864aa26a.png
5bbd4725e778a286,train,0,5bbd4725e778a28673171771d1cdac4f76c1440b15028ab55c57cef48da917b9,gingivitis_(2034),gingivitis_(2034),C:\Users\16024\Desktop\齿镜\calculus-unetpp\data\processed\images\train\5bbd4725e778a286.jpg,C:\Users\16024\Desktop\齿镜\calculus-unetpp\data\processed\masks\train\5bbd4725e778a286.png
bc7c7d8c1822ef32,train,0,bc7c7d8c1822ef32a0a2a7d3a3970e9d6413325d26f4445198585c173c0bf71c,caries_0_2805,caries_0_2805,C:\Users\16024\Desktop\齿镜\calculus-unetpp\data\processed\images\train\bc7c7d8c1822ef32.jpg,C:\Users\16024\Desktop\齿镜\calculus-unetpp\data\processed\masks\train\bc7c7d8c1822ef32.png
98db4970baa20370,train,0,98db4970baa20370325948dc1c42cd6e6f379d13570cd7bd4af340290978ca92,gingivitis_(404);gingivitis_(427),gingivitis_(404),C:\Users\16024\Desktop\齿镜\calculus-unetpp\data\processed\images\train\98db4970baa20370.jpg,C:\Users\16024\Desktop\齿镜\calculus-unetpp\data\processed\masks\train\98db4970baa20370.png
e5a64103bf04a596,train,0,e5a64103bf04a596f5013b906d741b5c79f39282ed6977c3242febf0737fbc53,caries_0_3098,caries_0_3098,C:\Users\16024\Desktop\齿镜\calculus-unetpp\data\processed\images\train\e5a64103bf04a596.jpg,C:\Users\16024\Desktop\齿镜\calculus-unetpp\data\processed\masks\train\e5a64103bf04a596.png
b5ae192f6664ff7a,train,0,b5ae192f6664ff7a7ccf0c778c6e330de1b8e1ab96836bfce5785c148c2d25b1,caries_0_5878,caries_0_5878,C:\Users\16024\Desktop\齿镜\calculus-unetpp\data\processed\images\train\b5ae192f6664ff7a.jpg,C:\Users\16024\Desktop\齿镜\calculus-unetpp\data\processed\masks\train\b5ae192f6664ff7a.png
e6f045a406074e6d,train,0,e6f045a406074e6de70921b9e8a9e4da12400f4d9053a1e5cb6a514324a4f69a,gingivitis_(1342),gingivitis_(1342),C:\Users\16024\Desktop\齿镜\calculus-unetpp\data\processed\images\train\e6f045a406074e6d.jpg,C:\Users\16024\Desktop\齿镜\calculus-unetpp\data\processed\masks\train\e6f045a406074e6d.png
f4f508203f19e6a8,train,0,f4f508203f19e6a8728f4e59d6acd734433c08dabde80545c7b38d64678af896,caries_0_4400,caries_0_4400,C:\Users\16024\Desktop\齿镜\calculus-unetpp\data\processed\images\train\f4f508203f19e6a8.jpg,C:\Users\16024\Desktop\齿镜\calculus-unetpp\data\processed\masks\train\f4f508203f19e6a8.png
6cf296ed28a69000,train,0,6cf296ed28a690003e08f1df11ed8da365426328ed799342fd009c58c15d65ad,caries_0_9472,caries_0_9472,C:\Users\16024\Desktop\齿镜\calculus-unetpp\data\processed\images\train\6cf296ed28a69000.jpg,C:\Users\16024\Desktop\齿镜\calculus-unetpp\data\processed\masks\train\6cf296ed28a69000.png
152acb20fe7d0658,train,0,152acb20fe7d0658d2400bd2fe5c00c2b5997bd6d9ad0991067b16367e72765f,gingivitis_(1087);gingivitis_(1202),gingivitis_(1087),C:\Users\16024\Desktop\齿镜\calculus-unetpp\data\processed\images\train\152acb20fe7d0658.jpg,C:\Users\16024\Desktop\齿镜\calculus-unetpp\data\processed\masks\train\152acb20fe7d0658.png
27acef0636e7b4a2,train,0,27acef0636e7b4a20c2397e4dcaf072c4414e45ec1c715ede8d61b13375f693c,gingivitis_(647);gingivitis_(648),gingivitis_(647),C:\Users\16024\Desktop\齿镜\calculus-unetpp\data\processed\images\train\27acef0636e7b4a2.jpg,C:\Users\16024\Desktop\齿镜\calculus-unetpp\data\processed\masks\train\27acef0636e7b4a2.png
0981c485500404ad,train,0,0981c485500404ad958ecc02dc43e9a9ab3855cc197b87dc025c0e6fbe18d960,caries_0_2893,caries_0_2893,C:\Users\16024\Desktop\齿镜\calculus-unetpp\data\processed\images\train\0981c485500404ad.jpg,C:\Users\16024\Desktop\齿镜\calculus-unetpp\data\processed\masks\train\0981c485500404ad.png
50dee68c020b15ba,train,0,50dee68c020b15ba1870fd486c202382ab6dca0f94cd8f6cc951f2c0bb24eacd,caries_0_1228,caries_0_1228,C:\Users\16024\Desktop\齿镜\calculus-unetpp\data\processed\images\train\50dee68c020b15ba.jpg,C:\Users\16024\Desktop\齿镜\calculus-unetpp\data\processed\masks\train\50dee68c020b15ba.png
d7642b7c1df8d0b3,train,0,d7642b7c1df8d0b3d2b1e27e3cf773a689006525082eb881b1a8d3cbe8adf9e7,caries_0_1721,caries_0_1721,C:\Users\16024\Desktop\齿镜\calculus-unetpp\data\processed\images\train\d7642b7c1df8d0b3.jpg,C:\Users\16024\Desktop\齿镜\calculus-unetpp\data\processed\masks\train\d7642b7c1df8d0b3.png
711b8cd1017d32df,train,0,711b8cd1017d32df2ca40909591248db773419414318e8bfbf3369d556565b59,gingivitis_(1890),gingivitis_(1890),C:\Users\16024\Desktop\齿镜\calculus-unetpp\data\processed\images\train\711b8cd1017d32df.jpg,C:\Users\16024\Desktop\齿镜\calculus-unetpp\data\processed\masks\train\711b8cd1017d32df.png
9246b15ac44916a5,train,0,9246b15ac44916a55b188fe017ef17c750c5c55d096fc2fd619865a74f03462c,caries_0_1487,caries_0_1487,C:\Users\16024\Desktop\齿镜\calculus-unetpp\data\processed\images\train\9246b15ac44916a5.jpg,C:\Users\16024\Desktop\齿镜\calculus-unetpp\data\processed\masks\train\9246b15ac44916a5.png
e7eda87160b431cf,train,0,e7eda87160b431cfd805682a4d2d074a0ed9f932b6bdeca18bdaf35dd8c14b67,54,54,C:\Users\16024\Desktop\齿镜\calculus-unetpp\data\processed\images\train\e7eda87160b431cf.jpg,C:\Users\16024\Desktop\齿镜\calculus-unetpp\data\processed\masks\train\e7eda87160b431cf.png
e93f58fa842d852e,train,0,e93f58fa842d852e8c18787244d7aac3bf2409d8ac86727a741bfaa3cee65518,caries_0_9008,caries_0_9008,C:\Users\16024\Desktop\齿镜\calculus-unetpp\data\processed\images\train\e93f58fa842d852e.jpg,C:\Users\16024\Desktop\齿镜\calculus-unetpp\data\processed\masks\train\e93f58fa842d852e.png
775ed59bdaaeb488,train,0,775ed59bdaaeb4883e70aadc7c0d20511895a03a447618dbdf88ce9f47a0dd08,caries_0_1368,caries_0_1368,C:\Users\16024\Desktop\齿镜\calculus-unetpp\data\processed\images\train\775ed59bdaaeb488.jpg,C:\Users\16024\Desktop\齿镜\calculus-unetpp\data\processed\masks\train\775ed59bdaaeb488.png
251798da34ae8f2b,train,0,251798da34ae8f2b6493d839959160aa689f4e13702ba0cc64ac1531a3893858,caries_0_136,caries_0_136,C:\Users\16024\Desktop\齿镜\calculus-unetpp\data\processed\images\train\251798da34ae8f2b.jpg,C:\Users\16024\Desktop\齿镜\calculus-unetpp\data\processed\masks\train\251798da34ae8f2b.png
74a91a8537d68646,train,0,74a91a8537d68646b9c917aab99f1776f31b3879640f938d428e1e331888bc7c,caries_0_240,caries_0_240,C:\Users\16024\Desktop\齿镜\calculus-unetpp\data\processed\images\train\74a91a8537d68646.jpg,C:\Users\16024\Desktop\齿镜\calculus-unetpp\data\processed\masks\train\74a91a8537d68646.png
5ce71db0b586fae9,train,0,5ce71db0b586fae905045b5891d691f0dc9010720e77dfe87f264066c6b98c44,143,143,C:\Users\16024\Desktop\齿镜\calculus-unetpp\data\processed\images\train\5ce71db0b586fae9.jpg,C:\Users\16024\Desktop\齿镜\calculus-unetpp\data\processed\masks\train\5ce71db0b586fae9.png
b9ee7c179749bad5,train,0,b9ee7c179749bad58f5360ae42d08afcfd918fa73305f0fe1a39b626f18187a0,200,200,C:\Users\16024\Desktop\齿镜\calculus-unetpp\data\processed\images\train\b9ee7c179749bad5.jpg,C:\Users\16024\Desktop\齿镜\calculus-unetpp\data\processed\masks\train\b9ee7c179749bad5.png
790a9ad46951fb71,train,0,790a9ad46951fb71fba9bcaf26595279f711af570859380b89908b96f11ad6f9,caries_0_5019,caries_0_5019,C:\Users\16024\Desktop\齿镜\calculus-unetpp\data\processed\images\train\790a9ad46951fb71.jpg,C:\Users\16024\Desktop\齿镜\calculus-unetpp\data\processed\masks\train\790a9ad46951fb71.png
51b9dcf4b85b508a,train,0,51b9dcf4b85b508a05568a2807f2a1c7379a0b4b70a00b34aa576ef96b8ac211,caries_0_7537,caries_0_7537,C:\Users\16024\Desktop\齿镜\calculus-unetpp\data\processed\images\train\51b9dcf4b85b508a.jpg,C:\Users\16024\Desktop\齿镜\calculus-unetpp\data\processed\masks\train\51b9dcf4b85b508a.png
bd2c01c003b73474,train,0,bd2c01c003b73474ed1f2ece55378b0ad7bfeb28ead9c87878b8e3bd2e013788,caries_0_3986,caries_0_3986,C:\Users\16024\Desktop\齿镜\calculus-unetpp\data\processed\images\train\bd2c01c003b73474.jpg,C:\Users\16024\Desktop\齿镜\calculus-unetpp\data\processed\masks\train\bd2c01c003b73474.png
d34b2f33987752eb,train,0,d34b2f33987752eb3616803287da68253b4faef8461276d1ee476848227ff634,(74),(74),C:\Users\16024\Desktop\齿镜\calculus-unetpp\data\processed\images\train\d34b2f33987752eb.jpg,C:\Users\16024\Desktop\齿镜\calculus-unetpp\data\processed\masks\train\d34b2f33987752eb.png
b23035781b3e10cc,train,0,b23035781b3e10ccf8566a04d22de6c19f44f887a2663d6a55a53c60cb3778e4,caries_0_5960,caries_0_5960,C:\Users\16024\Desktop\齿镜\calculus-unetpp\data\processed\images\train\b23035781b3e10cc.jpg,C:\Users\16024\Desktop\齿镜\calculus-unetpp\data\processed\masks\train\b23035781b3e10cc.png
0bf5147d9f4913ae,train,0,0bf5147d9f4913aea43c81474c5c29f03f1b4b70c4df3fb270affe7fc35c25d1,gingivitis_(737),gingivitis_(737),C:\Users\16024\Desktop\齿镜\calculus-unetpp\data\processed\images\train\0bf5147d9f4913ae.jpg,C:\Users\16024\Desktop\齿镜\calculus-unetpp\data\processed\masks\train\0bf5147d9f4913ae.png
4a764654f4c9efd9,train,0,4a764654f4c9efd946421d8f08f828606d58bac6ec2e5f419bff6f8fa0045a54,caries_0_7474,caries_0_7474,C:\Users\16024\Desktop\齿镜\calculus-unetpp\data\processed\images\train\4a764654f4c9efd9.jpg,C:\Users\16024\Desktop\齿镜\calculus-unetpp\data\processed\masks\train\4a764654f4c9efd9.png
d27ffa3fff59c44b,train,0,d27ffa3fff59c44b95364d684fcd05dd6f665ea6f7167be82d4d6a6c378b7613,caries_0_2033,caries_0_2033,C:\Users\16024\Desktop\齿镜\calculus-unetpp\data\processed\images\train\d27ffa3fff59c44b.jpg,C:\Users\16024\Desktop\齿镜\calculus-unetpp\data\processed\masks\train\d27ffa3fff59c44b.png
75aaa9210744a593,train,0,75aaa9210744a5932b9fcf430a8e7aca859b2dd2d80384b21db276c767644ec7,caries_0_8905,caries_0_8905,C:\Users\16024\Desktop\齿镜\calculus-unetpp\data\processed\images\train\75aaa9210744a593.jpg,C:\Users\16024\Desktop\齿镜\calculus-unetpp\data\processed\masks\train\75aaa9210744a593.png
5a060a03221c5fb4,train,0,5a060a03221c5fb4d380d68048b73dca56a188d6ebf22beb82390ede43f75467,caries_0_86,caries_0_86,C:\Users\16024\Desktop\齿镜\calculus-unetpp\data\processed\images\train\5a060a03221c5fb4.jpg,C:\Users\16024\Desktop\齿镜\calculus-unetpp\data\processed\masks\train\5a060a03221c5fb4.png
7ae6ac070a973af1,train,0,7ae6ac070a973af1268ddaff3835ba07e17c8aee51d5a8b082f922b597052604,caries_0_2594,caries_0_2594,C:\Users\16024\Desktop\齿镜\calculus-unetpp\data\processed\images\train\7ae6ac070a973af1.jpg,C:\Users\16024\Desktop\齿镜\calculus-unetpp\data\processed\masks\train\7ae6ac070a973af1.png
fc7d6c94291d479b,train,0,fc7d6c94291d479b8d209551ffee1b14f699a1f6742b744259fdb1a3bfdcd2e2,caries_0_7500,caries_0_7500,C:\Users\16024\Desktop\齿镜\calculus-unetpp\data\processed\images\train\fc7d6c94291d479b.jpg,C:\Users\16024\Desktop\齿镜\calculus-unetpp\data\processed\masks\train\fc7d6c94291d479b.png
13f424f922a7a17f,train,0,13f424f922a7a17f4d3d2e8cecf62ff95a073be8a058a603a2d1c9804d5c6948,gingivitis_(1827);gingivitis_(1920);gingivitis_(2068),gingivitis_(1827),C:\Users\16024\Desktop\齿镜\calculus-unetpp\data\processed\images\train\13f424f922a7a17f.jpg,C:\Users\16024\Desktop\齿镜\calculus-unetpp\data\processed\masks\train\13f424f922a7a17f.png
34f6678c369c9a8f,train,0,34f6678c369c9a8f9d6ffda1d728d788fcb0a8c0ba804b20fef6c774aff025df,caries_0_134,caries_0_134,C:\Users\16024\Desktop\齿镜\calculus-unetpp\data\processed\images\train\34f6678c369c9a8f.jpg,C:\Users\16024\Desktop\齿镜\calculus-unetpp\data\processed\masks\train\34f6678c369c9a8f.png
a306b73b59002eea,train,0,a306b73b59002eea44923ab863bc73750d235020e5dd6cc26d56b16b408a62b9,caries_0_5757,caries_0_5757,C:\Users\16024\Desktop\齿镜\calculus-unetpp\data\processed\images\train\a306b73b59002eea.jpg,C:\Users\16024\Desktop\齿镜\calculus-unetpp\data\processed\masks\train\a306b73b59002eea.png
a3d53e3779528342,train,0,a3d53e37795283426fddb775936900899978c8f7c1bb2fd8b99b53142befacdd,caries_0_8877,caries_0_8877,C:\Users\16024\Desktop\齿镜\calculus-unetpp\data\processed\images\train\a3d53e3779528342.jpg,C:\Users\16024\Desktop\齿镜\calculus-unetpp\data\processed\masks\train\a3d53e3779528342.png
8e86d6e3bd126273,train,0,8e86d6e3bd126273fa867b14afdbc0bb8cc90b2083a172e3c86b21af93da28cd,caries_0_1515,caries_0_1515,C:\Users\16024\Desktop\齿镜\calculus-unetpp\data\processed\images\train\8e86d6e3bd126273.jpg,C:\Users\16024\Desktop\齿镜\calculus-unetpp\data\processed\masks\train\8e86d6e3bd126273.png
6c127c0d8bbb6c60,train,0,6c127c0d8bbb6c60623ca88c68c18bfe524546e2f312ee2a4a11bdd8353bbeb4,caries_0_1470,caries_0_1470,C:\Users\16024\Desktop\齿镜\calculus-unetpp\data\processed\images\train\6c127c0d8bbb6c60.jpg,C:\Users\16024\Desktop\齿镜\calculus-unetpp\data\processed\masks\train\6c127c0d8bbb6c60.png
b637520548995df9,train,0,b637520548995df937c31ab47501e65d090ebff51e5afa4d05b0a6ea8923acc1,caries_0_9909,caries_0_9909,C:\Users\16024\Desktop\齿镜\calculus-unetpp\data\processed\images\train\b637520548995df9.jpg,C:\Users\16024\Desktop\齿镜\calculus-unetpp\data\processed\masks\train\b637520548995df9.png
7b749bea5a02b307,train,0,7b749bea5a02b307d509a8a05d1cccea23c6054982bc4c40dcbbfc8c6ae2d0c8,gingivitis_(1176),gingivitis_(1176),C:\Users\16024\Desktop\齿镜\calculus-unetpp\data\processed\images\train\7b749bea5a02b307.jpg,C:\Users\16024\Desktop\齿镜\calculus-unetpp\data\processed\masks\train\7b749bea5a02b307.png
5cc58bcffa023bb7,train,0,5cc58bcffa023bb728c16ead97af79c69caa634db786ac6b4afee4098951faa5,gingivitis_(1174),gingivitis_(1174),C:\Users\16024\Desktop\齿镜\calculus-unetpp\data\processed\images\train\5cc58bcffa023bb7.jpg,C:\Users\16024\Desktop\齿镜\calculus-unetpp\data\processed\masks\train\5cc58bcffa023bb7.png
791c6dce90e5c29a,train,0,791c6dce90e5c29a8822aabdf6568eada375752398d22bc999aa3ba20700fe58,gingivitis_(1604),gingivitis_(1604),C:\Users\16024\Desktop\齿镜\calculus-unetpp\data\processed\images\train\791c6dce90e5c29a.jpg,C:\Users\16024\Desktop\齿镜\calculus-unetpp\data\processed\masks\train\791c6dce90e5c29a.png
d21067610f930acc,train,0,d21067610f930acce0a05afbb01410d6138500e35e353f29bb4ee5a7c058c310,caries_0_68,caries_0_68,C:\Users\16024\Desktop\齿镜\calculus-unetpp\data\processed\images\train\d21067610f930acc.jpg,C:\Users\16024\Desktop\齿镜\calculus-unetpp\data\processed\masks\train\d21067610f930acc.png
15688c5dfe277573,train,0,15688c5dfe277573706359cb9537b56ebbff3be8d5a6f44cb0f1ea92da295358,caries_0_1971,caries_0_1971,C:\Users\16024\Desktop\齿镜\calculus-unetpp\data\processed\images\train\15688c5dfe277573.jpg,C:\Users\16024\Desktop\齿镜\calculus-unetpp\data\processed\masks\train\15688c5dfe277573.png
862b2f21f5534c14,train,0,862b2f21f5534c14be3edc730bc2414e43fac124fcdc73f7004b53084e82dd69,caries_0_881,caries_0_881,C:\Users\16024\Desktop\齿镜\calculus-unetpp\data\processed\images\train\862b2f21f5534c14.jpg,C:\Users\16024\Desktop\齿镜\calculus-unetpp\data\processed\masks\train\862b2f21f5534c14.png
1a8160c6a08fdfec,train,0,1a8160c6a08fdfec1fc364bc5bbde256fbc2f9aeca8185314bf6de80d0c22160,gingivitis_(305),gingivitis_(305),C:\Users\16024\Desktop\齿镜\calculus-unetpp\data\processed\images\train\1a8160c6a08fdfec.jpg,C:\Users\16024\Desktop\齿镜\calculus-unetpp\data\processed\masks\train\1a8160c6a08fdfec.png
d01d6f9a83118373,train,0,d01d6f9a83118373655fcb967d853c39630d8fcfafb0409896e61d182d818c5d,caries_0_9756,caries_0_9756,C:\Users\16024\Desktop\齿镜\calculus-unetpp\data\processed\images\train\d01d6f9a83118373.jpg,C:\Users\16024\Desktop\齿镜\calculus-unetpp\data\processed\masks\train\d01d6f9a83118373.png
5bf848b97dc74731,train,0,5bf848b97dc7473153adeafa355b11d64046d5885d07b1bd57a4469a233c0592,caries_0_684,caries_0_684,C:\Users\16024\Desktop\齿镜\calculus-unetpp\data\processed\images\train\5bf848b97dc74731.jpg,C:\Users\16024\Desktop\齿镜\calculus-unetpp\data\processed\masks\train\5bf848b97dc74731.png
09616417a62bf1cf,train,0,09616417a62bf1cf607da63b686df301a0705ea7cf6f21959e0c63f31e3a14bb,caries_0_49,caries_0_49,C:\Users\16024\Desktop\齿镜\calculus-unetpp\data\processed\images\train\09616417a62bf1cf.jpg,C:\Users\16024\Desktop\齿镜\calculus-unetpp\data\processed\masks\train\09616417a62bf1cf.png
e91cfdaa0d6d9bb4,train,0,e91cfdaa0d6d9bb41d87a211b96cad2f2a26aa1458ffa7e3d7fb71ca00678648,caries_0_5065,caries_0_5065,C:\Users\16024\Desktop\齿镜\calculus-unetpp\data\processed\images\train\e91cfdaa0d6d9bb4.jpg,C:\Users\16024\Desktop\齿镜\calculus-unetpp\data\processed\masks\train\e91cfdaa0d6d9bb4.png
0cc24831fb4ef30e,train,0,0cc24831fb4ef30e1aab81b0e222fea3d675fa40d3b2f82b151ef86f715394d5,caries_0_8931,caries_0_8931,C:\Users\16024\Desktop\齿镜\calculus-unetpp\data\processed\images\train\0cc24831fb4ef30e.jpg,C:\Users\16024\Desktop\齿镜\calculus-unetpp\data\processed\masks\train\0cc24831fb4ef30e.png
c055eacb0d3a5695,train,0,c055eacb0d3a56950181334af23bd9c20394d35f7039dfa58b8095893177358c,caries_0_3211,caries_0_3211,C:\Users\16024\Desktop\齿镜\calculus-unetpp\data\processed\images\train\c055eacb0d3a5695.jpg,C:\Users\16024\Desktop\齿镜\calculus-unetpp\data\processed\masks\train\c055eacb0d3a5695.png
a2fe04c22f38c41d,train,0,a2fe04c22f38c41d26a27b7964435379496c611ce2eb9f59634bb6a436faf14e,caries_0_5278,caries_0_5278,C:\Users\16024\Desktop\齿镜\calculus-unetpp\data\processed\images\train\a2fe04c22f38c41d.jpg,C:\Users\16024\Desktop\齿镜\calculus-unetpp\data\processed\masks\train\a2fe04c22f38c41d.png
2dd221cff158b35e,train,0,2dd221cff158b35efad6f26e649c67c66f39f2d9962759b1fe98db701b1319fc,caries_0_4528,caries_0_4528,C:\Users\16024\Desktop\齿镜\calculus-unetpp\data\processed\images\train\2dd221cff158b35e.jpg,C:\Users\16024\Desktop\齿镜\calculus-unetpp\data\processed\masks\train\2dd221cff158b35e.png
a18b91f9dc37b374,train,0,a18b91f9dc37b3744cc17e6e5aebe4cde44f5020004063f9bda664279c7abedf,gingivitis_(1421),gingivitis_(1421),C:\Users\16024\Desktop\齿镜\calculus-unetpp\data\processed\images\train\a18b91f9dc37b374.jpg,C:\Users\16024\Desktop\齿镜\calculus-unetpp\data\processed\masks\train\a18b91f9dc37b374.png
5f2328ce399dbfa5,train,0,5f2328ce399dbfa5ac4a01bbf35e6a5ef07def5ab86a6851616003e1b3f3e8f3,caries_0_7155,caries_0_7155,C:\Users\16024\Desktop\齿镜\calculus-unetpp\data\processed\images\train\5f2328ce399dbfa5.jpg,C:\Users\16024\Desktop\齿镜\calculus-unetpp\data\processed\masks\train\5f2328ce399dbfa5.png
5351789984a0a3dd,train,0,5351789984a0a3dd47ad3c16eab8e6f1b5601a386731e306e95c99dc4420d81e,gingivitis_(1044);gingivitis_(1120);gingivitis_(1199);gingivitis_(1279),gingivitis_(1044),C:\Users\16024\Desktop\齿镜\calculus-unetpp\data\processed\images\train\5351789984a0a3dd.jpg,C:\Users\16024\Desktop\齿镜\calculus-unetpp\data\processed\masks\train\5351789984a0a3dd.png
e90173e4ded2661e,train,0,e90173e4ded2661eebb00372a49d070e9f5cf92f8548f95a5710ec1448e6262e,caries_0_2531,caries_0_2531,C:\Users\16024\Desktop\齿镜\calculus-unetpp\data\processed\images\train\e90173e4ded2661e.jpg,C:\Users\16024\Desktop\齿镜\calculus-unetpp\data\processed\masks\train\e90173e4ded2661e.png
f007af6cc148eda3,train,0,f007af6cc148eda3265eea8e73a2679927ae06e032be8372dde3838ed68f204a,caries_0_5046,caries_0_5046,C:\Users\16024\Desktop\齿镜\calculus-unetpp\data\processed\images\train\f007af6cc148eda3.jpg,C:\Users\16024\Desktop\齿镜\calculus-unetpp\data\processed\masks\train\f007af6cc148eda3.png
b96fae2619b57f88,train,0,b96fae2619b57f88db3cdba3d6b2f6960de0e150db2e6f1e08c7727ed3115c61,caries_0_2609,caries_0_2609,C:\Users\16024\Desktop\齿镜\calculus-unetpp\data\processed\images\train\b96fae2619b57f88.jpg,C:\Users\16024\Desktop\齿镜\calculus-unetpp\data\processed\masks\train\b96fae2619b57f88.png
758d4d075bab7e72,train,0,758d4d075bab7e7228d4d08d302dcb7a290029b1d0cfa8e5e92e870fba1beadc,caries_0_4544,caries_0_4544,C:\Users\16024\Desktop\齿镜\calculus-unetpp\data\processed\images\train\758d4d075bab7e72.jpg,C:\Users\16024\Desktop\齿镜\calculus-unetpp\data\processed\masks\train\758d4d075bab7e72.png
d6e2621176630ddf,train,0,d6e2621176630ddfb3746ec3fc4bd948b7652371a89b7f7f59987f2f9110373a,caries_0_2966,caries_0_2966,C:\Users\16024\Desktop\齿镜\calculus-unetpp\data\processed\images\train\d6e2621176630ddf.jpg,C:\Users\16024\Desktop\齿镜\calculus-unetpp\data\processed\masks\train\d6e2621176630ddf.png
8e4b86d350ecf65e,train,0,8e4b86d350ecf65eedae32c1dcf76df4fa389076b4aa8546ca20ee3a9b535358,caries_0_1557,caries_0_1557,C:\Users\16024\Desktop\齿镜\calculus-unetpp\data\processed\images\train\8e4b86d350ecf65e.jpg,C:\Users\16024\Desktop\齿镜\calculus-unetpp\data\processed\masks\train\8e4b86d350ecf65e.png
3a8df0c721d40190,train,0,3a8df0c721d40190e6fe0819f2311bd2605b9e14fae8c30e558a9dfe04fdc79b,gingivitis_(2124),gingivitis_(2124),C:\Users\16024\Desktop\齿镜\calculus-unetpp\data\processed\images\train\3a8df0c721d40190.jpg,C:\Users\16024\Desktop\齿镜\calculus-unetpp\data\processed\masks\train\3a8df0c721d40190.png
496f0b79d699cabc,train,0,496f0b79d699cabc9da0430f15507112858cacd66a8aaa9e206eb70bc75928a3,caries_0_4970,caries_0_4970,C:\Users\16024\Desktop\齿镜\calculus-unetpp\data\processed\images\train\496f0b79d699cabc.jpg,C:\Users\16024\Desktop\齿镜\calculus-unetpp\data\processed\masks\train\496f0b79d699cabc.png
77ddaa800c6cf15f,train,0,77ddaa800c6cf15f8f27bedb622841658b772707ddb192a842ac7901b971a103,caries_0_2741,caries_0_2741,C:\Users\16024\Desktop\齿镜\calculus-unetpp\data\processed\images\train\77ddaa800c6cf15f.jpg,C:\Users\16024\Desktop\齿镜\calculus-unetpp\data\processed\masks\train\77ddaa800c6cf15f.png
d6e0ec861b90cf52,train,0,d6e0ec861b90cf52753147e1889211af96528a2c215165e6ba832cb5d6655219,gingivitis_(2066),gingivitis_(2066),C:\Users\16024\Desktop\齿镜\calculus-unetpp\data\processed\images\train\d6e0ec861b90cf52.jpg,C:\Users\16024\Desktop\齿镜\calculus-unetpp\data\processed\masks\train\d6e0ec861b90cf52.png
ef56a75e3d3d66cc,train,0,ef56a75e3d3d66cc359e7aa8c29c72e3d5e5dadcc787cfb3b054a9a950bc0818,caries_0_2725,caries_0_2725,C:\Users\16024\Desktop\齿镜\calculus-unetpp\data\processed\images\train\ef56a75e3d3d66cc.jpg,C:\Users\16024\Desktop\齿镜\calculus-unetpp\data\processed\masks\train\ef56a75e3d3d66cc.png
03069c43210e0db4,train,0,03069c43210e0db4fb55503a511d7aedc36c5e72d7db778f3c85a624ff6e2f79,gingivitis_(1590),gingivitis_(1590),C:\Users\16024\Desktop\齿镜\calculus-unetpp\data\processed\images\train\03069c43210e0db4.jpg,C:\Users\16024\Desktop\齿镜\calculus-unetpp\data\processed\masks\train\03069c43210e0db4.png
a0ae3402e1080e7d,train,0,a0ae3402e1080e7d57ce07f32090b16ce01b6cc2cf9132ea354dd9e2be003072,caries_0_304,caries_0_304,C:\Users\16024\Desktop\齿镜\calculus-unetpp\data\processed\images\train\a0ae3402e1080e7d.jpg,C:\Users\16024\Desktop\齿镜\calculus-unetpp\data\processed\masks\train\a0ae3402e1080e7d.png
6fbd98a3606b1f33,train,0,6fbd98a3606b1f339a426dc0c578349afaca6992f4b5148140e6fcf21d13a624,caries_0_4411,caries_0_4411,C:\Users\16024\Desktop\齿镜\calculus-unetpp\data\processed\images\train\6fbd98a3606b1f33.jpg,C:\Users\16024\Desktop\齿镜\calculus-unetpp\data\processed\masks\train\6fbd98a3606b1f33.png
d46b99bc3bfff21b,train,0,d46b99bc3bfff21b99ec3cbe325c4b21507daaad0675e84fa5256d6647af918c,gingivitis_(1098);gingivitis_(1104);gingivitis_(1104)(1);gingivitis_(1266),gingivitis_(1098),C:\Users\16024\Desktop\齿镜\calculus-unetpp\data\processed\images\train\d46b99bc3bfff21b.jpg,C:\Users\16024\Desktop\齿镜\calculus-unetpp\data\processed\masks\train\d46b99bc3bfff21b.png
36fd23db8489ba5c,train,0,36fd23db8489ba5cc18f539894857f7b9ef06e521aa7a708605d8007ad9d4484,gingivitis_(2099),gingivitis_(2099),C:\Users\16024\Desktop\齿镜\calculus-unetpp\data\processed\images\train\36fd23db8489ba5c.jpg,C:\Users\16024\Desktop\齿镜\calculus-unetpp\data\processed\masks\train\36fd23db8489ba5c.png
f6d51320c26b90b4,train,0,f6d51320c26b90b4806af7a7d796bfa7b41b91e145d7a7cf01527dfae931412b,gingivitis_(126),gingivitis_(126),C:\Users\16024\Desktop\齿镜\calculus-unetpp\data\processed\images\train\f6d51320c26b90b4.jpg,C:\Users\16024\Desktop\齿镜\calculus-unetpp\data\processed\masks\train\f6d51320c26b90b4.png
52c4cc5775666f2a,train,0,52c4cc5775666f2a9f659eb5e10aa14c24299ccea46fcb937ec2565f0f0ece6c,caries_0_9967,caries_0_9967,C:\Users\16024\Desktop\齿镜\calculus-unetpp\data\processed\images\train\52c4cc5775666f2a.jpg,C:\Users\16024\Desktop\齿镜\calculus-unetpp\data\processed\masks\train\52c4cc5775666f2a.png
2ff9cf734079cdfd,train,0,2ff9cf734079cdfdffd1ea0a01ff0713985d7c5f1951aca0d2e8ccba36640910,caries_0_5297,caries_0_5297,C:\Users\16024\Desktop\齿镜\calculus-unetpp\data\processed\images\train\2ff9cf734079cdfd.jpg,C:\Users\16024\Desktop\齿镜\calculus-unetpp\data\processed\masks\train\2ff9cf734079cdfd.png
be50a999d72c4c1b,train,0,be50a999d72c4c1ba1850d957970e14e34ab998cfbb300674d7464400a5a2ccc,caries_0_4307,caries_0_4307,C:\Users\16024\Desktop\齿镜\calculus-unetpp\data\processed\images\train\be50a999d72c4c1b.jpg,C:\Users\16024\Desktop\齿镜\calculus-unetpp\data\processed\masks\train\be50a999d72c4c1b.png
e78973da95b053dd,train,0,e78973da95b053dd6990a6440923065022cc3dafbe0c212640007ded9b0c810b,caries_0_8433,caries_0_8433,C:\Users\16024\Desktop\齿镜\calculus-unetpp\data\processed\images\train\e78973da95b053dd.jpg,C:\Users\16024\Desktop\齿镜\calculus-unetpp\data\processed\masks\train\e78973da95b053dd.png
6db636c257a0b53a,train,0,6db636c257a0b53a6fd342e17be711437c261490422efc269fc46c846621c039,caries_0_5254,caries_0_5254,C:\Users\16024\Desktop\齿镜\calculus-unetpp\data\processed\images\train\6db636c257a0b53a.jpg,C:\Users\16024\Desktop\齿镜\calculus-unetpp\data\processed\masks\train\6db636c257a0b53a.png
b5c063305e339cbd,train,0,b5c063305e339cbdc73ecd330c6c57e1c5d69c0c618ce9627c6873ccb5e1ba2a,caries_0_2125,caries_0_2125,C:\Users\16024\Desktop\齿镜\calculus-unetpp\data\processed\images\train\b5c063305e339cbd.jpg,C:\Users\16024\Desktop\齿镜\calculus-unetpp\data\processed\masks\train\b5c063305e339cbd.png
ccdf0b0f1c7f2946,train,0,ccdf0b0f1c7f2946a53240d6fa10df291fabb0531d21729b8bb9a15c40dbdea3,caries_0_3414,caries_0_3414,C:\Users\16024\Desktop\齿镜\calculus-unetpp\data\processed\images\train\ccdf0b0f1c7f2946.jpg,C:\Users\16024\Desktop\齿镜\calculus-unetpp\data\processed\masks\train\ccdf0b0f1c7f2946.png
2a8a37cd8f205c45,train,0,2a8a37cd8f205c45347b79fdcd45ffe3c7ecf5fe395382562396770e90621024,caries_0_355,caries_0_355,C:\Users\16024\Desktop\齿镜\calculus-unetpp\data\processed\images\train\2a8a37cd8f205c45.jpg,C:\Users\16024\Desktop\齿镜\calculus-unetpp\data\processed\masks\train\2a8a37cd8f205c45.png
a571a344b1f653b3,train,0,a571a344b1f653b3718a5f8355705b594fd33409dbbb0a58d393f9de52402221,gingivitis_(1097);gingivitis_(1100);gingivitis_(1100)(1),gingivitis_(1097),C:\Users\16024\Desktop\齿镜\calculus-unetpp\data\processed\images\train\a571a344b1f653b3.jpg,C:\Users\16024\Desktop\齿镜\calculus-unetpp\data\processed\masks\train\a571a344b1f653b3.png
69ffa8b534168db8,train,0,69ffa8b534168db8372ef8a65aa07034e41b057d30e921b0399a9d6c86c4ff6e,caries_0_3007,caries_0_3007,C:\Users\16024\Desktop\齿镜\calculus-unetpp\data\processed\images\train\69ffa8b534168db8.jpg,C:\Users\16024\Desktop\齿镜\calculus-unetpp\data\processed\masks\train\69ffa8b534168db8.png
baccb1f7742272ea,train,0,baccb1f7742272ea92e6641549527164ad8502cd5829ab0a56dc36699fba000d,caries_0_1512,caries_0_1512,C:\Users\16024\Desktop\齿镜\calculus-unetpp\data\processed\images\train\baccb1f7742272ea.jpg,C:\Users\16024\Desktop\齿镜\calculus-unetpp\data\processed\masks\train\baccb1f7742272ea.png
97997da6ea4058cf,train,0,97997da6ea4058cf95bddf53cdcd6914740a567aae71386a1705efdbeea85061,gingivitis_(1769),gingivitis_(1769),C:\Users\16024\Desktop\齿镜\calculus-unetpp\data\processed\images\train\97997da6ea4058cf.jpg,C:\Users\16024\Desktop\齿镜\calculus-unetpp\data\processed\masks\train\97997da6ea4058cf.png
145bd3636adf7ab6,train,0,145bd3636adf7ab69c80dafce0e84c7016a1588ef7cac4abd27002eba7d81fbd,caries_0_2009,caries_0_2009,C:\Users\16024\Desktop\齿镜\calculus-unetpp\data\processed\images\train\145bd3636adf7ab6.jpg,C:\Users\16024\Desktop\齿镜\calculus-unetpp\data\processed\masks\train\145bd3636adf7ab6.png
554c1d69bfcab1c1,train,0,554c1d69bfcab1c13cb95d7f06e6e9e5d64eef9294aaa42b706b7be7456641f3,gingivitis_(1758),gingivitis_(1758),C:\Users\16024\Desktop\齿镜\calculus-unetpp\data\processed\images\train\554c1d69bfcab1c1.jpg,C:\Users\16024\Desktop\齿镜\calculus-unetpp\data\processed\masks\train\554c1d69bfcab1c1.png
474c4928c78b369a,train,0,474c4928c78b369a22b741adbf26202b812d35faf558158c7689199f1f89715f,gingivitis_(523),gingivitis_(523),C:\Users\16024\Desktop\齿镜\calculus-unetpp\data\processed\images\train\474c4928c78b369a.jpg,C:\Users\16024\Desktop\齿镜\calculus-unetpp\data\processed\masks\train\474c4928c78b369a.png
a5bd19806d180add,train,0,a5bd19806d180addf5d030c22f2de7a4fc33a3d6cda4a59de917cb9113da8d6f,32,32,C:\Users\16024\Desktop\齿镜\calculus-unetpp\data\processed\images\train\a5bd19806d180add.jpg,C:\Users\16024\Desktop\齿镜\calculus-unetpp\data\processed\masks\train\a5bd19806d180add.png
51dd6933426811d6,train,0,51dd6933426811d6a4790b95defee4ef07556e2088c76faeeea39258b5ebda45,caries_0_1984,caries_0_1984,C:\Users\16024\Desktop\齿镜\calculus-unetpp\data\processed\images\train\51dd6933426811d6.jpg,C:\Users\16024\Desktop\齿镜\calculus-unetpp\data\processed\masks\train\51dd6933426811d6.png
2d30793a0b2192db,train,0,2d30793a0b2192db90225561dbfdd0e5cdce6d7e5a5263fc0a269c3db3f0c36d,gingivitis_(2263),gingivitis_(2263),C:\Users\16024\Desktop\齿镜\calculus-unetpp\data\processed\images\train\2d30793a0b2192db.jpg,C:\Users\16024\Desktop\齿镜\calculus-unetpp\data\processed\masks\train\2d30793a0b2192db.png
2d8d2d498bb06053,train,0,2d8d2d498bb06053fd8de2a20d4d63d04578aafedd8ba38aca8592febdf605e5,caries_0_66,caries_0_66,C:\Users\16024\Desktop\齿镜\calculus-unetpp\data\processed\images\train\2d8d2d498bb06053.jpg,C:\Users\16024\Desktop\齿镜\calculus-unetpp\data\processed\masks\train\2d8d2d498bb06053.png
10edb716134d9418,train,0,10edb716134d94182ea2a713545bbb16d40cb1806119abfd23562d3a23874faa,gingivitis_(1961),gingivitis_(1961),C:\Users\16024\Desktop\齿镜\calculus-unetpp\data\processed\images\train\10edb716134d9418.jpg,C:\Users\16024\Desktop\齿镜\calculus-unetpp\data\processed\masks\train\10edb716134d9418.png
9705b01f8f8e4a8c,train,0,9705b01f8f8e4a8c716d03376aa0b65b898d2e86603f847cdf019c9d822b0f49,caries_0_7091,caries_0_7091,C:\Users\16024\Desktop\齿镜\calculus-unetpp\data\processed\images\train\9705b01f8f8e4a8c.jpg,C:\Users\16024\Desktop\齿镜\calculus-unetpp\data\processed\masks\train\9705b01f8f8e4a8c.png
67d369c335227552,train,0,67d369c335227552b1b2009de563174a81b1684731cada873060d5ee46fa2293,caries_0_7480,caries_0_7480,C:\Users\16024\Desktop\齿镜\calculus-unetpp\data\processed\images\train\67d369c335227552.jpg,C:\Users\16024\Desktop\齿镜\calculus-unetpp\data\processed\masks\train\67d369c335227552.png
c2060c370a1ffe86,train,0,c2060c370a1ffe86da8dd7184864f80fdbfdaa3eab4330a90699c589875b1258,gingivitis_(1424),gingivitis_(1424),C:\Users\16024\Desktop\齿镜\calculus-unetpp\data\processed\images\train\c2060c370a1ffe86.jpg,C:\Users\16024\Desktop\齿镜\calculus-unetpp\data\processed\masks\train\c2060c370a1ffe86.png
bf911ab550868dd9,train,0,bf911ab550868dd91f753466e47de94b73d1aa72197e3645fd31a673a7db6a33,caries_0_5475,caries_0_5475,C:\Users\16024\Desktop\齿镜\calculus-unetpp\data\processed\images\train\bf911ab550868dd9.jpg,C:\Users\16024\Desktop\齿镜\calculus-unetpp\data\processed\masks\train\bf911ab550868dd9.png
7c80f404cb6d73a9,train,0,7c80f404cb6d73a9760cc6fcb413070acffc8bf7b09601ba5e389aa9324a9601,caries_0_2829,caries_0_2829,C:\Users\16024\Desktop\齿镜\calculus-unetpp\data\processed\images\train\7c80f404cb6d73a9.jpg,C:\Users\16024\Desktop\齿镜\calculus-unetpp\data\processed\masks\train\7c80f404cb6d73a9.png
80aab266907eb39a,train,0,80aab266907eb39a038eb0541bb046a399bf6cdcec215cbe0dc0d8560699587e,gingivitis_(1732),gingivitis_(1732),C:\Users\16024\Desktop\齿镜\calculus-unetpp\data\processed\images\train\80aab266907eb39a.jpg,C:\Users\16024\Desktop\齿镜\calculus-unetpp\data\processed\masks\train\80aab266907eb39a.png
6205ae1a6e72f93a,train,0,6205ae1a6e72f93a8b1e614710662234b448a0422a4618a581b9d76000f40400,caries_0_1822,caries_0_1822,C:\Users\16024\Desktop\齿镜\calculus-unetpp\data\processed\images\train\6205ae1a6e72f93a.jpg,C:\Users\16024\Desktop\齿镜\calculus-unetpp\data\processed\masks\train\6205ae1a6e72f93a.png
d402765bc90462bd,train,0,d402765bc90462bd8d3299342e6ff07cc8a79e86647588e49293b76e038c5b1e,caries_0_952,caries_0_952,C:\Users\16024\Desktop\齿镜\calculus-unetpp\data\processed\images\train\d402765bc90462bd.jpg,C:\Users\16024\Desktop\齿镜\calculus-unetpp\data\processed\masks\train\d402765bc90462bd.png
77865e4e7d41ab51,train,0,77865e4e7d41ab51c3098ff554c3aaa219aa31c1f5bc939584e1c131c8560b8e,gingivitis_(208),gingivitis_(208),C:\Users\16024\Desktop\齿镜\calculus-unetpp\data\processed\images\train\77865e4e7d41ab51.jpg,C:\Users\16024\Desktop\齿镜\calculus-unetpp\data\processed\masks\train\77865e4e7d41ab51.png
b44d749e947949f5,train,0,b44d749e947949f56a7e5c4fe5d662e4dba1e554b43b2ded1d068bda3495ccfd,gingivitis_(1063),gingivitis_(1063),C:\Users\16024\Desktop\齿镜\calculus-unetpp\data\processed\images\train\b44d749e947949f5.jpg,C:\Users\16024\Desktop\齿镜\calculus-unetpp\data\processed\masks\train\b44d749e947949f5.png
265c8de89068f66c,train,0,265c8de89068f66c0fdbb6b293ec5ab7cd2f31fe4e53f5971fcfe0b8385f066b,gingivitis_(616),gingivitis_(616),C:\Users\16024\Desktop\齿镜\calculus-unetpp\data\processed\images\train\265c8de89068f66c.jpg,C:\Users\16024\Desktop\齿镜\calculus-unetpp\data\processed\masks\train\265c8de89068f66c.png
44ee12412527e6e9,train,0,44ee12412527e6e9628ca237bda89f011141d2f08ff5baf52acb4c74c0772d10,gingivitis_(674),gingivitis_(674),C:\Users\16024\Desktop\齿镜\calculus-unetpp\data\processed\images\train\44ee12412527e6e9.jpg,C:\Users\16024\Desktop\齿镜\calculus-unetpp\data\processed\masks\train\44ee12412527e6e9.png
d64ebdbf2756280c,train,0,d64ebdbf2756280ce60ba6abd4d3c352a8694a348b230c268427144bfa141871,caries_0_5486,caries_0_5486,C:\Users\16024\Desktop\齿镜\calculus-unetpp\data\processed\images\train\d64ebdbf2756280c.jpg,C:\Users\16024\Desktop\齿镜\calculus-unetpp\data\processed\masks\train\d64ebdbf2756280c.png
0c0304ea9226a477,train,0,0c0304ea9226a47778c34728c7e421e40158f22662a2248e46df3cc15f8db4dd,214,214,C:\Users\16024\Desktop\齿镜\calculus-unetpp\data\processed\images\train\0c0304ea9226a477.jpg,C:\Users\16024\Desktop\齿镜\calculus-unetpp\data\processed\masks\train\0c0304ea9226a477.png
95c3da41563cb2bc,train,0,95c3da41563cb2bc9e0fb5245b1a2f83db5ac2c1448b8ecfda5bcc215c97a483,gingivitis_(2015),gingivitis_(2015),C:\Users\16024\Desktop\齿镜\calculus-unetpp\data\processed\images\train\95c3da41563cb2bc.jpg,C:\Users\16024\Desktop\齿镜\calculus-unetpp\data\processed\masks\train\95c3da41563cb2bc.png
32f6d55ada254e4a,train,0,32f6d55ada254e4a930625f5c4b77b2561b95f853527b13bb004e059bd694812,caries_0_8120,caries_0_8120,C:\Users\16024\Desktop\齿镜\calculus-unetpp\data\processed\images\train\32f6d55ada254e4a.jpg,C:\Users\16024\Desktop\齿镜\calculus-unetpp\data\processed\masks\train\32f6d55ada254e4a.png
6d38fcba281c20ee,train,0,6d38fcba281c20ee9a8319c25f5b51208459cf086d5ca139be9a9c5ce6def877,gingivitis_(1840),gingivitis_(1840),C:\Users\16024\Desktop\齿镜\calculus-unetpp\data\processed\images\train\6d38fcba281c20ee.jpg,C:\Users\16024\Desktop\齿镜\calculus-unetpp\data\processed\masks\train\6d38fcba281c20ee.png
ebe992bc0e3da51d,train,0,ebe992bc0e3da51d1ec14d882713adf36e3ab2d4d745413d57aa7e50c06fcaba,76,76,C:\Users\16024\Desktop\齿镜\calculus-unetpp\data\processed\images\train\ebe992bc0e3da51d.jpg,C:\Users\16024\Desktop\齿镜\calculus-unetpp\data\processed\masks\train\ebe992bc0e3da51d.png
dd1e3c5231c15a96,train,0,dd1e3c5231c15a96547d5fb5eacc8c3e1ab590d5dbee4a6a21388c2941b21c50,gingivitis_(718),gingivitis_(718),C:\Users\16024\Desktop\齿镜\calculus-unetpp\data\processed\images\train\dd1e3c5231c15a96.jpg,C:\Users\16024\Desktop\齿镜\calculus-unetpp\data\processed\masks\train\dd1e3c5231c15a96.png
e8529b639e5ed92d,train,0,e8529b639e5ed92d797bfd4871d6ae0ee9d13df8a485bbfb76f4787b8aec77ae,gingivitis_(1643),gingivitis_(1643),C:\Users\16024\Desktop\齿镜\calculus-unetpp\data\processed\images\train\e8529b639e5ed92d.jpg,C:\Users\16024\Desktop\齿镜\calculus-unetpp\data\processed\masks\train\e8529b639e5ed92d.png
8dcd7d818e8f3c8f,train,0,8dcd7d818e8f3c8f271828edabf0f3fb08af6c614b1242d0d7fed3013f148466,52,52,C:\Users\16024\Desktop\齿镜\calculus-unetpp\data\processed\images\train\8dcd7d818e8f3c8f.jpg,C:\Users\16024\Desktop\齿镜\calculus-unetpp\data\processed\masks\train\8dcd7d818e8f3c8f.png
b3b318b054267754,train,0,b3b318b0542677548c3e7d8a64e97705b3c86ee021ee60d5abcbb76eca766add,gingivitis_(551),gingivitis_(551),C:\Users\16024\Desktop\齿镜\calculus-unetpp\data\processed\images\train\b3b318b054267754.jpg,C:\Users\16024\Desktop\齿镜\calculus-unetpp\data\processed\masks\train\b3b318b054267754.png
ed6f006a500cc37e,train,0,ed6f006a500cc37e9abaa7953d618975f60f7021c74bdbf681054ee3c88bfaf6,gingivitis_(2324),gingivitis_(2324),C:\Users\16024\Desktop\齿镜\calculus-unetpp\data\processed\images\train\ed6f006a500cc37e.jpg,C:\Users\16024\Desktop\齿镜\calculus-unetpp\data\processed\masks\train\ed6f006a500cc37e.png
855e8d57f417cc78,train,0,855e8d57f417cc78a519bcac1cb4f3da27e48ef06631bce91f60ba5198ef8c6f,caries_0_990,caries_0_990,C:\Users\16024\Desktop\齿镜\calculus-unetpp\data\processed\images\train\855e8d57f417cc78.jpg,C:\Users\16024\Desktop\齿镜\calculus-unetpp\data\processed\masks\train\855e8d57f417cc78.png
881dd303279ffbef,train,0,881dd303279ffbef2e6988c59b05a5683a3dce9e5166bc4c3a11715f1e88647c,caries_0_9591,caries_0_9591,C:\Users\16024\Desktop\齿镜\calculus-unetpp\data\processed\images\train\881dd303279ffbef.jpg,C:\Users\16024\Desktop\齿镜\calculus-unetpp\data\processed\masks\train\881dd303279ffbef.png
610920836ec6dc6c,train,0,610920836ec6dc6c3be108e76d1b4013d2cc4f63836b852115194ce7dad09aec,caries_0_2721,caries_0_2721,C:\Users\16024\Desktop\齿镜\calculus-unetpp\data\processed\images\train\610920836ec6dc6c.jpg,C:\Users\16024\Desktop\齿镜\calculus-unetpp\data\processed\masks\train\610920836ec6dc6c.png
59654f7aa3b6ca8f,train,0,59654f7aa3b6ca8f4d4ee9aa3a1c781014c3746f188996dd7251ec57b76a6651,caries_0_8884,caries_0_8884,C:\Users\16024\Desktop\齿镜\calculus-unetpp\data\processed\images\train\59654f7aa3b6ca8f.jpg,C:\Users\16024\Desktop\齿镜\calculus-unetpp\data\processed\masks\train\59654f7aa3b6ca8f.png
82f1d861b4950a44,train,0,82f1d861b4950a44eef407fc30413b54b5dda20ca9f921b89365b4f7309e2367,caries_0_1603,caries_0_1603,C:\Users\16024\Desktop\齿镜\calculus-unetpp\data\processed\images\train\82f1d861b4950a44.jpg,C:\Users\16024\Desktop\齿镜\calculus-unetpp\data\processed\masks\train\82f1d861b4950a44.png
d56c23adb1aaf8f9,train,0,d56c23adb1aaf8f9964e0519a2468170257c3aa2aa948ae1c6cad1abc316f232,caries_0_6874,caries_0_6874,C:\Users\16024\Desktop\齿镜\calculus-unetpp\data\processed\images\train\d56c23adb1aaf8f9.jpg,C:\Users\16024\Desktop\齿镜\calculus-unetpp\data\processed\masks\train\d56c23adb1aaf8f9.png
43e31fd19cac1bbe,train,0,43e31fd19cac1bbe018baceafb09a810dc415272783ca74f1bad8dc8a1366b72,gingivitis_(2127);gingivitis_(2299),gingivitis_(2127),C:\Users\16024\Desktop\齿镜\calculus-unetpp\data\processed\images\train\43e31fd19cac1bbe.jpg,C:\Users\16024\Desktop\齿镜\calculus-unetpp\data\processed\masks\train\43e31fd19cac1bbe.png
a1db897d7ab6b3e1,train,0,a1db897d7ab6b3e1351767458fbbf5e9597375d8f42bc99aa3b04b1177ebe54e,35,35,C:\Users\16024\Desktop\齿镜\calculus-unetpp\data\processed\images\train\a1db897d7ab6b3e1.jpg,C:\Users\16024\Desktop\齿镜\calculus-unetpp\data\processed\masks\train\a1db897d7ab6b3e1.png
f50473c72c6f1e6e,train,0,f50473c72c6f1e6e6a7e8a751a86678cfe7e8d461ac8f1bf09350daca10f245a,caries_0_6991,caries_0_6991,C:\Users\16024\Desktop\齿镜\calculus-unetpp\data\processed\images\train\f50473c72c6f1e6e.jpg,C:\Users\16024\Desktop\齿镜\calculus-unetpp\data\processed\masks\train\f50473c72c6f1e6e.png
80c4edfacafd2838,train,0,80c4edfacafd2838a72d9b282fbcec7ec2ab8608e2ff3ff1ce2686190ac2c646,gingivitis_(346);gingivitis_(441);gingivitis_(502),gingivitis_(346),C:\Users\16024\Desktop\齿镜\calculus-unetpp\data\processed\images\train\80c4edfacafd2838.jpg,C:\Users\16024\Desktop\齿镜\calculus-unetpp\data\processed\masks\train\80c4edfacafd2838.png
0f65a0b8a680b23f,train,0,0f65a0b8a680b23fb9cf15c90ea32c907da66e320ccd44e05718aa10e21a66d5,gingivitis_(1646);gingivitis_(1741);gingivitis_(1802),gingivitis_(1646),C:\Users\16024\Desktop\齿镜\calculus-unetpp\data\processed\images\train\0f65a0b8a680b23f.jpg,C:\Users\16024\Desktop\齿镜\calculus-unetpp\data\processed\masks\train\0f65a0b8a680b23f.png
31991c1ea02ed36b,train,0,31991c1ea02ed36b4118d3fba458ff16dae6bc4d06a9d950b6cddb42c1012277,caries_0_441,caries_0_441,C:\Users\16024\Desktop\齿镜\calculus-unetpp\data\processed\images\train\31991c1ea02ed36b.jpg,C:\Users\16024\Desktop\齿镜\calculus-unetpp\data\processed\masks\train\31991c1ea02ed36b.png
da11a38154ce696a,train,0,da11a38154ce696a5fe50d2e0eb2b020ab5fe4fe716e10db0124ded5345e937d,caries_0_84,caries_0_84,C:\Users\16024\Desktop\齿镜\calculus-unetpp\data\processed\images\train\da11a38154ce696a.jpg,C:\Users\16024\Desktop\齿镜\calculus-unetpp\data\processed\masks\train\da11a38154ce696a.png
165f8cfc2a29ef85,train,0,165f8cfc2a29ef8536065338f7b253eb5989bb1c934170e999d9aeac8397a3c0,gingivitis_(1613),gingivitis_(1613),C:\Users\16024\Desktop\齿镜\calculus-unetpp\data\processed\images\train\165f8cfc2a29ef85.jpg,C:\Users\16024\Desktop\齿镜\calculus-unetpp\data\processed\masks\train\165f8cfc2a29ef85.png
28bd620633e1142e,train,0,28bd620633e1142edb460e518a72767d50604720ef89f5b9af932114666048a1,gingivitis_(104),gingivitis_(104),C:\Users\16024\Desktop\齿镜\calculus-unetpp\data\processed\images\train\28bd620633e1142e.jpg,C:\Users\16024\Desktop\齿镜\calculus-unetpp\data\processed\masks\train\28bd620633e1142e.png
fb323576bc5a81eb,train,0,fb323576bc5a81ebbeabc872faec9ec0aa1372affc0609cdce9717d3c53533e2,caries_0_4070,caries_0_4070,C:\Users\16024\Desktop\齿镜\calculus-unetpp\data\processed\images\train\fb323576bc5a81eb.jpg,C:\Users\16024\Desktop\齿镜\calculus-unetpp\data\processed\masks\train\fb323576bc5a81eb.png
3d87997b2743d6c7,train,0,3d87997b2743d6c7fd081b8d5816f12852cfe31213915f431c573a37f6a59256,caries_0_3696,caries_0_3696,C:\Users\16024\Desktop\齿镜\calculus-unetpp\data\processed\images\train\3d87997b2743d6c7.jpg,C:\Users\16024\Desktop\齿镜\calculus-unetpp\data\processed\masks\train\3d87997b2743d6c7.png
71a42c49d4b1cbdc,train,0,71a42c49d4b1cbdc7deec0ddaeed0958fded962822ab19f4ff6dae92b983de97,caries_0_3863,caries_0_3863,C:\Users\16024\Desktop\齿镜\calculus-unetpp\data\processed\images\train\71a42c49d4b1cbdc.jpg,C:\Users\16024\Desktop\齿镜\calculus-unetpp\data\processed\masks\train\71a42c49d4b1cbdc.png
0beb615dd0c0fd81,train,0,0beb615dd0c0fd81bb37208c53ac3f0cb64ca90b190214544af0dde260db3abb,gingivitis_(198),gingivitis_(198),C:\Users\16024\Desktop\齿镜\calculus-unetpp\data\processed\images\train\0beb615dd0c0fd81.jpg,C:\Users\16024\Desktop\齿镜\calculus-unetpp\data\processed\masks\train\0beb615dd0c0fd81.png
a4d682150179a8a7,train,0,a4d682150179a8a742fb36b8b440e9c27885e93f5e4ae77e5a7198d5dcdaa1e0,gingivitis_(1363);gingivitis_(1367);gingivitis_(1525),gingivitis_(1363),C:\Users\16024\Desktop\齿镜\calculus-unetpp\data\processed\images\train\a4d682150179a8a7.jpg,C:\Users\16024\Desktop\齿镜\calculus-unetpp\data\processed\masks\train\a4d682150179a8a7.png
c14854f4705263a4,train,0,c14854f4705263a43557fe2deb680c8389302547033799fb3ae9da0b09860d36,caries_0_2937,caries_0_2937,C:\Users\16024\Desktop\齿镜\calculus-unetpp\data\processed\images\train\c14854f4705263a4.jpg,C:\Users\16024\Desktop\齿镜\calculus-unetpp\data\processed\masks\train\c14854f4705263a4.png
3b0866b56c9a7a49,train,0,3b0866b56c9a7a496341f4fb7519ae0478c024ef1d5ca15f05f63cdcef8e0f6d,caries_0_2198,caries_0_2198,C:\Users\16024\Desktop\齿镜\calculus-unetpp\data\processed\images\train\3b0866b56c9a7a49.jpg,C:\Users\16024\Desktop\齿镜\calculus-unetpp\data\processed\masks\train\3b0866b56c9a7a49.png
7531114fbabe2f22,train,0,7531114fbabe2f227f13d9de32227c0ae4107cb97876fbe047ce479f4c430655,caries_0_2404,caries_0_2404,C:\Users\16024\Desktop\齿镜\calculus-unetpp\data\processed\images\train\7531114fbabe2f22.jpg,C:\Users\16024\Desktop\齿镜\calculus-unetpp\data\processed\masks\train\7531114fbabe2f22.png
be387b06ef90cceb,train,0,be387b06ef90cceb7a94df5399f3bfaec04b2e33158eb4af90fe70fb761f7a35,gingivitis_(105),gingivitis_(105),C:\Users\16024\Desktop\齿镜\calculus-unetpp\data\processed\images\train\be387b06ef90cceb.jpg,C:\Users\16024\Desktop\齿镜\calculus-unetpp\data\processed\masks\train\be387b06ef90cceb.png
96354c9c9aff1569,train,0,96354c9c9aff1569dc905b3569d9615d72f35116814b77f4aa6ffed2469aba78,gingivitis_(169),gingivitis_(169),C:\Users\16024\Desktop\齿镜\calculus-unetpp\data\processed\images\train\96354c9c9aff1569.jpg,C:\Users\16024\Desktop\齿镜\calculus-unetpp\data\processed\masks\train\96354c9c9aff1569.png
28b2453ee1c28189,train,0,28b2453ee1c281892d8084d1f35f656513d414cd9dfcae3bde33a4eca4fafec8,gingivitis_(108),gingivitis_(108),C:\Users\16024\Desktop\齿镜\calculus-unetpp\data\processed\images\train\28b2453ee1c28189.jpg,C:\Users\16024\Desktop\齿镜\calculus-unetpp\data\processed\masks\train\28b2453ee1c28189.png
fad9bb3a3112729d,train,0,fad9bb3a3112729d0838dcc8cbf1b5703f9fa7b8927b45f80dc0b682ad041ea4,caries_0_279,caries_0_279,C:\Users\16024\Desktop\齿镜\calculus-unetpp\data\processed\images\train\fad9bb3a3112729d.jpg,C:\Users\16024\Desktop\齿镜\calculus-unetpp\data\processed\masks\train\fad9bb3a3112729d.png
c4226cde8408ae02,train,0,c4226cde8408ae02a5ec58ffa743985dc9a2649eed76a18bfceaf905d1e5a1e3,caries_0_7334,caries_0_7334,C:\Users\16024\Desktop\齿镜\calculus-unetpp\data\processed\images\train\c4226cde8408ae02.jpg,C:\Users\16024\Desktop\齿镜\calculus-unetpp\data\processed\masks\train\c4226cde8408ae02.png
7a686cb374eb92d1,train,0,7a686cb374eb92d18271f40bdd844098bef18b751a5c418ee8fa35b6e877ac81,caries_0_8481,caries_0_8481,C:\Users\16024\Desktop\齿镜\calculus-unetpp\data\processed\images\train\7a686cb374eb92d1.jpg,C:\Users\16024\Desktop\齿镜\calculus-unetpp\data\processed\masks\train\7a686cb374eb92d1.png
c8b8987c96af01ad,train,0,c8b8987c96af01ad1353d5396f876e102c70f0accae50b6452762a8820d57881,caries_0_4654,caries_0_4654,C:\Users\16024\Desktop\齿镜\calculus-unetpp\data\processed\images\train\c8b8987c96af01ad.jpg,C:\Users\16024\Desktop\齿镜\calculus-unetpp\data\processed\masks\train\c8b8987c96af01ad.png
fb26ab3194d4b4a4,train,0,fb26ab3194d4b4a4804d86cfe7dec531e426282b9bfcb3b26ece85df80bbd195,42,42,C:\Users\16024\Desktop\齿镜\calculus-unetpp\data\processed\images\train\fb26ab3194d4b4a4.jpg,C:\Users\16024\Desktop\齿镜\calculus-unetpp\data\processed\masks\train\fb26ab3194d4b4a4.png
b9b7562eaf068e2a,train,0,b9b7562eaf068e2a84baa32d09e535c975c9d3c3b73e8d9485b9836e464cda31,gingivitis_(1254),gingivitis_(1254),C:\Users\16024\Desktop\齿镜\calculus-unetpp\data\processed\images\train\b9b7562eaf068e2a.jpg,C:\Users\16024\Desktop\齿镜\calculus-unetpp\data\processed\masks\train\b9b7562eaf068e2a.png
54d3b130b78a10e7,train,0,54d3b130b78a10e7e96888f863cf31e4ce71423d6e8f0db3148575ddd1eb459a,caries_0_3802,caries_0_3802,C:\Users\16024\Desktop\齿镜\calculus-unetpp\data\processed\images\train\54d3b130b78a10e7.jpg,C:\Users\16024\Desktop\齿镜\calculus-unetpp\data\processed\masks\train\54d3b130b78a10e7.png
95631916d1af1fdb,train,0,95631916d1af1fdbefaa2484aafe5913a80efd4c652f5ae52e5d05abf62023a3,caries_0_6776,caries_0_6776,C:\Users\16024\Desktop\齿镜\calculus-unetpp\data\processed\images\train\95631916d1af1fdb.jpg,C:\Users\16024\Desktop\齿镜\calculus-unetpp\data\processed\masks\train\95631916d1af1fdb.png
74dd36b3b394891c,train,0,74dd36b3b394891ceb97fe7a57b3487110ad4dc300e10738f60caf189a4aed47,caries_0_1062,caries_0_1062,C:\Users\16024\Desktop\齿镜\calculus-unetpp\data\processed\images\train\74dd36b3b394891c.jpg,C:\Users\16024\Desktop\齿镜\calculus-unetpp\data\processed\masks\train\74dd36b3b394891c.png
bb010e75fe065df7,train,0,bb010e75fe065df7891c52c0be36855d5698e0084b7059d2acbfb7f0dc9aa3a6,caries_0_1183,caries_0_1183,C:\Users\16024\Desktop\齿镜\calculus-unetpp\data\processed\images\train\bb010e75fe065df7.jpg,C:\Users\16024\Desktop\齿镜\calculus-unetpp\data\processed\masks\train\bb010e75fe065df7.png
d31e02f045f91a5d,train,0,d31e02f045f91a5d3fd6de72e13d274b4f435aa159aec279ea1830146f5b058c,gingivitis_(1629),gingivitis_(1629),C:\Users\16024\Desktop\齿镜\calculus-unetpp\data\processed\images\train\d31e02f045f91a5d.jpg,C:\Users\16024\Desktop\齿镜\calculus-unetpp\data\processed\masks\train\d31e02f045f91a5d.png
7423f873f1260b6f,train,0,7423f873f1260b6f75101feb193abc1271a1afb5a6c59768b7586738145901c2,caries_0_3890,caries_0_3890,C:\Users\16024\Desktop\齿镜\calculus-unetpp\data\processed\images\train\7423f873f1260b6f.jpg,C:\Users\16024\Desktop\齿镜\calculus-unetpp\data\processed\masks\train\7423f873f1260b6f.png
bb9432a60ccc75d7,train,0,bb9432a60ccc75d73e722162934f057ef1de96e96532f6e2818de8a9723565fd,caries_0_5016,caries_0_5016,C:\Users\16024\Desktop\齿镜\calculus-unetpp\data\processed\images\train\bb9432a60ccc75d7.jpg,C:\Users\16024\Desktop\齿镜\calculus-unetpp\data\processed\masks\train\bb9432a60ccc75d7.png
afc4f24c625c5e39,train,0,afc4f24c625c5e3948d9f6f9a66e86f750c5d422634412c7ee8a289999253a10,153;153(1),153,C:\Users\16024\Desktop\齿镜\calculus-unetpp\data\processed\images\train\afc4f24c625c5e39.jpg,C:\Users\16024\Desktop\齿镜\calculus-unetpp\data\processed\masks\train\afc4f24c625c5e39.png
575991815b546e98,train,0,575991815b546e985ce5b44784fdfde80ed94a74caad467f44efbe9a0eadbaa5,caries_0_4019,caries_0_4019,C:\Users\16024\Desktop\齿镜\calculus-unetpp\data\processed\images\train\575991815b546e98.jpg,C:\Users\16024\Desktop\齿镜\calculus-unetpp\data\processed\masks\train\575991815b546e98.png
d46bccbe0582d1fc,train,0,d46bccbe0582d1fcd239409215f787715a579df42ff9a46d5e42f92b3b16a25c,gingivitis_(1181),gingivitis_(1181),C:\Users\16024\Desktop\齿镜\calculus-unetpp\data\processed\images\train\d46bccbe0582d1fc.jpg,C:\Users\16024\Desktop\齿镜\calculus-unetpp\data\processed\masks\train\d46bccbe0582d1fc.png
53b4059417c91ff5,train,0,53b4059417c91ff5a17be9b09fd1c8d1df53bcb8e63aff84d319a616bcf231d9,caries_0_6933,caries_0_6933,C:\Users\16024\Desktop\齿镜\calculus-unetpp\data\processed\images\train\53b4059417c91ff5.jpg,C:\Users\16024\Desktop\齿镜\calculus-unetpp\data\processed\masks\train\53b4059417c91ff5.png
7b8596740c8b8940,train,0,7b8596740c8b89409d3a072686eae7eb2f7170236cc4e144a40488d92c9e66e4,caries_0_2291,caries_0_2291,C:\Users\16024\Desktop\齿镜\calculus-unetpp\data\processed\images\train\7b8596740c8b8940.jpg,C:\Users\16024\Desktop\齿镜\calculus-unetpp\data\processed\masks\train\7b8596740c8b8940.png
0cc78e612f77fa61,train,0,0cc78e612f77fa61a24b99b75f9d6f02333d04525300e266b9c0ca64c0c4da0a,gingivitis_(651),gingivitis_(651),C:\Users\16024\Desktop\齿镜\calculus-unetpp\data\processed\images\train\0cc78e612f77fa61.jpg,C:\Users\16024\Desktop\齿镜\calculus-unetpp\data\processed\masks\train\0cc78e612f77fa61.png
163bf0b22ed5b875,train,0,163bf0b22ed5b875425a7fef149a504ce45047c3ef1151f97c6205b80a18bb4e,caries_0_2703,caries_0_2703,C:\Users\16024\Desktop\齿镜\calculus-unetpp\data\processed\images\train\163bf0b22ed5b875.jpg,C:\Users\16024\Desktop\齿镜\calculus-unetpp\data\processed\masks\train\163bf0b22ed5b875.png
6fffe2464fd046d4,train,0,6fffe2464fd046d468d4a8a5abb06b27ade28adc95df734e45af4f17a3c6a030,gingivitis_(1118);gingivitis_(1275),gingivitis_(1118),C:\Users\16024\Desktop\齿镜\calculus-unetpp\data\processed\images\train\6fffe2464fd046d4.jpg,C:\Users\16024\Desktop\齿镜\calculus-unetpp\data\processed\masks\train\6fffe2464fd046d4.png
1f450fda54ba152c,train,0,1f450fda54ba152c99d4adb6f450241c12618c51737760fb6d5289ba1274e29d,caries_0_1009,caries_0_1009,C:\Users\16024\Desktop\齿镜\calculus-unetpp\data\processed\images\train\1f450fda54ba152c.jpg,C:\Users\16024\Desktop\齿镜\calculus-unetpp\data\processed\masks\train\1f450fda54ba152c.png
615802916c9b5989,train,0,615802916c9b59892baa195c2abb23eca41bdf34cc78d1e7f423554c65386743,gingivitis_(1213),gingivitis_(1213),C:\Users\16024\Desktop\齿镜\calculus-unetpp\data\processed\images\train\615802916c9b5989.jpg,C:\Users\16024\Desktop\齿镜\calculus-unetpp\data\processed\masks\train\615802916c9b5989.png
731c132e8b3853c5,train,0,731c132e8b3853c58f7d4739b2f3d729578086b69ec52f2f06a09577cc7bca3e,caries_0_5332,caries_0_5332,C:\Users\16024\Desktop\齿镜\calculus-unetpp\data\processed\images\train\731c132e8b3853c5.jpg,C:\Users\16024\Desktop\齿镜\calculus-unetpp\data\processed\masks\train\731c132e8b3853c5.png
88a0d3b5d80adf9d,train,0,88a0d3b5d80adf9de559fbb7b4198ce9b025105a2cf5d47cd6f5197c237c73f4,caries_0_1963,caries_0_1963,C:\Users\16024\Desktop\齿镜\calculus-unetpp\data\processed\images\train\88a0d3b5d80adf9d.jpg,C:\Users\16024\Desktop\齿镜\calculus-unetpp\data\processed\masks\train\88a0d3b5d80adf9d.png
f7ba1319d4c518b6,train,0,f7ba1319d4c518b6f42c4e2fa014a5a38e06b8b24adecb110c87d13198a5e50e,caries_0_1597,caries_0_1597,C:\Users\16024\Desktop\齿镜\calculus-unetpp\data\processed\images\train\f7ba1319d4c518b6.jpg,C:\Users\16024\Desktop\齿镜\calculus-unetpp\data\processed\masks\train\f7ba1319d4c518b6.png
f1ece6d02e84a766,train,0,f1ece6d02e84a7668b8ae9fa487f409458fe88d4b41f364b9b03bf593c50f597,gingivitis_(1349);gingivitis_(1524),gingivitis_(1349),C:\Users\16024\Desktop\齿镜\calculus-unetpp\data\processed\images\train\f1ece6d02e84a766.jpg,C:\Users\16024\Desktop\齿镜\calculus-unetpp\data\processed\masks\train\f1ece6d02e84a766.png
5a5d74c18bcd2692,train,0,5a5d74c18bcd269254df1b70c29a945672245c07dea909a43ecb087a03170880,caries_0_8783,caries_0_8783,C:\Users\16024\Desktop\齿镜\calculus-unetpp\data\processed\images\train\5a5d74c18bcd2692.jpg,C:\Users\16024\Desktop\齿镜\calculus-unetpp\data\processed\masks\train\5a5d74c18bcd2692.png
ba10598d0d3418f4,train,0,ba10598d0d3418f42dd1924e1d9b90919b6616e2477c99153e69a4bbe7023116,caries_0_7899,caries_0_7899,C:\Users\16024\Desktop\齿镜\calculus-unetpp\data\processed\images\train\ba10598d0d3418f4.jpg,C:\Users\16024\Desktop\齿镜\calculus-unetpp\data\processed\masks\train\ba10598d0d3418f4.png
5830e76a5b372856,train,0,5830e76a5b37285612d36c0cff7e06ca7a16691f12591a926e78d1f78b26a8cc,gingivitis_(176),gingivitis_(176),C:\Users\16024\Desktop\齿镜\calculus-unetpp\data\processed\images\train\5830e76a5b372856.jpg,C:\Users\16024\Desktop\齿镜\calculus-unetpp\data\processed\masks\train\5830e76a5b372856.png
78ce596825bfbc36,train,0,78ce596825bfbc36e4517b622dd8a945d7e5fdce527463068c46f9e6ff4562ca,gingivitis_(1350),gingivitis_(1350),C:\Users\16024\Desktop\齿镜\calculus-unetpp\data\processed\images\train\78ce596825bfbc36.jpg,C:\Users\16024\Desktop\齿镜\calculus-unetpp\data\processed\masks\train\78ce596825bfbc36.png
3d748fafec8e3b1c,train,0,3d748fafec8e3b1cfcb9614418e9331f0ce2008035da34a7b98ff9506d62e3e7,caries_0_5211,caries_0_5211,C:\Users\16024\Desktop\齿镜\calculus-unetpp\data\processed\images\train\3d748fafec8e3b1c.jpg,C:\Users\16024\Desktop\齿镜\calculus-unetpp\data\processed\masks\train\3d748fafec8e3b1c.png
1015d0a2f1864c52,train,0,1015d0a2f1864c52a6de1e5f62091122174169df2c7e60028e19694a2fa356a7,caries_0_2470,caries_0_2470,C:\Users\16024\Desktop\齿镜\calculus-unetpp\data\processed\images\train\1015d0a2f1864c52.jpg,C:\Users\16024\Desktop\齿镜\calculus-unetpp\data\processed\masks\train\1015d0a2f1864c52.png
c94ac14d0c955634,train,0,c94ac14d0c95563432f4208b1d43324f5693b8d921b56d597507ad21430916a9,gingivitis_(1689);gingivitis_(1731),gingivitis_(1689),C:\Users\16024\Desktop\齿镜\calculus-unetpp\data\processed\images\train\c94ac14d0c955634.jpg,C:\Users\16024\Desktop\齿镜\calculus-unetpp\data\processed\masks\train\c94ac14d0c955634.png
1489af8f68dd6248,train,0,1489af8f68dd62486367a2c2527892e561b7a64386c9fa90e56a6e11f5eae721,gingivitis_(387);gingivitis_(388),gingivitis_(387),C:\Users\16024\Desktop\齿镜\calculus-unetpp\data\processed\images\train\1489af8f68dd6248.jpg,C:\Users\16024\Desktop\齿镜\calculus-unetpp\data\processed\masks\train\1489af8f68dd6248.png
fb32552168951b57,train,0,fb32552168951b579264e328cead12758c9125ded50390e66f463c86bb288965,caries_0_4772,caries_0_4772,C:\Users\16024\Desktop\齿镜\calculus-unetpp\data\processed\images\train\fb32552168951b57.jpg,C:\Users\16024\Desktop\齿镜\calculus-unetpp\data\processed\masks\train\fb32552168951b57.png
3d28b08244c81a1e,train,0,3d28b08244c81a1e8287da24ec269685918b8c2a2ec2a8e50048a2b6c1b88bc3,gingivitis_(542),gingivitis_(542),C:\Users\16024\Desktop\齿镜\calculus-unetpp\data\processed\images\train\3d28b08244c81a1e.jpg,C:\Users\16024\Desktop\齿镜\calculus-unetpp\data\processed\masks\train\3d28b08244c81a1e.png
b8f02d96b8f5d8b0,train,0,b8f02d96b8f5d8b06d820b9c6690c69f0f73104ea82f2eadc7744d27d40b4e37,caries_0_2013,caries_0_2013,C:\Users\16024\Desktop\齿镜\calculus-unetpp\data\processed\images\train\b8f02d96b8f5d8b0.jpg,C:\Users\16024\Desktop\齿镜\calculus-unetpp\data\processed\masks\train\b8f02d96b8f5d8b0.png
71406310d2c0f5b1,train,0,71406310d2c0f5b15e50394c9530c5a7aa8e8317c8a71c7275b566b8e892424d,gingivitis_(1219),gingivitis_(1219),C:\Users\16024\Desktop\齿镜\calculus-unetpp\data\processed\images\train\71406310d2c0f5b1.jpg,C:\Users\16024\Desktop\齿镜\calculus-unetpp\data\processed\masks\train\71406310d2c0f5b1.png
1caa3738c3dc5ada,train,0,1caa3738c3dc5ada75a869371eb86aa106cfdd734fe6e3de1cff9c35f0862c54,caries_0_2549,caries_0_2549,C:\Users\16024\Desktop\齿镜\calculus-unetpp\data\processed\images\train\1caa3738c3dc5ada.jpg,C:\Users\16024\Desktop\齿镜\calculus-unetpp\data\processed\masks\train\1caa3738c3dc5ada.png
177ad7cad35d7239,train,0,177ad7cad35d72396025c8807b475462fbe043dd295d48606d284d0661649c75,caries_0_535,caries_0_535,C:\Users\16024\Desktop\齿镜\calculus-unetpp\data\processed\images\train\177ad7cad35d7239.jpg,C:\Users\16024\Desktop\齿镜\calculus-unetpp\data\processed\masks\train\177ad7cad35d7239.png
3cba391404fc099f,train,0,3cba391404fc099fa1f4c104cca0b001b76fe6d1cae5aaea876530970f2823d5,gingivitis_(1375);gingivitis_(1536),gingivitis_(1375),C:\Users\16024\Desktop\齿镜\calculus-unetpp\data\processed\images\train\3cba391404fc099f.jpg,C:\Users\16024\Desktop\齿镜\calculus-unetpp\data\processed\masks\train\3cba391404fc099f.png
8ca81c428442ef70,train,0,8ca81c428442ef70ce987e6f913c79a4603bd2ece86f8a2feae0a54e14881d9e,caries_0_4884,caries_0_4884,C:\Users\16024\Desktop\齿镜\calculus-unetpp\data\processed\images\train\8ca81c428442ef70.jpg,C:\Users\16024\Desktop\齿镜\calculus-unetpp\data\processed\masks\train\8ca81c428442ef70.png
d19711fab1ad0042,train,0,d19711fab1ad0042ab14699d3be4710843762db0dc272f59294afe7760b7dbe1,caries_0_3540,caries_0_3540,C:\Users\16024\Desktop\齿镜\calculus-unetpp\data\processed\images\train\d19711fab1ad0042.jpg,C:\Users\16024\Desktop\齿镜\calculus-unetpp\data\processed\masks\train\d19711fab1ad0042.png
24c339bf83135caf,train,0,24c339bf83135cafa74beba46608d42e2a0a104306e63d265590cdd810496c81,caries_0_8847,caries_0_8847,C:\Users\16024\Desktop\齿镜\calculus-unetpp\data\processed\images\train\24c339bf83135caf.jpg,C:\Users\16024\Desktop\齿镜\calculus-unetpp\data\processed\masks\train\24c339bf83135caf.png
403e99be94f66304,train,0,403e99be94f6630444021cf53d9b625b313724ebf0c9941c992b5354202a6eee,gingivitis_(2331),gingivitis_(2331),C:\Users\16024\Desktop\齿镜\calculus-unetpp\data\processed\images\train\403e99be94f66304.jpg,C:\Users\16024\Desktop\齿镜\calculus-unetpp\data\processed\masks\train\403e99be94f66304.png
63662c65067dad0a,train,0,63662c65067dad0ad452b4c726aa1aadf746f7da9e583b7507c18c7297aa4779,caries_0_5256,caries_0_5256,C:\Users\16024\Desktop\齿镜\calculus-unetpp\data\processed\images\train\63662c65067dad0a.jpg,C:\Users\16024\Desktop\齿镜\calculus-unetpp\data\processed\masks\train\63662c65067dad0a.png
f7094312c375c41a,train,0,f7094312c375c41a9ed9e448ebd1926125062971b79c0d12700556519f8b779f,caries_0_7214,caries_0_7214,C:\Users\16024\Desktop\齿镜\calculus-unetpp\data\processed\images\train\f7094312c375c41a.jpg,C:\Users\16024\Desktop\齿镜\calculus-unetpp\data\processed\masks\train\f7094312c375c41a.png
5a269221bfe9f820,train,0,5a269221bfe9f8204d0d66334ab55112b5ec3b14ec359414b80b74d9117e633e,caries_0_1319,caries_0_1319,C:\Users\16024\Desktop\齿镜\calculus-unetpp\data\processed\images\train\5a269221bfe9f820.jpg,C:\Users\16024\Desktop\齿镜\calculus-unetpp\data\processed\masks\train\5a269221bfe9f820.png
c55c2390c4979671,train,0,c55c2390c49796710d310ab7f21505b048698d7ee21e6656dc07c639d75018d0,gingivitis_(2330),gingivitis_(2330),C:\Users\16024\Desktop\齿镜\calculus-unetpp\data\processed\images\train\c55c2390c4979671.jpg,C:\Users\16024\Desktop\齿镜\calculus-unetpp\data\processed\masks\train\c55c2390c4979671.png
38e089361631eb62,train,0,38e089361631eb62e6ab2d102fbc0e59bbf17ca652ee74a4ae795d8ee371e9f5,caries_0_3156,caries_0_3156,C:\Users\16024\Desktop\齿镜\calculus-unetpp\data\processed\images\train\38e089361631eb62.jpg,C:\Users\16024\Desktop\齿镜\calculus-unetpp\data\processed\masks\train\38e089361631eb62.png
5111acd4797e08db,train,0,5111acd4797e08dbf8272c1108e9fecedd673352b0f38ac950d4729646524ae9,caries_0_6329,caries_0_6329,C:\Users\16024\Desktop\齿镜\calculus-unetpp\data\processed\images\train\5111acd4797e08db.jpg,C:\Users\16024\Desktop\齿镜\calculus-unetpp\data\processed\masks\train\5111acd4797e08db.png
3fb34f3b09ed2138,train,0,3fb34f3b09ed2138606872ddfc436428d1e7a6a16854a485c076ee2f9df6565a,caries_0_7676,caries_0_7676,C:\Users\16024\Desktop\齿镜\calculus-unetpp\data\processed\images\train\3fb34f3b09ed2138.jpg,C:\Users\16024\Desktop\齿镜\calculus-unetpp\data\processed\masks\train\3fb34f3b09ed2138.png
c2337bb54ecefa89,train,0,c2337bb54ecefa89af02e4fa3f81adfd71d940d60cde6141e88bbda48adb6969,gingivitis_(1639);gingivitis_(1751),gingivitis_(1639),C:\Users\16024\Desktop\齿镜\calculus-unetpp\data\processed\images\train\c2337bb54ecefa89.jpg,C:\Users\16024\Desktop\齿镜\calculus-unetpp\data\processed\masks\train\c2337bb54ecefa89.png
eee5df7228422f34,train,0,eee5df7228422f340d2ddab0e93b6628adecd8d0b7032aac93292bd998293dee,gingivitis_(2247),gingivitis_(2247),C:\Users\16024\Desktop\齿镜\calculus-unetpp\data\processed\images\train\eee5df7228422f34.jpg,C:\Users\16024\Desktop\齿镜\calculus-unetpp\data\processed\masks\train\eee5df7228422f34.png
f6e425ed3220804c,train,0,f6e425ed3220804ce9a0bd5f39a00a213ebe52d0f70da9ed8a9561bfa48f1c34,caries_0_3593,caries_0_3593,C:\Users\16024\Desktop\齿镜\calculus-unetpp\data\processed\images\train\f6e425ed3220804c.jpg,C:\Users\16024\Desktop\齿镜\calculus-unetpp\data\processed\masks\train\f6e425ed3220804c.png
e184f2328ef839c7,train,0,e184f2328ef839c7e9a21616eea7dd1f24fa6f2e91798686f8cd5e3ebcdabb1a,gingivitis_(1369),gingivitis_(1369),C:\Users\16024\Desktop\齿镜\calculus-unetpp\data\processed\images\train\e184f2328ef839c7.jpg,C:\Users\16024\Desktop\齿镜\calculus-unetpp\data\processed\masks\train\e184f2328ef839c7.png
cfc87999e14d89f7,train,0,cfc87999e14d89f74bc514e7eb2c9afd9486134c57b38d4705f84a8c46686938,caries_0_3892,caries_0_3892,C:\Users\16024\Desktop\齿镜\calculus-unetpp\data\processed\images\train\cfc87999e14d89f7.jpg,C:\Users\16024\Desktop\齿镜\calculus-unetpp\data\processed\masks\train\cfc87999e14d89f7.png
a881cb8d299c07a3,train,0,a881cb8d299c07a34ae15da4f037061b9658f36b7ce8124ba97a2bcf73fc2791,gingivitis_(391),gingivitis_(391),C:\Users\16024\Desktop\齿镜\calculus-unetpp\data\processed\images\train\a881cb8d299c07a3.jpg,C:\Users\16024\Desktop\齿镜\calculus-unetpp\data\processed\masks\train\a881cb8d299c07a3.png
dd1e03c532789094,train,0,dd1e03c532789094078eb550460f5da9e92d38babce74513a6e445dfe92e29c1,caries_0_5184,caries_0_5184,C:\Users\16024\Desktop\齿镜\calculus-unetpp\data\processed\images\train\dd1e03c532789094.jpg,C:\Users\16024\Desktop\齿镜\calculus-unetpp\data\processed\masks\train\dd1e03c532789094.png
2a51128a772fdf89,train,0,2a51128a772fdf898c5aa272ce1041658dfffbe3ff0104867109e4394c4b1a81,gingivitis_(1436),gingivitis_(1436),C:\Users\16024\Desktop\齿镜\calculus-unetpp\data\processed\images\train\2a51128a772fdf89.jpg,C:\Users\16024\Desktop\齿镜\calculus-unetpp\data\processed\masks\train\2a51128a772fdf89.png
9b8403e1809ce72f,train,0,9b8403e1809ce72f7bcdde35a662e3f91fa681eb4b7599d866dc9634a4cb930d,gingivitis_(1057);gingivitis_(1105);gingivitis_(1105)(1);gingivitis_(1187);gingivitis_(1193);gingivitis_(1269),gingivitis_(1057),C:\Users\16024\Desktop\齿镜\calculus-unetpp\data\processed\images\train\9b8403e1809ce72f.jpg,C:\Users\16024\Desktop\齿镜\calculus-unetpp\data\processed\masks\train\9b8403e1809ce72f.png
577fd4b6b0fa6a69,train,0,577fd4b6b0fa6a697fddd82c7d34b90006fb3ab97cde9f4618a02576ec16576e,caries_0_9934,caries_0_9934,C:\Users\16024\Desktop\齿镜\calculus-unetpp\data\processed\images\train\577fd4b6b0fa6a69.jpg,C:\Users\16024\Desktop\齿镜\calculus-unetpp\data\processed\masks\train\577fd4b6b0fa6a69.png
c59375a01e1712d1,train,0,c59375a01e1712d107fd74be1f03fe163f5e3648cf759cc2e5e5741323b30d60,gingivitis_(1903),gingivitis_(1903),C:\Users\16024\Desktop\齿镜\calculus-unetpp\data\processed\images\train\c59375a01e1712d1.jpg,C:\Users\16024\Desktop\齿镜\calculus-unetpp\data\processed\masks\train\c59375a01e1712d1.png
552aa58e01889648,train,0,552aa58e0188964858c3a9534fda72a53448af7e4e2c8125fa2f3a71ef4b9a89,caries_0_4617,caries_0_4617,C:\Users\16024\Desktop\齿镜\calculus-unetpp\data\processed\images\train\552aa58e01889648.jpg,C:\Users\16024\Desktop\齿镜\calculus-unetpp\data\processed\masks\train\552aa58e01889648.png
9d42a7d562759f6f,train,0,9d42a7d562759f6f33c05e124a20271de92620409cdb4073f9f47a9c36afeb69,caries_0_424,caries_0_424,C:\Users\16024\Desktop\齿镜\calculus-unetpp\data\processed\images\train\9d42a7d562759f6f.jpg,C:\Users\16024\Desktop\齿镜\calculus-unetpp\data\processed\masks\train\9d42a7d562759f6f.png
f0a824b4f9bb838d,train,0,f0a824b4f9bb838d33f3217aa61408dc175058893c0c0efc695f311ed1486088,gingivitis_(1253),gingivitis_(1253),C:\Users\16024\Desktop\齿镜\calculus-unetpp\data\processed\images\train\f0a824b4f9bb838d.jpg,C:\Users\16024\Desktop\齿镜\calculus-unetpp\data\processed\masks\train\f0a824b4f9bb838d.png
f40fe312c3a6d9d4,train,0,f40fe312c3a6d9d4a80e83a132c73e6249074302c39a8c9777360d9ad5a1b711,caries_0_2774,caries_0_2774,C:\Users\16024\Desktop\齿镜\calculus-unetpp\data\processed\images\train\f40fe312c3a6d9d4.jpg,C:\Users\16024\Desktop\齿镜\calculus-unetpp\data\processed\masks\train\f40fe312c3a6d9d4.png
b5b895609a36d424,train,0,b5b895609a36d424c7da2383ec4aa5ea4aa0e92d302ef5e2b44a7b4e61f7cb99,caries_0_7002,caries_0_7002,C:\Users\16024\Desktop\齿镜\calculus-unetpp\data\processed\images\train\b5b895609a36d424.jpg,C:\Users\16024\Desktop\齿镜\calculus-unetpp\data\processed\masks\train\b5b895609a36d424.png
21e566e5a256e56c,train,0,21e566e5a256e56c85c6d2fc204a8d85bdb74cafdd1d1e9991a84bf6cbd6ab52,caries_0_2088,caries_0_2088,C:\Users\16024\Desktop\齿镜\calculus-unetpp\data\processed\images\train\21e566e5a256e56c.jpg,C:\Users\16024\Desktop\齿镜\calculus-unetpp\data\processed\masks\train\21e566e5a256e56c.png
0f4db3635a2fe59f,train,0,0f4db3635a2fe59f6aa43cdf5e2dc5a2c1ec867342bc4f02db73908b4df73406,gingivitis_(403);gingivitis_(437);gingivitis_(514),gingivitis_(403),C:\Users\16024\Desktop\齿镜\calculus-unetpp\data\processed\images\train\0f4db3635a2fe59f.jpg,C:\Users\16024\Desktop\齿镜\calculus-unetpp\data\processed\masks\train\0f4db3635a2fe59f.png
84b51fa7a97fb04e,train,0,84b51fa7a97fb04ee78f44e30500c362f156eef094106b4e23a7918d47741362,caries_0_25,caries_0_25,C:\Users\16024\Desktop\齿镜\calculus-unetpp\data\processed\images\train\84b51fa7a97fb04e.jpg,C:\Users\16024\Desktop\齿镜\calculus-unetpp\data\processed\masks\train\84b51fa7a97fb04e.png
e10c6186839a88f9,train,0,e10c6186839a88f9814fc0ebc22b6e6e96f567fa1f07c1939f0d2f27f2f2bab7,caries_0_266,caries_0_266,C:\Users\16024\Desktop\齿镜\calculus-unetpp\data\processed\images\train\e10c6186839a88f9.jpg,C:\Users\16024\Desktop\齿镜\calculus-unetpp\data\processed\masks\train\e10c6186839a88f9.png
820f10aea3e75273,train,0,820f10aea3e752733e0d6a04ae852b4c581ef9e4798dfcf8f651aa3b5e1b7a0b,gingivitis_(12),gingivitis_(12),C:\Users\16024\Desktop\齿镜\calculus-unetpp\data\processed\images\train\820f10aea3e75273.jpg,C:\Users\16024\Desktop\齿镜\calculus-unetpp\data\processed\masks\train\820f10aea3e75273.png
93575fa0eb1bc753,train,0,93575fa0eb1bc753980c1f86d00b37d3e012fd20bd53937e9448680c531af053,caries_0_1504,caries_0_1504,C:\Users\16024\Desktop\齿镜\calculus-unetpp\data\processed\images\train\93575fa0eb1bc753.jpg,C:\Users\16024\Desktop\齿镜\calculus-unetpp\data\processed\masks\train\93575fa0eb1bc753.png
9e8310610025fdcb,train,0,9e8310610025fdcbfb47ea535ea17eab338ed7653ba32041e048d13d1af2fe48,caries_0_2944,caries_0_2944,C:\Users\16024\Desktop\齿镜\calculus-unetpp\data\processed\images\train\9e8310610025fdcb.jpg,C:\Users\16024\Desktop\齿镜\calculus-unetpp\data\processed\masks\train\9e8310610025fdcb.png
f1394d38788eb910,train,0,f1394d38788eb9109d6129057df9fd68a87f2036213c221d55a5a5e16383198b,caries_0_8391,caries_0_8391,C:\Users\16024\Desktop\齿镜\calculus-unetpp\data\processed\images\train\f1394d38788eb910.jpg,C:\Users\16024\Desktop\齿镜\calculus-unetpp\data\processed\masks\train\f1394d38788eb910.png
094f6669d5a434f2,train,0,094f6669d5a434f249ead61e3e3d93e6ff88e1ddfb183c4053b66261bc1708d5,gingivitis_(1849),gingivitis_(1849),C:\Users\16024\Desktop\齿镜\calculus-unetpp\data\processed\images\train\094f6669d5a434f2.jpg,C:\Users\16024\Desktop\齿镜\calculus-unetpp\data\processed\masks\train\094f6669d5a434f2.png
a1eb82c48f347215,train,0,a1eb82c48f347215893ec8a5c2be7b71df8420f4f03ed14c3d4c23b72211d743,caries_0_3914,caries_0_3914,C:\Users\16024\Desktop\齿镜\calculus-unetpp\data\processed\images\train\a1eb82c48f347215.jpg,C:\Users\16024\Desktop\齿镜\calculus-unetpp\data\processed\masks\train\a1eb82c48f347215.png
e5abb00d404869cf,train,0,e5abb00d404869cfb21a28e51eefd8385d35c97437a017c33fde9042e27623c5,46,46,C:\Users\16024\Desktop\齿镜\calculus-unetpp\data\processed\images\train\e5abb00d404869cf.jpg,C:\Users\16024\Desktop\齿镜\calculus-unetpp\data\processed\masks\train\e5abb00d404869cf.png
55ef10f3e787555e,train,0,55ef10f3e787555ec48fe8912686e256c13d4b60f616456e9f2ab561a15e927c,gingivitis_(447);gingivitis_(513),gingivitis_(447),C:\Users\16024\Desktop\齿镜\calculus-unetpp\data\processed\images\train\55ef10f3e787555e.jpg,C:\Users\16024\Desktop\齿镜\calculus-unetpp\data\processed\masks\train\55ef10f3e787555e.png
72298ed9849f80fd,train,0,72298ed9849f80fddb28d4928dc69d2267a5568b59c6325b4e2b6ad8f342e8b5,caries_0_5643,caries_0_5643,C:\Users\16024\Desktop\齿镜\calculus-unetpp\data\processed\images\train\72298ed9849f80fd.jpg,C:\Users\16024\Desktop\齿镜\calculus-unetpp\data\processed\masks\train\72298ed9849f80fd.png
c113f7120a81d0bb,train,0,c113f7120a81d0bb4fb772fe37266de0bbcfdde645980b8387a33bca5e750bcb,caries_0_4391,caries_0_4391,C:\Users\16024\Desktop\齿镜\calculus-unetpp\data\processed\images\train\c113f7120a81d0bb.jpg,C:\Users\16024\Desktop\齿镜\calculus-unetpp\data\processed\masks\train\c113f7120a81d0bb.png
1757696333a379ac,train,0,1757696333a379ac821b34961986adb3393174c00893d2b48672dc162435f3b1,gingivitis_(212),gingivitis_(212),C:\Users\16024\Desktop\齿镜\calculus-unetpp\data\processed\images\train\1757696333a379ac.jpg,C:\Users\16024\Desktop\齿镜\calculus-unetpp\data\processed\masks\train\1757696333a379ac.png
548a587d82ae28b9,train,0,548a587d82ae28b9c2270a595eb6fe6ebf2766bcef06a1d08b0569fe3374e3fc,caries_0_8675,caries_0_8675,C:\Users\16024\Desktop\齿镜\calculus-unetpp\data\processed\images\train\548a587d82ae28b9.jpg,C:\Users\16024\Desktop\齿镜\calculus-unetpp\data\processed\masks\train\548a587d82ae28b9.png
c66d85175bec7eed,train,0,c66d85175bec7eed2783352ecb2ea2f4c07d5e991839d44b057b85617c010cdf,caries_0_3587,caries_0_3587,C:\Users\16024\Desktop\齿镜\calculus-unetpp\data\processed\images\train\c66d85175bec7eed.jpg,C:\Users\16024\Desktop\齿镜\calculus-unetpp\data\processed\masks\train\c66d85175bec7eed.png
8b880cea7a4c69c5,train,0,8b880cea7a4c69c5bdb99483f3cc6741496b58952c0e8e2a5182ddd571bd9743,caries_0_9390,caries_0_9390,C:\Users\16024\Desktop\齿镜\calculus-unetpp\data\processed\images\train\8b880cea7a4c69c5.jpg,C:\Users\16024\Desktop\齿镜\calculus-unetpp\data\processed\masks\train\8b880cea7a4c69c5.png
05e350a8fd5a6af7,train,0,05e350a8fd5a6af78b8d22d1fb999abaad0008a1682f32fdfbf0620cc983bb20,gingivitis_(1637);gingivitis_(1723),gingivitis_(1637),C:\Users\16024\Desktop\齿镜\calculus-unetpp\data\processed\images\train\05e350a8fd5a6af7.jpg,C:\Users\16024\Desktop\齿镜\calculus-unetpp\data\processed\masks\train\05e350a8fd5a6af7.png
f09bfb2ef866e5d0,train,0,f09bfb2ef866e5d020e3c2f899e0ab291c4a48cc74c1576d0e02131c6b082371,caries_0_5800,caries_0_5800,C:\Users\16024\Desktop\齿镜\calculus-unetpp\data\processed\images\train\f09bfb2ef866e5d0.jpg,C:\Users\16024\Desktop\齿镜\calculus-unetpp\data\processed\masks\train\f09bfb2ef866e5d0.png
e022006cd24cb2b0,train,0,e022006cd24cb2b02a721aa8873726040c8be92777446646559b7abaaf972e6c,213,213,C:\Users\16024\Desktop\齿镜\calculus-unetpp\data\processed\images\train\e022006cd24cb2b0.jpg,C:\Users\16024\Desktop\齿镜\calculus-unetpp\data\processed\masks\train\e022006cd24cb2b0.png
7a098ca97fd407c9,train,0,7a098ca97fd407c919227e607557906410c83dac09b12edbc01a98834e53811c,caries_0_46,caries_0_46,C:\Users\16024\Desktop\齿镜\calculus-unetpp\data\processed\images\train\7a098ca97fd407c9.jpg,C:\Users\16024\Desktop\齿镜\calculus-unetpp\data\processed\masks\train\7a098ca97fd407c9.png
189bdb979f9cbc94,train,0,189bdb979f9cbc94758cfb4b63720b249116b6752a88eb8af982af8102d0beb5,gingivitis_(1778),gingivitis_(1778),C:\Users\16024\Desktop\齿镜\calculus-unetpp\data\processed\images\train\189bdb979f9cbc94.jpg,C:\Users\16024\Desktop\齿镜\calculus-unetpp\data\processed\masks\train\189bdb979f9cbc94.png
8763005cd02b17ab,train,0,8763005cd02b17ab30f3d974c0308a01eab8d0e8bef02222090769fcf9740f95,gingivitis_(1304);gingivitis_(1380),gingivitis_(1304),C:\Users\16024\Desktop\齿镜\calculus-unetpp\data\processed\images\train\8763005cd02b17ab.jpg,C:\Users\16024\Desktop\齿镜\calculus-unetpp\data\processed\masks\train\8763005cd02b17ab.png
41d01d9bb824db7e,train,0,41d01d9bb824db7e69a41fd29a937ba46b423455315bdfe2e60499fb8b783417,gingivitis_(1563),gingivitis_(1563),C:\Users\16024\Desktop\齿镜\calculus-unetpp\data\processed\images\train\41d01d9bb824db7e.jpg,C:\Users\16024\Desktop\齿镜\calculus-unetpp\data\processed\masks\train\41d01d9bb824db7e.png
578f5cf30e549960,train,0,578f5cf30e54996097367c7dd7b218b3b592a424510924d2a33612dda97b09fa,gingivitis_(52),gingivitis_(52),C:\Users\16024\Desktop\齿镜\calculus-unetpp\data\processed\images\train\578f5cf30e549960.jpg,C:\Users\16024\Desktop\齿镜\calculus-unetpp\data\processed\masks\train\578f5cf30e549960.png
69dec072ea7add85,train,0,69dec072ea7add853698819f2e9379e478fa7e51f66a812eba0cc553dbc98813,caries_0_7439,caries_0_7439,C:\Users\16024\Desktop\齿镜\calculus-unetpp\data\processed\images\train\69dec072ea7add85.jpg,C:\Users\16024\Desktop\齿镜\calculus-unetpp\data\processed\masks\train\69dec072ea7add85.png
18bee87708612d32,train,0,18bee87708612d321be415e45bdaf8d2480a82261fa3fc2927f8f0ad20660376,gingivitis_(1065),gingivitis_(1065),C:\Users\16024\Desktop\齿镜\calculus-unetpp\data\processed\images\train\18bee87708612d32.jpg,C:\Users\16024\Desktop\齿镜\calculus-unetpp\data\processed\masks\train\18bee87708612d32.png
df851fbc7a87ee0c,train,0,df851fbc7a87ee0cba7d18cd02b24503b48a8a40af51a6d726542e4c8ce03216,gingivitis_(1177),gingivitis_(1177),C:\Users\16024\Desktop\齿镜\calculus-unetpp\data\processed\images\train\df851fbc7a87ee0c.jpg,C:\Users\16024\Desktop\齿镜\calculus-unetpp\data\processed\masks\train\df851fbc7a87ee0c.png
62db17241e5a5efd,train,0,62db17241e5a5efd0f40149f832761bc037ab5a1d958a4311f65d5ec0379b321,caries_0_196,caries_0_196,C:\Users\16024\Desktop\齿镜\calculus-unetpp\data\processed\images\train\62db17241e5a5efd.jpg,C:\Users\16024\Desktop\齿镜\calculus-unetpp\data\processed\masks\train\62db17241e5a5efd.png
07c528e474f69940,train,0,07c528e474f69940c2d6a9ddeea60ab61990a352485cb05d6ab46aadc4882a28,caries_0_4496,caries_0_4496,C:\Users\16024\Desktop\齿镜\calculus-unetpp\data\processed\images\train\07c528e474f69940.jpg,C:\Users\16024\Desktop\齿镜\calculus-unetpp\data\processed\masks\train\07c528e474f69940.png
f4388d2e127c350e,train,0,f4388d2e127c350e685acf65a74d99364e2542ce08a81e4a22c3cefc4424bd44,caries_0_862,caries_0_862,C:\Users\16024\Desktop\齿镜\calculus-unetpp\data\processed\images\train\f4388d2e127c350e.jpg,C:\Users\16024\Desktop\齿镜\calculus-unetpp\data\processed\masks\train\f4388d2e127c350e.png
f2faa551bf8fdad8,train,0,f2faa551bf8fdad87607feefab93f9f2366acc6485a7b837420bc3fc59e10a4a,caries_0_5634,caries_0_5634,C:\Users\16024\Desktop\齿镜\calculus-unetpp\data\processed\images\train\f2faa551bf8fdad8.jpg,C:\Users\16024\Desktop\齿镜\calculus-unetpp\data\processed\masks\train\f2faa551bf8fdad8.png
045b12ebc7e7dee3,train,0,045b12ebc7e7dee36e407ca0018e5d852ee4a51c5a95b7d42f6caa2a5663945d,caries_0_5667,caries_0_5667,C:\Users\16024\Desktop\齿镜\calculus-unetpp\data\processed\images\train\045b12ebc7e7dee3.jpg,C:\Users\16024\Desktop\齿镜\calculus-unetpp\data\processed\masks\train\045b12ebc7e7dee3.png
b50383c54e504e9c,train,0,b50383c54e504e9cf26c32f12496ee0a66eeda4f58090fc3246bdd58cc671afe,caries_0_1473,caries_0_1473,C:\Users\16024\Desktop\齿镜\calculus-unetpp\data\processed\images\train\b50383c54e504e9c.jpg,C:\Users\16024\Desktop\齿镜\calculus-unetpp\data\processed\masks\train\b50383c54e504e9c.png
3246171a7b0e762c,train,0,3246171a7b0e762ca1604fc62dfa8257860e38c285a038d23109e61594a68d9f,caries_0_838,caries_0_838,C:\Users\16024\Desktop\齿镜\calculus-unetpp\data\processed\images\train\3246171a7b0e762c.jpg,C:\Users\16024\Desktop\齿镜\calculus-unetpp\data\processed\masks\train\3246171a7b0e762c.png
3eef8acde4dc5528,train,0,3eef8acde4dc55285589e94d011e828447c6347b6bba9a302368cdd4422095e0,gingivitis_(1570);gingivitis_(1677),gingivitis_(1570),C:\Users\16024\Desktop\齿镜\calculus-unetpp\data\processed\images\train\3eef8acde4dc5528.jpg,C:\Users\16024\Desktop\齿镜\calculus-unetpp\data\processed\masks\train\3eef8acde4dc5528.png
ae1f99bb6957f98d,train,0,ae1f99bb6957f98d5e6e5948d02b65e9f6fdaf56f5120ee3d0448249c3eb9bcc,gingivitis_(1495),gingivitis_(1495),C:\Users\16024\Desktop\齿镜\calculus-unetpp\data\processed\images\train\ae1f99bb6957f98d.jpg,C:\Users\16024\Desktop\齿镜\calculus-unetpp\data\processed\masks\train\ae1f99bb6957f98d.png
8625a60cbcabb2c9,train,0,8625a60cbcabb2c9615c51ef6bc62dbaf421f69467bc8755a879e85ea77c4588,caries_0_1158,caries_0_1158,C:\Users\16024\Desktop\齿镜\calculus-unetpp\data\processed\images\train\8625a60cbcabb2c9.jpg,C:\Users\16024\Desktop\齿镜\calculus-unetpp\data\processed\masks\train\8625a60cbcabb2c9.png
16abb0fec337211d,train,0,16abb0fec337211db0bcfc350df969521c4c749567426bbb755f7fa6ef69898a,caries_0_558,caries_0_558,C:\Users\16024\Desktop\齿镜\calculus-unetpp\data\processed\images\train\16abb0fec337211d.jpg,C:\Users\16024\Desktop\齿镜\calculus-unetpp\data\processed\masks\train\16abb0fec337211d.png
166b683ecc061c88,train,0,166b683ecc061c880263aef843800c1919807e91377c07eed545227d12769930,caries_0_3358,caries_0_3358,C:\Users\16024\Desktop\齿镜\calculus-unetpp\data\processed\images\train\166b683ecc061c88.jpg,C:\Users\16024\Desktop\齿镜\calculus-unetpp\data\processed\masks\train\166b683ecc061c88.png
75f01d88d08a4b60,train,0,75f01d88d08a4b60dc2817950f18b7241b03a60a53a4b0b38235a10a82a95200,gingivitis_(1075),gingivitis_(1075),C:\Users\16024\Desktop\齿镜\calculus-unetpp\data\processed\images\train\75f01d88d08a4b60.jpg,C:\Users\16024\Desktop\齿镜\calculus-unetpp\data\processed\masks\train\75f01d88d08a4b60.png
45a11c1e28e4be41,train,0,45a11c1e28e4be4153aea65efc7f35be16b01548f4de79b5b7c2350de6119181,caries_0_8743,caries_0_8743,C:\Users\16024\Desktop\齿镜\calculus-unetpp\data\processed\images\train\45a11c1e28e4be41.jpg,C:\Users\16024\Desktop\齿镜\calculus-unetpp\data\processed\masks\train\45a11c1e28e4be41.png
446780411f6d6983,train,0,446780411f6d6983caf29b90ac94626a4e322cfdecfdeb46b92338294c39aec1,gingivitis_(122),gingivitis_(122),C:\Users\16024\Desktop\齿镜\calculus-unetpp\data\processed\images\train\446780411f6d6983.jpg,C:\Users\16024\Desktop\齿镜\calculus-unetpp\data\processed\masks\train\446780411f6d6983.png
35715b3f61024675,train,0,35715b3f61024675f58dcfea896141f5fd6c9aad21ad5c84e54eec0a5c974fc6,gingivitis_(646),gingivitis_(646),C:\Users\16024\Desktop\齿镜\calculus-unetpp\data\processed\images\train\35715b3f61024675.jpg,C:\Users\16024\Desktop\齿镜\calculus-unetpp\data\processed\masks\train\35715b3f61024675.png
744f9afdab687cc8,train,0,744f9afdab687cc86e986a5bde33d4624d571040c78de3d36ac950cd08f5cfbd,gingivitis_(2141);gingivitis_(2145);gingivitis_(2300),gingivitis_(2141),C:\Users\16024\Desktop\齿镜\calculus-unetpp\data\processed\images\train\744f9afdab687cc8.jpg,C:\Users\16024\Desktop\齿镜\calculus-unetpp\data\processed\masks\train\744f9afdab687cc8.png
01061be44e939d1d,train,0,01061be44e939d1da835d59dbbbcb0bd4c3aeb36d5109a7a079d1acc89a70fa0,caries_0_456,caries_0_456,C:\Users\16024\Desktop\齿镜\calculus-unetpp\data\processed\images\train\01061be44e939d1d.jpg,C:\Users\16024\Desktop\齿镜\calculus-unetpp\data\processed\masks\train\01061be44e939d1d.png
382b2ee62a871c45,train,0,382b2ee62a871c45a4a393c84102f0c94fef611212dc31cc6b0ac7ae652a5c10,gingivitis_(1335),gingivitis_(1335),C:\Users\16024\Desktop\齿镜\calculus-unetpp\data\processed\images\train\382b2ee62a871c45.jpg,C:\Users\16024\Desktop\齿镜\calculus-unetpp\data\processed\masks\train\382b2ee62a871c45.png
4fa7cef685b61916,train,0,4fa7cef685b61916d9f36893ea97a7a47e164bfe44c934a992e2f65eabc3423e,gingivitis_(2255),gingivitis_(2255),C:\Users\16024\Desktop\齿镜\calculus-unetpp\data\processed\images\train\4fa7cef685b61916.jpg,C:\Users\16024\Desktop\齿镜\calculus-unetpp\data\processed\masks\train\4fa7cef685b61916.png
b8b04920befb35c6,train,0,b8b04920befb35c60b07bceb51f669f7f112a3f706cadc3549d555002b8046a0,caries_0_2475,caries_0_2475,C:\Users\16024\Desktop\齿镜\calculus-unetpp\data\processed\images\train\b8b04920befb35c6.jpg,C:\Users\16024\Desktop\齿镜\calculus-unetpp\data\processed\masks\train\b8b04920befb35c6.png
1d19530dbc7343d5,train,0,1d19530dbc7343d5bfeaf478d71fee18f779d856d255df1186004a2599e7c4d9,caries_0_4082,caries_0_4082,C:\Users\16024\Desktop\齿镜\calculus-unetpp\data\processed\images\train\1d19530dbc7343d5.jpg,C:\Users\16024\Desktop\齿镜\calculus-unetpp\data\processed\masks\train\1d19530dbc7343d5.png
f16679d31ed2f325,train,0,f16679d31ed2f325c797e12aa634382c15d0ddd647d92973e6e9d36211c69607,caries_0_7250,caries_0_7250,C:\Users\16024\Desktop\齿镜\calculus-unetpp\data\processed\images\train\f16679d31ed2f325.jpg,C:\Users\16024\Desktop\齿镜\calculus-unetpp\data\processed\masks\train\f16679d31ed2f325.png
1d3369604c3586a8,train,0,1d3369604c3586a81a6077a428f3a3778794d25cdae864de2406b4df092d3702,caries_0_2933,caries_0_2933,C:\Users\16024\Desktop\齿镜\calculus-unetpp\data\processed\images\train\1d3369604c3586a8.jpg,C:\Users\16024\Desktop\齿镜\calculus-unetpp\data\processed\masks\train\1d3369604c3586a8.png
2a95fa117dbced2d,train,0,2a95fa117dbced2de77bbfaf1202c5ab62582fe61b58cfb63feffabf6a446415,caries_0_5305,caries_0_5305,C:\Users\16024\Desktop\齿镜\calculus-unetpp\data\processed\images\train\2a95fa117dbced2d.jpg,C:\Users\16024\Desktop\齿镜\calculus-unetpp\data\processed\masks\train\2a95fa117dbced2d.png
a0b656d072d9b54a,train,0,a0b656d072d9b54acb0afdfab04b5e083b9e589d927eb8e9f0e50adca418420a,34,34,C:\Users\16024\Desktop\齿镜\calculus-unetpp\data\processed\images\train\a0b656d072d9b54a.jpg,C:\Users\16024\Desktop\齿镜\calculus-unetpp\data\processed\masks\train\a0b656d072d9b54a.png
e4c6e6bca516b45e,train,0,e4c6e6bca516b45e3143eeab817ed644c95b8079d2db3b1fe3fd101380b84555,caries_0_153,caries_0_153,C:\Users\16024\Desktop\齿镜\calculus-unetpp\data\processed\images\train\e4c6e6bca516b45e.jpg,C:\Users\16024\Desktop\齿镜\calculus-unetpp\data\processed\masks\train\e4c6e6bca516b45e.png
d93464ebbdb1258b,train,0,d93464ebbdb1258b53320954a0369c895b2e5b9c5435ebe7a2bb3641208ada43,caries_0_3236,caries_0_3236,C:\Users\16024\Desktop\齿镜\calculus-unetpp\data\processed\images\train\d93464ebbdb1258b.jpg,C:\Users\16024\Desktop\齿镜\calculus-unetpp\data\processed\masks\train\d93464ebbdb1258b.png
06c8c2beda52e897,train,0,06c8c2beda52e8978f6b18f31d62de320f16329dee2602e2aa204e3073a6cfa3,caries_0_7097,caries_0_7097,C:\Users\16024\Desktop\齿镜\calculus-unetpp\data\processed\images\train\06c8c2beda52e897.jpg,C:\Users\16024\Desktop\齿镜\calculus-unetpp\data\processed\masks\train\06c8c2beda52e897.png
5eb754bceb300085,train,0,5eb754bceb30008516a2f9f6bb92a172f91642161e7c236ea7371dd76203e093,caries_0_3689,caries_0_3689,C:\Users\16024\Desktop\齿镜\calculus-unetpp\data\processed\images\train\5eb754bceb300085.jpg,C:\Users\16024\Desktop\齿镜\calculus-unetpp\data\processed\masks\train\5eb754bceb300085.png
ac665135409d5e86,train,0,ac665135409d5e86846e1577ae85b865928a98ce8679b71aeda3be0980914571,gingivitis_(1080);gingivitis_(1230);gingivitis_(1261),gingivitis_(1080),C:\Users\16024\Desktop\齿镜\calculus-unetpp\data\processed\images\train\ac665135409d5e86.jpg,C:\Users\16024\Desktop\齿镜\calculus-unetpp\data\processed\masks\train\ac665135409d5e86.png
80aa45cf6b2adc86,train,0,80aa45cf6b2adc866d632bc6b4ea42478ca3a8e28f965bb98a2770cacec5db00,gingivitis_(1295),gingivitis_(1295),C:\Users\16024\Desktop\齿镜\calculus-unetpp\data\processed\images\train\80aa45cf6b2adc86.jpg,C:\Users\16024\Desktop\齿镜\calculus-unetpp\data\processed\masks\train\80aa45cf6b2adc86.png
c2d265bce91f5219,train,0,c2d265bce91f5219835b73f079faf2e2342728fda16fcb89db1b27dbb8c98d1b,gingivitis_(1153),gingivitis_(1153),C:\Users\16024\Desktop\齿镜\calculus-unetpp\data\processed\images\train\c2d265bce91f5219.jpg,C:\Users\16024\Desktop\齿镜\calculus-unetpp\data\processed\masks\train\c2d265bce91f5219.png
5f82b37d548ab2af,train,0,5f82b37d548ab2affd7e05cb79fea8c13032c3616e70534043f8bfaba6ced848,caries_0_5619,caries_0_5619,C:\Users\16024\Desktop\齿镜\calculus-unetpp\data\processed\images\train\5f82b37d548ab2af.jpg,C:\Users\16024\Desktop\齿镜\calculus-unetpp\data\processed\masks\train\5f82b37d548ab2af.png
1a3f368bb8f03114,train,0,1a3f368bb8f0311417ae44f0937bb88e266d3794de521fe167cc5bd591388105,gingivitis_(134),gingivitis_(134),C:\Users\16024\Desktop\齿镜\calculus-unetpp\data\processed\images\train\1a3f368bb8f03114.jpg,C:\Users\16024\Desktop\齿镜\calculus-unetpp\data\processed\masks\train\1a3f368bb8f03114.png
08e456dfaa90bc16,train,0,08e456dfaa90bc1698c83a7696ba27dac6970bd13581045f5d266676ae69105f,gingivitis_(1101);gingivitis_(1101)(1);gingivitis_(1190);gingivitis_(1268),gingivitis_(1101),C:\Users\16024\Desktop\齿镜\calculus-unetpp\data\processed\images\train\08e456dfaa90bc16.jpg,C:\Users\16024\Desktop\齿镜\calculus-unetpp\data\processed\masks\train\08e456dfaa90bc16.png
c6c06396c130215b,train,0,c6c06396c130215b80fe8b2f5a93b1360e1f6774ff92b4a7134da920096b08d1,gingivitis_(1855),gingivitis_(1855),C:\Users\16024\Desktop\齿镜\calculus-unetpp\data\processed\images\train\c6c06396c130215b.jpg,C:\Users\16024\Desktop\齿镜\calculus-unetpp\data\processed\masks\train\c6c06396c130215b.png
af57d27b7298a221,train,0,af57d27b7298a2214ff70a9c7d92436eca20bc64265500f223e423b744a300c4,caries_0_6097,caries_0_6097,C:\Users\16024\Desktop\齿镜\calculus-unetpp\data\processed\images\train\af57d27b7298a221.jpg,C:\Users\16024\Desktop\齿镜\calculus-unetpp\data\processed\masks\train\af57d27b7298a221.png
8946447b4a66c618,train,0,8946447b4a66c618f82dfe4b6cab2ab9dd3dfa0345447d85b2e333b0f80f80d9,gingivitis_(1308);gingivitis_(1411),gingivitis_(1308),C:\Users\16024\Desktop\齿镜\calculus-unetpp\data\processed\images\train\8946447b4a66c618.jpg,C:\Users\16024\Desktop\齿镜\calculus-unetpp\data\processed\masks\train\8946447b4a66c618.png
54ae27f41de6c3e1,train,0,54ae27f41de6c3e1789eeade1522e6b5ff2d2b2a4fe2af076a70f481cbf306b2,caries_0_5865,caries_0_5865,C:\Users\16024\Desktop\齿镜\calculus-unetpp\data\processed\images\train\54ae27f41de6c3e1.jpg,C:\Users\16024\Desktop\齿镜\calculus-unetpp\data\processed\masks\train\54ae27f41de6c3e1.png
3338f779a7caba95,train,0,3338f779a7caba95eaa095cba02bab49b7cc8b2cb258566326fa8bb149a8eda5,gingivitis_(1872);gingivitis_(1988);gingivitis_(2043),gingivitis_(1872),C:\Users\16024\Desktop\齿镜\calculus-unetpp\data\processed\images\train\3338f779a7caba95.jpg,C:\Users\16024\Desktop\齿镜\calculus-unetpp\data\processed\masks\train\3338f779a7caba95.png
ed56661642687a51,train,0,ed56661642687a51138d6d5d74366c2f6163d19d3a00b10441eb39769ae1202e,gingivitis_(1298),gingivitis_(1298),C:\Users\16024\Desktop\齿镜\calculus-unetpp\data\processed\images\train\ed56661642687a51.jpg,C:\Users\16024\Desktop\齿镜\calculus-unetpp\data\processed\masks\train\ed56661642687a51.png
c6947ea87a45e1fa,train,0,c6947ea87a45e1faa4b83a3bebe03bc8e6470352a9e23101bc6cce6ddc7980e4,caries_0_7674,caries_0_7674,C:\Users\16024\Desktop\齿镜\calculus-unetpp\data\processed\images\train\c6947ea87a45e1fa.jpg,C:\Users\16024\Desktop\齿镜\calculus-unetpp\data\processed\masks\train\c6947ea87a45e1fa.png
9fd42b9b03aae80a,train,0,9fd42b9b03aae80a919fd98ce6ce513653fe50676a955098e6db17632aac937c,caries_0_9738,caries_0_9738,C:\Users\16024\Desktop\齿镜\calculus-unetpp\data\processed\images\train\9fd42b9b03aae80a.jpg,C:\Users\16024\Desktop\齿镜\calculus-unetpp\data\processed\masks\train\9fd42b9b03aae80a.png
5bab70d40415fce9,train,0,5bab70d40415fce9c64eb53c80a03a85a481d7faffb9cac04d97c7f00b541637,caries_0_658,caries_0_658,C:\Users\16024\Desktop\齿镜\calculus-unetpp\data\processed\images\train\5bab70d40415fce9.jpg,C:\Users\16024\Desktop\齿镜\calculus-unetpp\data\processed\masks\train\5bab70d40415fce9.png
a70ab405d4469de6,train,0,a70ab405d4469de6bb4fc03743941477e75665b036bfc0595893ffacd0223747,185,185,C:\Users\16024\Desktop\齿镜\calculus-unetpp\data\processed\images\train\a70ab405d4469de6.jpg,C:\Users\16024\Desktop\齿镜\calculus-unetpp\data\processed\masks\train\a70ab405d4469de6.png
09177ad6a27e9587,train,0,09177ad6a27e9587df379309b126c172b58d58e5ca9919f38914a263f60b8f84,gingivitis_(1299),gingivitis_(1299),C:\Users\16024\Desktop\齿镜\calculus-unetpp\data\processed\images\train\09177ad6a27e9587.jpg,C:\Users\16024\Desktop\齿镜\calculus-unetpp\data\processed\masks\train\09177ad6a27e9587.png
2d6165ec72a6100f,train,0,2d6165ec72a6100f357709162ea736577509f95f546b48d52592264ea280fa74,gingivitis_(1160),gingivitis_(1160),C:\Users\16024\Desktop\齿镜\calculus-unetpp\data\processed\images\train\2d6165ec72a6100f.jpg,C:\Users\16024\Desktop\齿镜\calculus-unetpp\data\processed\masks\train\2d6165ec72a6100f.png
b639dcb0e855ce1f,train,0,b639dcb0e855ce1ffef1bc10b639d906b86f99d5dd2b3502ab40e6c3105bf14d,caries_0_2945,caries_0_2945,C:\Users\16024\Desktop\齿镜\calculus-unetpp\data\processed\images\train\b639dcb0e855ce1f.jpg,C:\Users\16024\Desktop\齿镜\calculus-unetpp\data\processed\masks\train\b639dcb0e855ce1f.png
a1fb8624b5b66e55,train,0,a1fb8624b5b66e551d5c325ade6da9d1e5b39c22efd8a444ed9178e821a2634b,caries_0_398,caries_0_398,C:\Users\16024\Desktop\齿镜\calculus-unetpp\data\processed\images\train\a1fb8624b5b66e55.jpg,C:\Users\16024\Desktop\齿镜\calculus-unetpp\data\processed\masks\train\a1fb8624b5b66e55.png
d1b6ef7e37a2bb3f,train,0,d1b6ef7e37a2bb3fa3408031c32a15447b9625c62d27d81e5997c6930d43a0ce,caries_0_8961,caries_0_8961,C:\Users\16024\Desktop\齿镜\calculus-unetpp\data\processed\images\train\d1b6ef7e37a2bb3f.jpg,C:\Users\16024\Desktop\齿镜\calculus-unetpp\data\processed\masks\train\d1b6ef7e37a2bb3f.png
29e02fbdd913a871,train,0,29e02fbdd913a8713bd90f54e0815ab857df37e05c84d3f23b5da799e61c2f3b,caries_0_1627,caries_0_1627,C:\Users\16024\Desktop\齿镜\calculus-unetpp\data\processed\images\train\29e02fbdd913a871.jpg,C:\Users\16024\Desktop\齿镜\calculus-unetpp\data\processed\masks\train\29e02fbdd913a871.png
69e37e54d2c1db51,train,0,69e37e54d2c1db5181d9af6dd44fd7193e4eba8b45122a3f8c34b10dae08d427,caries_0_7475,caries_0_7475,C:\Users\16024\Desktop\齿镜\calculus-unetpp\data\processed\images\train\69e37e54d2c1db51.jpg,C:\Users\16024\Desktop\齿镜\calculus-unetpp\data\processed\masks\train\69e37e54d2c1db51.png
20fca89e530acdf6,train,0,20fca89e530acdf68b339a07169156ae17a484e72023c2ea954e25fc41924ec7,gingivitis_(2164);gingivitis_(2256);gingivitis_(2317),gingivitis_(2164),C:\Users\16024\Desktop\齿镜\calculus-unetpp\data\processed\images\train\20fca89e530acdf6.jpg,C:\Users\16024\Desktop\齿镜\calculus-unetpp\data\processed\masks\train\20fca89e530acdf6.png
2612bf7fd958361e,train,0,2612bf7fd958361edb9ae9b9a1ee8196b971d80c462d428fb3d4fe192c62237c,caries_0_7926,caries_0_7926,C:\Users\16024\Desktop\齿镜\calculus-unetpp\data\processed\images\train\2612bf7fd958361e.jpg,C:\Users\16024\Desktop\齿镜\calculus-unetpp\data\processed\masks\train\2612bf7fd958361e.png
f93ad442ccdf6a90,train,0,f93ad442ccdf6a90d2e420a0de22d2a22373cad55a004d310ddf144c80fb7b1a,gingivitis_(1148);gingivitis_(1150),gingivitis_(1148),C:\Users\16024\Desktop\齿镜\calculus-unetpp\data\processed\images\train\f93ad442ccdf6a90.jpg,C:\Users\16024\Desktop\齿镜\calculus-unetpp\data\processed\masks\train\f93ad442ccdf6a90.png
f0d0ca8a34a8adaf,train,0,f0d0ca8a34a8adaf820187fd7acabb9c7d3b5efcbd6e46a57d9a7fd6877d99fe,caries_0_8212,caries_0_8212,C:\Users\16024\Desktop\齿镜\calculus-unetpp\data\processed\images\train\f0d0ca8a34a8adaf.jpg,C:\Users\16024\Desktop\齿镜\calculus-unetpp\data\processed\masks\train\f0d0ca8a34a8adaf.png
f39386f3121c57d2,train,0,f39386f3121c57d21e3e10f50c6795de99ca8cc31f3313b6499361da8f76fefc,caries_0_2398,caries_0_2398,C:\Users\16024\Desktop\齿镜\calculus-unetpp\data\processed\images\train\f39386f3121c57d2.jpg,C:\Users\16024\Desktop\齿镜\calculus-unetpp\data\processed\masks\train\f39386f3121c57d2.png
7000420183afb78d,train,0,7000420183afb78dc6305a2e14ff82736e3dbec11a31ccdd6e1269dea035f36a,gingivitis_(1556),gingivitis_(1556),C:\Users\16024\Desktop\齿镜\calculus-unetpp\data\processed\images\train\7000420183afb78d.jpg,C:\Users\16024\Desktop\齿镜\calculus-unetpp\data\processed\masks\train\7000420183afb78d.png
8e8836bb5f7bd02c,train,0,8e8836bb5f7bd02c1563fb0033af5a767539d09483254e4db184cb757255eabc,caries_0_6354,caries_0_6354,C:\Users\16024\Desktop\齿镜\calculus-unetpp\data\processed\images\train\8e8836bb5f7bd02c.jpg,C:\Users\16024\Desktop\齿镜\calculus-unetpp\data\processed\masks\train\8e8836bb5f7bd02c.png
1f471430e8fc9a61,train,0,1f471430e8fc9a610fc2b14bcf3a618ffb3eee421a4df56893da32c3d2a51305,gingivitis_(1850),gingivitis_(1850),C:\Users\16024\Desktop\齿镜\calculus-unetpp\data\processed\images\train\1f471430e8fc9a61.jpg,C:\Users\16024\Desktop\齿镜\calculus-unetpp\data\processed\masks\train\1f471430e8fc9a61.png
4f2068ed3695192f,train,0,4f2068ed3695192fb7018dfc52aaafeab67ec9416b174f2a8c962a2ec12d80e9,caries_0_1604,caries_0_1604,C:\Users\16024\Desktop\齿镜\calculus-unetpp\data\processed\images\train\4f2068ed3695192f.jpg,C:\Users\16024\Desktop\齿镜\calculus-unetpp\data\processed\masks\train\4f2068ed3695192f.png
ca09d9df69e24be5,train,0,ca09d9df69e24be51459eb58cb19df0859550e9f5938fdf760f39d30e9f3211a,gingivitis_(73),gingivitis_(73),C:\Users\16024\Desktop\齿镜\calculus-unetpp\data\processed\images\train\ca09d9df69e24be5.jpg,C:\Users\16024\Desktop\齿镜\calculus-unetpp\data\processed\masks\train\ca09d9df69e24be5.png
fae0cc89bc21f8d0,train,0,fae0cc89bc21f8d0bd1afb78a02b8534fb0467c4eee932f4831cf083834e933a,gingivitis_(1606),gingivitis_(1606),C:\Users\16024\Desktop\齿镜\calculus-unetpp\data\processed\images\train\fae0cc89bc21f8d0.jpg,C:\Users\16024\Desktop\齿镜\calculus-unetpp\data\processed\masks\train\fae0cc89bc21f8d0.png
ad0f9fe2720db427,train,0,ad0f9fe2720db427decfd00dacb2689c6c0a6948052b9d10a011798bab5a1130,gingivitis_(177),gingivitis_(177),C:\Users\16024\Desktop\齿镜\calculus-unetpp\data\processed\images\train\ad0f9fe2720db427.jpg,C:\Users\16024\Desktop\齿镜\calculus-unetpp\data\processed\masks\train\ad0f9fe2720db427.png
a226a26387299d9c,train,0,a226a26387299d9ce238ccb807e9c311eff9e51b1b403b4e075421a7d0aa4eea,caries_0_8504,caries_0_8504,C:\Users\16024\Desktop\齿镜\calculus-unetpp\data\processed\images\train\a226a26387299d9c.jpg,C:\Users\16024\Desktop\齿镜\calculus-unetpp\data\processed\masks\train\a226a26387299d9c.png
e2f07855ae8dda16,train,0,e2f07855ae8dda1648053cbdd2ebd608a43e7c7a10616b2c2b495c0d12a8a978,caries_0_4773,caries_0_4773,C:\Users\16024\Desktop\齿镜\calculus-unetpp\data\processed\images\train\e2f07855ae8dda16.jpg,C:\Users\16024\Desktop\齿镜\calculus-unetpp\data\processed\masks\train\e2f07855ae8dda16.png
45c1e08ba18afe1b,train,0,45c1e08ba18afe1bcf14f98ef34f857325485dc39c3346b7d89d4d49cebd20f4,gingivitis_(1413),gingivitis_(1413),C:\Users\16024\Desktop\齿镜\calculus-unetpp\data\processed\images\train\45c1e08ba18afe1b.jpg,C:\Users\16024\Desktop\齿镜\calculus-unetpp\data\processed\masks\train\45c1e08ba18afe1b.png
944d05a85551e5cb,train,0,944d05a85551e5cb38bc370943350632b4cd5949c50334208fac86da738e4c9a,caries_0_4380,caries_0_4380,C:\Users\16024\Desktop\齿镜\calculus-unetpp\data\processed\images\train\944d05a85551e5cb.jpg,C:\Users\16024\Desktop\齿镜\calculus-unetpp\data\processed\masks\train\944d05a85551e5cb.png
8bc53a3ffa2a6788,train,0,8bc53a3ffa2a6788088ee3b668adae17a259678ed412d543f1b5285af3f71032,caries_0_1001,caries_0_1001,C:\Users\16024\Desktop\齿镜\calculus-unetpp\data\processed\images\train\8bc53a3ffa2a6788.jpg,C:\Users\16024\Desktop\齿镜\calculus-unetpp\data\processed\masks\train\8bc53a3ffa2a6788.png
984c2b82e07d9bad,train,0,984c2b82e07d9bad77c4dd37b80dea2f76f3921e578f63b88bcdf266463a61ca,caries_0_295,caries_0_295,C:\Users\16024\Desktop\齿镜\calculus-unetpp\data\processed\images\train\984c2b82e07d9bad.jpg,C:\Users\16024\Desktop\齿镜\calculus-unetpp\data\processed\masks\train\984c2b82e07d9bad.png
44f806adc4b05841,train,0,44f806adc4b058411a41e96abf585d9b10cbcbcd354518038433ded203c2874a,caries_0_5737,caries_0_5737,C:\Users\16024\Desktop\齿镜\calculus-unetpp\data\processed\images\train\44f806adc4b05841.jpg,C:\Users\16024\Desktop\齿镜\calculus-unetpp\data\processed\masks\train\44f806adc4b05841.png
7e54dadb500ad976,train,0,7e54dadb500ad97661c2bc432fdf8a304ef487bde895a7c3614a588c5055c047,caries_0_2938,caries_0_2938,C:\Users\16024\Desktop\齿镜\calculus-unetpp\data\processed\images\train\7e54dadb500ad976.jpg,C:\Users\16024\Desktop\齿镜\calculus-unetpp\data\processed\masks\train\7e54dadb500ad976.png
d5f92e4e83565cfe,train,0,d5f92e4e83565cfeb4ecdc156b17181a7ac2451d6fe4ffe33e01590a4969385e,gingivitis_(258),gingivitis_(258),C:\Users\16024\Desktop\齿镜\calculus-unetpp\data\processed\images\train\d5f92e4e83565cfe.jpg,C:\Users\16024\Desktop\齿镜\calculus-unetpp\data\processed\masks\train\d5f92e4e83565cfe.png
e73a65ecde6894c4,train,0,e73a65ecde6894c469709efcd80caa0393bbb3d042f211bbe3a0e521902ac7ee,caries_0_4858,caries_0_4858,C:\Users\16024\Desktop\齿镜\calculus-unetpp\data\processed\images\train\e73a65ecde6894c4.jpg,C:\Users\16024\Desktop\齿镜\calculus-unetpp\data\processed\masks\train\e73a65ecde6894c4.png
9bb875ab408f7799,train,0,9bb875ab408f7799642538382a0854badd88a432b14c69f45fad355755defe77,caries_0_4725,caries_0_4725,C:\Users\16024\Desktop\齿镜\calculus-unetpp\data\processed\images\train\9bb875ab408f7799.jpg,C:\Users\16024\Desktop\齿镜\calculus-unetpp\data\processed\masks\train\9bb875ab408f7799.png
683a9bafb7efa05b,train,0,683a9bafb7efa05bb723c2184d21c4bbf479b6ba5e74202390b0f4381d1ad80f,caries_0_6276,caries_0_6276,C:\Users\16024\Desktop\齿镜\calculus-unetpp\data\processed\images\train\683a9bafb7efa05b.jpg,C:\Users\16024\Desktop\齿镜\calculus-unetpp\data\processed\masks\train\683a9bafb7efa05b.png
e453c96a38fa2ce8,train,0,e453c96a38fa2ce859347e5f31ee94a95f039d8677c1545eb1e89df889d88c89,gingivitis_(371),gingivitis_(371),C:\Users\16024\Desktop\齿镜\calculus-unetpp\data\processed\images\train\e453c96a38fa2ce8.jpg,C:\Users\16024\Desktop\齿镜\calculus-unetpp\data\processed\masks\train\e453c96a38fa2ce8.png
630377274bf75e4b,train,0,630377274bf75e4bdea90be6c80daee047fea8aefd256dda4fa540adc54d5f3b,caries_0_4926,caries_0_4926,C:\Users\16024\Desktop\齿镜\calculus-unetpp\data\processed\images\train\630377274bf75e4b.jpg,C:\Users\16024\Desktop\齿镜\calculus-unetpp\data\processed\masks\train\630377274bf75e4b.png
5e30f12a70c8b51f,train,0,5e30f12a70c8b51f46b581f4ec195395f1c9608ee7d576dcb89748d31bdd42c5,gingivitis_(1326),gingivitis_(1326),C:\Users\16024\Desktop\齿镜\calculus-unetpp\data\processed\images\train\5e30f12a70c8b51f.jpg,C:\Users\16024\Desktop\齿镜\calculus-unetpp\data\processed\masks\train\5e30f12a70c8b51f.png
87c419382700acec,train,0,87c419382700acec821b113234348e48034758abfa78849ae7546dd8cf4db7c7,caries_0_2316,caries_0_2316,C:\Users\16024\Desktop\齿镜\calculus-unetpp\data\processed\images\train\87c419382700acec.jpg,C:\Users\16024\Desktop\齿镜\calculus-unetpp\data\processed\masks\train\87c419382700acec.png
1c0b1b552fcda31c,val,1,1c0b1b552fcda31c0205779d34e65d10ed4d0a68263d999ad5c1b7fa559f3412,(1031),(1031),C:\Users\16024\Desktop\齿镜\calculus-unetpp\data\processed\images\val\1c0b1b552fcda31c.jpg,C:\Users\16024\Desktop\齿镜\calculus-unetpp\data\processed\masks\val\1c0b1b552fcda31c.png
9c3298e13551674f,val,1,9c3298e13551674f0c44e264cb2013088ea0facff77d4300f0c22e4a9bac3b92,(105);(6),(105),C:\Users\16024\Desktop\齿镜\calculus-unetpp\data\processed\images\val\9c3298e13551674f.jpg,C:\Users\16024\Desktop\齿镜\calculus-unetpp\data\processed\masks\val\9c3298e13551674f.png
a4b7463611701159,val,1,a4b74636117011597ccf34ec1e7841be6efebfd8fc852fe8fae4d633d0013eeb,(299),(299),C:\Users\16024\Desktop\齿镜\calculus-unetpp\data\processed\images\val\a4b7463611701159.jpg,C:\Users\16024\Desktop\齿镜\calculus-unetpp\data\processed\masks\val\a4b7463611701159.png
2d5dc745aa5f5176,val,1,2d5dc745aa5f5176ace3c87cc67cdc8e469fa65232124c5010139dc03ee09560,155;155(1),155,C:\Users\16024\Desktop\齿镜\calculus-unetpp\data\processed\images\val\2d5dc745aa5f5176.jpg,C:\Users\16024\Desktop\齿镜\calculus-unetpp\data\processed\masks\val\2d5dc745aa5f5176.png
f40263ab0c0682a3,val,1,f40263ab0c0682a38e7d4138dcf889f377323fb1de2b09b9c9e2e79a0c04962d,caries_0_7562,caries_0_7562,C:\Users\16024\Desktop\齿镜\calculus-unetpp\data\processed\images\val\f40263ab0c0682a3.jpg,C:\Users\16024\Desktop\齿镜\calculus-unetpp\data\processed\masks\val\f40263ab0c0682a3.png
d540a0583442043a,val,1,d540a0583442043a97514d8525dff998b2faea00babc653a215258f174ea7411,caries_0_8726,caries_0_8726,C:\Users\16024\Desktop\齿镜\calculus-unetpp\data\processed\images\val\d540a0583442043a.jpg,C:\Users\16024\Desktop\齿镜\calculus-unetpp\data\processed\masks\val\d540a0583442043a.png
7d2c43bacbb2a938,val,1,7d2c43bacbb2a9384143b7625bd04a6fdf31a2e338ba03a222788ea4a71c0d10,(294);(364);(393),(294),C:\Users\16024\Desktop\齿镜\calculus-unetpp\data\processed\images\val\7d2c43bacbb2a938.jpg,C:\Users\16024\Desktop\齿镜\calculus-unetpp\data\processed\masks\val\7d2c43bacbb2a938.png
8a2d1f99a0bcfcd8,val,1,8a2d1f99a0bcfcd8c31ce6c259c1f3140bd197992e71f60cc8303f0378cd12f0,25;3,25,C:\Users\16024\Desktop\齿镜\calculus-unetpp\data\processed\images\val\8a2d1f99a0bcfcd8.jpg,C:\Users\16024\Desktop\齿镜\calculus-unetpp\data\processed\masks\val\8a2d1f99a0bcfcd8.png
4f314b07a16200f0,val,1,4f314b07a16200f0fba5291d17950b2b82f61daa512b535bd3d562b70d5979f3,caries_0_8299,caries_0_8299,C:\Users\16024\Desktop\齿镜\calculus-unetpp\data\processed\images\val\4f314b07a16200f0.jpg,C:\Users\16024\Desktop\齿镜\calculus-unetpp\data\processed\masks\val\4f314b07a16200f0.png
b13adc305649b7f8,val,1,b13adc305649b7f8ca4c7feb05e1ed4870f156245aea7dd010054039c1087f44,(176);(275);(288),(176),C:\Users\16024\Desktop\齿镜\calculus-unetpp\data\processed\images\val\b13adc305649b7f8.jpg,C:\Users\16024\Desktop\齿镜\calculus-unetpp\data\processed\masks\val\b13adc305649b7f8.png
48dd50e895636699,val,1,48dd50e89563669967a842d6b2770c2084e8efb92b6f5d93f0b87658fcbd2cc6,(1177),(1177),C:\Users\16024\Desktop\齿镜\calculus-unetpp\data\processed\images\val\48dd50e895636699.jpg,C:\Users\16024\Desktop\齿镜\calculus-unetpp\data\processed\masks\val\48dd50e895636699.png
fa5043cdb7a8fe9d,val,1,fa5043cdb7a8fe9da785c3d90d2284758fdc08314e1da05060c8b13db65e85eb,caries_0_3461,caries_0_3461,C:\Users\16024\Desktop\齿镜\calculus-unetpp\data\processed\images\val\fa5043cdb7a8fe9d.jpg,C:\Users\16024\Desktop\齿镜\calculus-unetpp\data\processed\masks\val\fa5043cdb7a8fe9d.png
dc8f09f5a4fc6794,val,1,dc8f09f5a4fc6794c643140591fbd5f92f793249d6280ec5856e2502a87ff903,caries_0_6912,caries_0_6912,C:\Users\16024\Desktop\齿镜\calculus-unetpp\data\processed\images\val\dc8f09f5a4fc6794.jpg,C:\Users\16024\Desktop\齿镜\calculus-unetpp\data\processed\masks\val\dc8f09f5a4fc6794.png
2d9e0cd4eadb94eb,val,1,2d9e0cd4eadb94ebe950c213e2873bb9b7dc7ae6e575d1e27212a8383ff89ed2,(163);(207);(238);(287),(163),C:\Users\16024\Desktop\齿镜\calculus-unetpp\data\processed\images\val\2d9e0cd4eadb94eb.jpg,C:\Users\16024\Desktop\齿镜\calculus-unetpp\data\processed\masks\val\2d9e0cd4eadb94eb.png
93a81ea24d9186c3,val,1,93a81ea24d9186c3ac7556ac06cf30d22a91cf220300651531d7bd9fbbc2555d,caries_0_7720,caries_0_7720,C:\Users\16024\Desktop\齿镜\calculus-unetpp\data\processed\images\val\93a81ea24d9186c3.jpg,C:\Users\16024\Desktop\齿镜\calculus-unetpp\data\processed\masks\val\93a81ea24d9186c3.png
7c0e29de2bbb1415,val,1,7c0e29de2bbb14151a17b5065e0352b8b830d5db5466e2297ec7d0f1cb4a5e50,caries_0_4472,caries_0_4472,C:\Users\16024\Desktop\齿镜\calculus-unetpp\data\processed\images\val\7c0e29de2bbb1415.jpg,C:\Users\16024\Desktop\齿镜\calculus-unetpp\data\processed\masks\val\7c0e29de2bbb1415.png
a20d654310aafe23,val,1,a20d654310aafe23a69442f14026c01f5340579e658ed54bf3b39247112f77fc,caries_0_6574,caries_0_6574,C:\Users\16024\Desktop\齿镜\calculus-unetpp\data\processed\images\val\a20d654310aafe23.jpg,C:\Users\16024\Desktop\齿镜\calculus-unetpp\data\processed\masks\val\a20d654310aafe23.png
bcb61a8eb2bd0ef5,val,1,bcb61a8eb2bd0ef5001c68422e9198cd46687da27722e59b2f7ae4fb11ed0811,caries_0_2820,caries_0_2820,C:\Users\16024\Desktop\齿镜\calculus-unetpp\data\processed\images\val\bcb61a8eb2bd0ef5.jpg,C:\Users\16024\Desktop\齿镜\calculus-unetpp\data\processed\masks\val\bcb61a8eb2bd0ef5.png
c05ceda780ce7e73,val,1,c05ceda780ce7e73352efba71c2ed83f1ea55541acea1593275261287efefaf5,caries_0_5987,caries_0_5987,C:\Users\16024\Desktop\齿镜\calculus-unetpp\data\processed\images\val\c05ceda780ce7e73.jpg,C:\Users\16024\Desktop\齿镜\calculus-unetpp\data\processed\masks\val\c05ceda780ce7e73.png
bbd8a01dc7ae0ce2,val,1,bbd8a01dc7ae0ce2efd6acf2a345df6176bd53212b6f686bfaab42f32c163dde,caries_0_7527,caries_0_7527,C:\Users\16024\Desktop\齿镜\calculus-unetpp\data\processed\images\val\bbd8a01dc7ae0ce2.jpg,C:\Users\16024\Desktop\齿镜\calculus-unetpp\data\processed\masks\val\bbd8a01dc7ae0ce2.png
40995e549a0c7955,val,1,40995e549a0c79559c0d3ca6d7d33b47fe6b48b88cb966afd6dd90cfe401d8f5,caries_0_2445,caries_0_2445,C:\Users\16024\Desktop\齿镜\calculus-unetpp\data\processed\images\val\40995e549a0c7955.jpg,C:\Users\16024\Desktop\齿镜\calculus-unetpp\data\processed\masks\val\40995e549a0c7955.png
156dba566453af89,val,1,156dba566453af89c7459142d913ed062f854998d3bd94a477fd41d6ba01273f,(906),(906),C:\Users\16024\Desktop\齿镜\calculus-unetpp\data\processed\images\val\156dba566453af89.jpg,C:\Users\16024\Desktop\齿镜\calculus-unetpp\data\processed\masks\val\156dba566453af89.png
4ffb9b71f9c6310c,val,1,4ffb9b71f9c6310cfc713e0b37830a1c48db13f530eab0a9dd607cd3e438d59f,(1027);(1071);(1102);(1151),(1027),C:\Users\16024\Desktop\齿镜\calculus-unetpp\data\processed\images\val\4ffb9b71f9c6310c.jpg,C:\Users\16024\Desktop\齿镜\calculus-unetpp\data\processed\masks\val\4ffb9b71f9c6310c.png
7f3d9b521bf7b29a,val,1,7f3d9b521bf7b29a8cb3f245ef46d481ea7efea605434270546724f86f36c458,(151);(204);(233);(260);(277),(151),C:\Users\16024\Desktop\齿镜\calculus-unetpp\data\processed\images\val\7f3d9b521bf7b29a.jpg,C:\Users\16024\Desktop\齿镜\calculus-unetpp\data\processed\masks\val\7f3d9b521bf7b29a.png
5df0993e954ae3a9,val,1,5df0993e954ae3a97881d94501dbc09fb4d83343b8e7da24dde84a635c1447fb,caries_0_9071,caries_0_9071,C:\Users\16024\Desktop\齿镜\calculus-unetpp\data\processed\images\val\5df0993e954ae3a9.jpg,C:\Users\16024\Desktop\齿镜\calculus-unetpp\data\processed\masks\val\5df0993e954ae3a9.png
f21b32f2b342d1f0,val,1,f21b32f2b342d1f038b16be5c0a3bcafd776552e8ae5953cf66cb48571092e2c,caries_0_4200,caries_0_4200,C:\Users\16024\Desktop\齿镜\calculus-unetpp\data\processed\images\val\f21b32f2b342d1f0.jpg,C:\Users\16024\Desktop\齿镜\calculus-unetpp\data\processed\masks\val\f21b32f2b342d1f0.png
45d14d90bf2218a9,val,1,45d14d90bf2218a909c51892086b77e483e786a16cbfb2ad55d60c71b0a4cb8c,caries_0_5554,caries_0_5554,C:\Users\16024\Desktop\齿镜\calculus-unetpp\data\processed\images\val\45d14d90bf2218a9.jpg,C:\Users\16024\Desktop\齿镜\calculus-unetpp\data\processed\masks\val\45d14d90bf2218a9.png
11ffaf49716eca05,val,1,11ffaf49716eca052842b2629ae676ec9dd8285ba6dbcab36b95882bab69b500,caries_0_6794,caries_0_6794,C:\Users\16024\Desktop\齿镜\calculus-unetpp\data\processed\images\val\11ffaf49716eca05.jpg,C:\Users\16024\Desktop\齿镜\calculus-unetpp\data\processed\masks\val\11ffaf49716eca05.png
5fe6f4e427996e53,val,1,5fe6f4e427996e5385920b189ffd14fa972aae384c7792a59a880a547cd98d09,caries_0_1202,caries_0_1202,C:\Users\16024\Desktop\齿镜\calculus-unetpp\data\processed\images\val\5fe6f4e427996e53.jpg,C:\Users\16024\Desktop\齿镜\calculus-unetpp\data\processed\masks\val\5fe6f4e427996e53.png
e927e6e570f40273,val,1,e927e6e570f40273f9f6380328e3ad429e57a30989369c36032e15d79cc165f4,(336),(336),C:\Users\16024\Desktop\齿镜\calculus-unetpp\data\processed\images\val\e927e6e570f40273.jpg,C:\Users\16024\Desktop\齿镜\calculus-unetpp\data\processed\masks\val\e927e6e570f40273.png
b80e18311b79b076,val,1,b80e18311b79b07614227771cd70e17faffb0b27c576f5afffc354b7ae913094,caries_0_8875,caries_0_8875,C:\Users\16024\Desktop\齿镜\calculus-unetpp\data\processed\images\val\b80e18311b79b076.jpg,C:\Users\16024\Desktop\齿镜\calculus-unetpp\data\processed\masks\val\b80e18311b79b076.png
50309755fb3ec44b,val,1,50309755fb3ec44b19a905393ac082ac41a3ac1630668615dc081cd1ccb4334a,caries_0_7758,caries_0_7758,C:\Users\16024\Desktop\齿镜\calculus-unetpp\data\processed\images\val\50309755fb3ec44b.jpg,C:\Users\16024\Desktop\齿镜\calculus-unetpp\data\processed\masks\val\50309755fb3ec44b.png
ce86c41f02a763c0,val,1,ce86c41f02a763c0ef1b73e2a312069ce1a71c106fefaf579f9d8e2ead49368d,(1062),(1062),C:\Users\16024\Desktop\齿镜\calculus-unetpp\data\processed\images\val\ce86c41f02a763c0.jpg,C:\Users\16024\Desktop\齿镜\calculus-unetpp\data\processed\masks\val\ce86c41f02a763c0.png
943e4ffac946abee,val,1,943e4ffac946abeea02c9b7fd3d1ef28e04dc2650363bafd26257e7bf8fbe812,(390),(390),C:\Users\16024\Desktop\齿镜\calculus-unetpp\data\processed\images\val\943e4ffac946abee.jpg,C:\Users\16024\Desktop\齿镜\calculus-unetpp\data\processed\masks\val\943e4ffac946abee.png
d6e34b2773da6495,val,1,d6e34b2773da64950e5f66976b3420aa68f69dea7efb130c68f679308e31b8fb,64,64,C:\Users\16024\Desktop\齿镜\calculus-unetpp\data\processed\images\val\d6e34b2773da6495.jpg,C:\Users\16024\Desktop\齿镜\calculus-unetpp\data\processed\masks\val\d6e34b2773da6495.png
fbd139b2a70ada05,val,1,fbd139b2a70ada05e6f5181174f2173b4255d00220fd88e0c0027e5cabc56e41,(770),(770),C:\Users\16024\Desktop\齿镜\calculus-unetpp\data\processed\images\val\fbd139b2a70ada05.jpg,C:\Users\16024\Desktop\齿镜\calculus-unetpp\data\processed\masks\val\fbd139b2a70ada05.png
afc5248c508ca6c0,val,1,afc5248c508ca6c04e693e98ffb1e69fbc95c3153518d744e37284cf1373cd69,caries_0_4405,caries_0_4405,C:\Users\16024\Desktop\齿镜\calculus-unetpp\data\processed\images\val\afc5248c508ca6c0.jpg,C:\Users\16024\Desktop\齿镜\calculus-unetpp\data\processed\masks\val\afc5248c508ca6c0.png
356b48542359e7b8,val,1,356b48542359e7b82cd0114d9bc322c710e6cec444bf388900e87ef9c58406fb,(726);(796);(825),(726),C:\Users\16024\Desktop\齿镜\calculus-unetpp\data\processed\images\val\356b48542359e7b8.jpg,C:\Users\16024\Desktop\齿镜\calculus-unetpp\data\processed\masks\val\356b48542359e7b8.png
175ff9ada67ded04,val,1,175ff9ada67ded049cf3375e7be1731dfc2562448d5a5e04bc9bdd5eb3483d16,(1161);(1227),(1161),C:\Users\16024\Desktop\齿镜\calculus-unetpp\data\processed\images\val\175ff9ada67ded04.jpg,C:\Users\16024\Desktop\齿镜\calculus-unetpp\data\processed\masks\val\175ff9ada67ded04.png
4ff7e9f5e345e1cc,val,1,4ff7e9f5e345e1cc2e75a23bfedcd655bd16902312b1c658ac6a1c5f30b2038f,caries_0_6483,caries_0_6483,C:\Users\16024\Desktop\齿镜\calculus-unetpp\data\processed\images\val\4ff7e9f5e345e1cc.jpg,C:\Users\16024\Desktop\齿镜\calculus-unetpp\data\processed\masks\val\4ff7e9f5e345e1cc.png
40022f39ce30b62f,val,1,40022f39ce30b62f92d2cd8a34514cd7a9c2ab1549e6e688a407f2ebdc1dd068,(371),(371),C:\Users\16024\Desktop\齿镜\calculus-unetpp\data\processed\images\val\40022f39ce30b62f.jpg,C:\Users\16024\Desktop\齿镜\calculus-unetpp\data\processed\masks\val\40022f39ce30b62f.png
6b40eadcd022e890,val,1,6b40eadcd022e890fe3ddd8fc46d10f832ad76878ebe3eeb4b6da44e073a03fe,(728),(728),C:\Users\16024\Desktop\齿镜\calculus-unetpp\data\processed\images\val\6b40eadcd022e890.jpg,C:\Users\16024\Desktop\齿镜\calculus-unetpp\data\processed\masks\val\6b40eadcd022e890.png
6f5184ed29b73431,val,1,6f5184ed29b7343141566ba5769409b13a55fb4feabe27785daf720d6054983c,(1040);(1139);(1152),(1040),C:\Users\16024\Desktop\齿镜\calculus-unetpp\data\processed\images\val\6f5184ed29b73431.jpg,C:\Users\16024\Desktop\齿镜\calculus-unetpp\data\processed\masks\val\6f5184ed29b73431.png
33a7ae13294ca984,val,1,33a7ae13294ca984196f7bcf8bf4892ccc922a25f2d3ae9eafb7d51ee48c0e1b,(78),(78),C:\Users\16024\Desktop\齿镜\calculus-unetpp\data\processed\images\val\33a7ae13294ca984.jpg,C:\Users\16024\Desktop\齿镜\calculus-unetpp\data\processed\masks\val\33a7ae13294ca984.png
6e3c9c7abad97e48,val,1,6e3c9c7abad97e48b55c41646d079a3b6f7e3b33a9ffd6aa617b2f7757bd6a4c,caries_0_6883,caries_0_6883,C:\Users\16024\Desktop\齿镜\calculus-unetpp\data\processed\images\val\6e3c9c7abad97e48.jpg,C:\Users\16024\Desktop\齿镜\calculus-unetpp\data\processed\masks\val\6e3c9c7abad97e48.png
92466b7c9bd92c2b,val,1,92466b7c9bd92c2b74f0d82bc3aaede530deea3b585a37a8cb47dbe70ccf0521,caries_0_7982,caries_0_7982,C:\Users\16024\Desktop\齿镜\calculus-unetpp\data\processed\images\val\92466b7c9bd92c2b.jpg,C:\Users\16024\Desktop\齿镜\calculus-unetpp\data\processed\masks\val\92466b7c9bd92c2b.png
e5ccf61fda031281,val,1,e5ccf61fda03128176eb1da2b1f7aa12839940758b11c86f4f8255df149cf9fe,(102),(102),C:\Users\16024\Desktop\齿镜\calculus-unetpp\data\processed\images\val\e5ccf61fda031281.jpg,C:\Users\16024\Desktop\齿镜\calculus-unetpp\data\processed\masks\val\e5ccf61fda031281.png
fd12443070febe61,val,1,fd12443070febe61754c8a54f65b1d91dc825cbe965f03a24b1fc7bc282b317e,caries_0_1151,caries_0_1151,C:\Users\16024\Desktop\齿镜\calculus-unetpp\data\processed\images\val\fd12443070febe61.jpg,C:\Users\16024\Desktop\齿镜\calculus-unetpp\data\processed\masks\val\fd12443070febe61.png
1e082cbb32660d3e,val,1,1e082cbb32660d3ef0e5ca4e273f6c2c618dde775c7dff8008a20207c2010b0e,caries_0_517,caries_0_517,C:\Users\16024\Desktop\齿镜\calculus-unetpp\data\processed\images\val\1e082cbb32660d3e.jpg,C:\Users\16024\Desktop\齿镜\calculus-unetpp\data\processed\masks\val\1e082cbb32660d3e.png
ee6bc8113134ceb0,val,1,ee6bc8113134ceb07e8da3b0da7506f3f5e6311d6b6414580038361af3c17585,caries_0_1395,caries_0_1395,C:\Users\16024\Desktop\齿镜\calculus-unetpp\data\processed\images\val\ee6bc8113134ceb0.jpg,C:\Users\16024\Desktop\齿镜\calculus-unetpp\data\processed\masks\val\ee6bc8113134ceb0.png
d9bb9610f070f266,val,1,d9bb9610f070f2663b246b73e00530a7ba62c3279d092314f5e35c9856a7411f,191,191,C:\Users\16024\Desktop\齿镜\calculus-unetpp\data\processed\images\val\d9bb9610f070f266.jpg,C:\Users\16024\Desktop\齿镜\calculus-unetpp\data\processed\masks\val\d9bb9610f070f266.png
55b4052783e33ff6,val,1,55b4052783e33ff61b7d724ed2ddf7f3adc740c75b5b4b1b296e39dc22b38c04,caries_0_6894,caries_0_6894,C:\Users\16024\Desktop\齿镜\calculus-unetpp\data\processed\images\val\55b4052783e33ff6.jpg,C:\Users\16024\Desktop\齿镜\calculus-unetpp\data\processed\masks\val\55b4052783e33ff6.png
455a0c4c0cc8bb00,val,1,455a0c4c0cc8bb00b119f6be220421fd9c7d4a402172b7fa26584b47ea6f6d3b,caries_0_7837,caries_0_7837,C:\Users\16024\Desktop\齿镜\calculus-unetpp\data\processed\images\val\455a0c4c0cc8bb00.jpg,C:\Users\16024\Desktop\齿镜\calculus-unetpp\data\processed\masks\val\455a0c4c0cc8bb00.png
0df076593d030b71,val,1,0df076593d030b712b3b8f82ac53e1a6c9d489eff8fa8e5d5f70ade0e01faaad,caries_0_4688,caries_0_4688,C:\Users\16024\Desktop\齿镜\calculus-unetpp\data\processed\images\val\0df076593d030b71.jpg,C:\Users\16024\Desktop\齿镜\calculus-unetpp\data\processed\masks\val\0df076593d030b71.png
16b7131988c8d3cc,val,1,16b7131988c8d3ccf59e1da5dae6a84a54aa064a763459e6aafbbef23b8685f7,caries_0_7812,caries_0_7812,C:\Users\16024\Desktop\齿镜\calculus-unetpp\data\processed\images\val\16b7131988c8d3cc.jpg,C:\Users\16024\Desktop\齿镜\calculus-unetpp\data\processed\masks\val\16b7131988c8d3cc.png
3b836a3720257f54,val,1,3b836a3720257f5421717074cc54b1fc17c914b5e5ff5b00264c721ba1761a5e,caries_0_7737,caries_0_7737,C:\Users\16024\Desktop\齿镜\calculus-unetpp\data\processed\images\val\3b836a3720257f54.jpg,C:\Users\16024\Desktop\齿镜\calculus-unetpp\data\processed\masks\val\3b836a3720257f54.png
be9adb42fa06b9b5,val,1,be9adb42fa06b9b599a114fb90b7be92d68800e7b7e50b8dc821e1d5cf129bf0,caries_0_8936,caries_0_8936,C:\Users\16024\Desktop\齿镜\calculus-unetpp\data\processed\images\val\be9adb42fa06b9b5.jpg,C:\Users\16024\Desktop\齿镜\calculus-unetpp\data\processed\masks\val\be9adb42fa06b9b5.png
6d3922c091d1ebb0,val,1,6d3922c091d1ebb09fc6be98cc5b8dc4dc435aeb89ca35db94cffe2bdaa778b6,caries_0_2110,caries_0_2110,C:\Users\16024\Desktop\齿镜\calculus-unetpp\data\processed\images\val\6d3922c091d1ebb0.jpg,C:\Users\16024\Desktop\齿镜\calculus-unetpp\data\processed\masks\val\6d3922c091d1ebb0.png
3133c2750606be2c,val,0,3133c2750606be2cff88b62050eabf3963b72e8c434074345a16ef15182bb9e0,caries_0_954,caries_0_954,C:\Users\16024\Desktop\齿镜\calculus-unetpp\data\processed\images\val\3133c2750606be2c.jpg,C:\Users\16024\Desktop\齿镜\calculus-unetpp\data\processed\masks\val\3133c2750606be2c.png
d38592e771e6d1d1,val,0,d38592e771e6d1d1b78c74c943c6769944431b76f31317b6da90ab114dac612e,gingivitis_(1992),gingivitis_(1992),C:\Users\16024\Desktop\齿镜\calculus-unetpp\data\processed\images\val\d38592e771e6d1d1.jpg,C:\Users\16024\Desktop\齿镜\calculus-unetpp\data\processed\masks\val\d38592e771e6d1d1.png
cd30d73974b8c7d0,val,0,cd30d73974b8c7d0441404f481b36a32dc129f4440791846b3019c4a231d49f7,(2161),(2161),C:\Users\16024\Desktop\齿镜\calculus-unetpp\data\processed\images\val\cd30d73974b8c7d0.jpg,C:\Users\16024\Desktop\齿镜\calculus-unetpp\data\processed\masks\val\cd30d73974b8c7d0.png
601209aec6f5ed48,val,0,601209aec6f5ed48c2c694904c95c179fcac5ca9c29edddd9aef59ae0b739622,caries_0_9052,caries_0_9052,C:\Users\16024\Desktop\齿镜\calculus-unetpp\data\processed\images\val\601209aec6f5ed48.jpg,C:\Users\16024\Desktop\齿镜\calculus-unetpp\data\processed\masks\val\601209aec6f5ed48.png
3169356a6adf78a2,val,0,3169356a6adf78a2f8b8d3a26dd95a854e1fbe436c594f7cbb9d7c7b0a6d07f4,gingivitis_(1595),gingivitis_(1595),C:\Users\16024\Desktop\齿镜\calculus-unetpp\data\processed\images\val\3169356a6adf78a2.jpg,C:\Users\16024\Desktop\齿镜\calculus-unetpp\data\processed\masks\val\3169356a6adf78a2.png
7f857dfd9e0ee43d,val,0,7f857dfd9e0ee43d93e8e2d8505a1c1fcde04661d71c4428cc9a1d9444049887,caries_0_5630,caries_0_5630,C:\Users\16024\Desktop\齿镜\calculus-unetpp\data\processed\images\val\7f857dfd9e0ee43d.jpg,C:\Users\16024\Desktop\齿镜\calculus-unetpp\data\processed\masks\val\7f857dfd9e0ee43d.png
f5ea477c74f6f846,val,0,f5ea477c74f6f8468de7bb8b78ab7475e27e71a8ce26e8abcf913e5037f05abc,caries_0_457,caries_0_457,C:\Users\16024\Desktop\齿镜\calculus-unetpp\data\processed\images\val\f5ea477c74f6f846.jpg,C:\Users\16024\Desktop\齿镜\calculus-unetpp\data\processed\masks\val\f5ea477c74f6f846.png
b55ed2f249fa74ed,val,0,b55ed2f249fa74edcd6ea250283ea3587c7797e22e063b13750e64117273050d,caries_0_5272,caries_0_5272,C:\Users\16024\Desktop\齿镜\calculus-unetpp\data\processed\images\val\b55ed2f249fa74ed.jpg,C:\Users\16024\Desktop\齿镜\calculus-unetpp\data\processed\masks\val\b55ed2f249fa74ed.png
879a9c7c692c4cf4,val,0,879a9c7c692c4cf47e064e417e37d021b9ff2d75cece328120b493ce4f7faf76,gingivitis_(765),gingivitis_(765),C:\Users\16024\Desktop\齿镜\calculus-unetpp\data\processed\images\val\879a9c7c692c4cf4.jpg,C:\Users\16024\Desktop\齿镜\calculus-unetpp\data\processed\masks\val\879a9c7c692c4cf4.png
3b201830ca4416cd,val,0,3b201830ca4416cd2648239400947ad237adbde9098a36098e1bd0d03d5c5119,caries_0_3995,caries_0_3995,C:\Users\16024\Desktop\齿镜\calculus-unetpp\data\processed\images\val\3b201830ca4416cd.jpg,C:\Users\16024\Desktop\齿镜\calculus-unetpp\data\processed\masks\val\3b201830ca4416cd.png
f86aa926fc840922,val,0,f86aa926fc8409227321d1d94c214fafdaa694ed2e68c780b035feb4aa5d6a0e,gingivitis_(1301);gingivitis_(1394);gingivitis_(1544),gingivitis_(1301),C:\Users\16024\Desktop\齿镜\calculus-unetpp\data\processed\images\val\f86aa926fc840922.jpg,C:\Users\16024\Desktop\齿镜\calculus-unetpp\data\processed\masks\val\f86aa926fc840922.png
f00cbdb39a121401,val,0,f00cbdb39a121401caec37453d6ec1021ca3270aa3c2f00da1fbb1533b5f99c7,gingivitis_(261),gingivitis_(261),C:\Users\16024\Desktop\齿镜\calculus-unetpp\data\processed\images\val\f00cbdb39a121401.jpg,C:\Users\16024\Desktop\齿镜\calculus-unetpp\data\processed\masks\val\f00cbdb39a121401.png
05d01188f09c2dea,val,0,05d01188f09c2dea9b52f7820fc49c875c2544aba1a68ab6c272db2cd1a11691,caries_0_753,caries_0_753,C:\Users\16024\Desktop\齿镜\calculus-unetpp\data\processed\images\val\05d01188f09c2dea.jpg,C:\Users\16024\Desktop\齿镜\calculus-unetpp\data\processed\masks\val\05d01188f09c2dea.png
ed2ab51cb7507f8c,val,0,ed2ab51cb7507f8c575fbee377d5c0a0b71adb2c516524c5bd08c844fc7cd78b,gingivitis_(1240),gingivitis_(1240),C:\Users\16024\Desktop\齿镜\calculus-unetpp\data\processed\images\val\ed2ab51cb7507f8c.jpg,C:\Users\16024\Desktop\齿镜\calculus-unetpp\data\processed\masks\val\ed2ab51cb7507f8c.png
b303d5d578cf40a6,val,0,b303d5d578cf40a6716a86a4eeeca270e6e74f11ddd7c154cbd6782d33be7b28,gingivitis_(440),gingivitis_(440),C:\Users\16024\Desktop\齿镜\calculus-unetpp\data\processed\images\val\b303d5d578cf40a6.jpg,C:\Users\16024\Desktop\齿镜\calculus-unetpp\data\processed\masks\val\b303d5d578cf40a6.png
1a519663245632e2,val,0,1a519663245632e22b36d0048a3b4c5147d4cd02d5710741df91946fb47d50a3,caries_0_9602,caries_0_9602,C:\Users\16024\Desktop\齿镜\calculus-unetpp\data\processed\images\val\1a519663245632e2.jpg,C:\Users\16024\Desktop\齿镜\calculus-unetpp\data\processed\masks\val\1a519663245632e2.png
34b2b4121a4639ed,val,0,34b2b4121a4639ed276d53b0229a9cc3f45ce768b0ddb3817abef84acd17a90c,caries_0_8180,caries_0_8180,C:\Users\16024\Desktop\齿镜\calculus-unetpp\data\processed\images\val\34b2b4121a4639ed.jpg,C:\Users\16024\Desktop\齿镜\calculus-unetpp\data\processed\masks\val\34b2b4121a4639ed.png
b581567899910ad6,val,0,b581567899910ad699f14939822dd0020e90e02111693b8f02b16937642a4d39,gingivitis_(2239),gingivitis_(2239),C:\Users\16024\Desktop\齿镜\calculus-unetpp\data\processed\images\val\b581567899910ad6.jpg,C:\Users\16024\Desktop\齿镜\calculus-unetpp\data\processed\masks\val\b581567899910ad6.png
0c8734e2587c7d90,val,0,0c8734e2587c7d90f437df8575f2a137d0704f9e2c31ed72ae1e741877d8fe40,caries_0_1433,caries_0_1433,C:\Users\16024\Desktop\齿镜\calculus-unetpp\data\processed\images\val\0c8734e2587c7d90.jpg,C:\Users\16024\Desktop\齿镜\calculus-unetpp\data\processed\masks\val\0c8734e2587c7d90.png
07c6bba653dd66dc,val,0,07c6bba653dd66dc6d1fb9ccc5138d4b5a51c0dec945c7cc5cb8bb4088f788ef,gingivitis_(1472),gingivitis_(1472),C:\Users\16024\Desktop\齿镜\calculus-unetpp\data\processed\images\val\07c6bba653dd66dc.jpg,C:\Users\16024\Desktop\齿镜\calculus-unetpp\data\processed\masks\val\07c6bba653dd66dc.png
be13db8bd318db76,val,0,be13db8bd318db762d866c8814ead741ed8a9b32e8fd41e4ba53fd4d3f1ebcdf,caries_0_940,caries_0_940,C:\Users\16024\Desktop\齿镜\calculus-unetpp\data\processed\images\val\be13db8bd318db76.jpg,C:\Users\16024\Desktop\齿镜\calculus-unetpp\data\processed\masks\val\be13db8bd318db76.png
2360ef2b25c74158,val,0,2360ef2b25c741589dff1a2b6c9c785e8a81b4adf5d1c8fb9acccd1c16fd1b08,gingivitis_(775),gingivitis_(775),C:\Users\16024\Desktop\齿镜\calculus-unetpp\data\processed\images\val\2360ef2b25c74158.jpg,C:\Users\16024\Desktop\齿镜\calculus-unetpp\data\processed\masks\val\2360ef2b25c74158.png
f174458f271d2c86,val,0,f174458f271d2c86f896f1ab98b5f268ee27d798cc5dc5c541bc96d3741d290e,caries_0_5770,caries_0_5770,C:\Users\16024\Desktop\齿镜\calculus-unetpp\data\processed\images\val\f174458f271d2c86.jpg,C:\Users\16024\Desktop\齿镜\calculus-unetpp\data\processed\masks\val\f174458f271d2c86.png
7d3c975021104fce,val,0,7d3c975021104fcef32cc914754b6f1543082b154329034d979af6abded0a2d9,caries_0_3666,caries_0_3666,C:\Users\16024\Desktop\齿镜\calculus-unetpp\data\processed\images\val\7d3c975021104fce.jpg,C:\Users\16024\Desktop\齿镜\calculus-unetpp\data\processed\masks\val\7d3c975021104fce.png
3f6ebd3c68f185bd,val,0,3f6ebd3c68f185bda1b97adf1bc77509bf7ea8978d0dd428a61089aff36d3f7f,caries_0_3084,caries_0_3084,C:\Users\16024\Desktop\齿镜\calculus-unetpp\data\processed\images\val\3f6ebd3c68f185bd.jpg,C:\Users\16024\Desktop\齿镜\calculus-unetpp\data\processed\masks\val\3f6ebd3c68f185bd.png
2031a1692fb8b490,val,0,2031a1692fb8b4903dce173dd9735d78ae267a40ea8314e3886759ed3f51eca4,caries_0_9829,caries_0_9829,C:\Users\16024\Desktop\齿镜\calculus-unetpp\data\processed\images\val\2031a1692fb8b490.jpg,C:\Users\16024\Desktop\齿镜\calculus-unetpp\data\processed\masks\val\2031a1692fb8b490.png
2be19c3bad65e0ec,val,0,2be19c3bad65e0ec5421f528d888880b04060ccc94e4ad485993e903e36f82f0,29;30,29,C:\Users\16024\Desktop\齿镜\calculus-unetpp\data\processed\images\val\2be19c3bad65e0ec.jpg,C:\Users\16024\Desktop\齿镜\calculus-unetpp\data\processed\masks\val\2be19c3bad65e0ec.png
47b0b2667d679e43,val,0,47b0b2667d679e4397c9b5388aece8e73168fcf4468beffd3029fcad77fabc5c,caries_0_4000,caries_0_4000,C:\Users\16024\Desktop\齿镜\calculus-unetpp\data\processed\images\val\47b0b2667d679e43.jpg,C:\Users\16024\Desktop\齿镜\calculus-unetpp\data\processed\masks\val\47b0b2667d679e43.png
668e9c75cfda446f,val,0,668e9c75cfda446f192ca55e1db05a54bf2638d92b0c3df0ac26f966d5ec73b3,caries_0_8338,caries_0_8338,C:\Users\16024\Desktop\齿镜\calculus-unetpp\data\processed\images\val\668e9c75cfda446f.jpg,C:\Users\16024\Desktop\齿镜\calculus-unetpp\data\processed\masks\val\668e9c75cfda446f.png
7357a9d0bf056fd3,val,0,7357a9d0bf056fd35c35e547bfc2da4895f5f19b89e35ae375641389773ec620,gingivitis_(2211),gingivitis_(2211),C:\Users\16024\Desktop\齿镜\calculus-unetpp\data\processed\images\val\7357a9d0bf056fd3.jpg,C:\Users\16024\Desktop\齿镜\calculus-unetpp\data\processed\masks\val\7357a9d0bf056fd3.png
c1ccf34042344eea,val,0,c1ccf34042344eea6daa6c2d86247dab21d611ab316d47f2a92b6543bfaa2978,caries_0_154,caries_0_154,C:\Users\16024\Desktop\齿镜\calculus-unetpp\data\processed\images\val\c1ccf34042344eea.jpg,C:\Users\16024\Desktop\齿镜\calculus-unetpp\data\processed\masks\val\c1ccf34042344eea.png
f2fdbb46d9d44556,val,0,f2fdbb46d9d44556bdf0b27a2aa4f2fef59bfa11e86f0bb3b60c0e32cbb3987e,caries_0_3613,caries_0_3613,C:\Users\16024\Desktop\齿镜\calculus-unetpp\data\processed\images\val\f2fdbb46d9d44556.jpg,C:\Users\16024\Desktop\齿镜\calculus-unetpp\data\processed\masks\val\f2fdbb46d9d44556.png
3cac5cb3ac6de1c8,val,0,3cac5cb3ac6de1c89ee886f95f5db04fe52758d0caa14bcc1f35db58029bcc0a,caries_0_9932,caries_0_9932,C:\Users\16024\Desktop\齿镜\calculus-unetpp\data\processed\images\val\3cac5cb3ac6de1c8.jpg,C:\Users\16024\Desktop\齿镜\calculus-unetpp\data\processed\masks\val\3cac5cb3ac6de1c8.png
ae1d16ab4343ca25,val,0,ae1d16ab4343ca257a5b8dffa5bf8fe28b135cadb631e017ee8e814541fda5b4,gingivitis_(291),gingivitis_(291),C:\Users\16024\Desktop\齿镜\calculus-unetpp\data\processed\images\val\ae1d16ab4343ca25.jpg,C:\Users\16024\Desktop\齿镜\calculus-unetpp\data\processed\masks\val\ae1d16ab4343ca25.png
f456493382faa853,val,0,f456493382faa8534a86588e3ee2907b5572b68e2fd398fc68fbe5baca96ad71,caries_0_2892,caries_0_2892,C:\Users\16024\Desktop\齿镜\calculus-unetpp\data\processed\images\val\f456493382faa853.jpg,C:\Users\16024\Desktop\齿镜\calculus-unetpp\data\processed\masks\val\f456493382faa853.png
13806170c05369b8,val,0,13806170c05369b8db1dbc27b5177244d0afcfc54aa62c38c222f141b418168b,caries_0_8189,caries_0_8189,C:\Users\16024\Desktop\齿镜\calculus-unetpp\data\processed\images\val\13806170c05369b8.jpg,C:\Users\16024\Desktop\齿镜\calculus-unetpp\data\processed\masks\val\13806170c05369b8.png
f6bfea1f7f3a7aa7,val,0,f6bfea1f7f3a7aa795f2f03ec96a1995b3bad83ebd4e849727f017ee8e792bf6,caries_0_379,caries_0_379,C:\Users\16024\Desktop\齿镜\calculus-unetpp\data\processed\images\val\f6bfea1f7f3a7aa7.jpg,C:\Users\16024\Desktop\齿镜\calculus-unetpp\data\processed\masks\val\f6bfea1f7f3a7aa7.png
d11dcb817d6f2ebc,val,0,d11dcb817d6f2ebcb6be030d8cd891c9cdf5fa87bee50d9d5e1cdbc1f46c8905,caries_0_104,caries_0_104,C:\Users\16024\Desktop\齿镜\calculus-unetpp\data\processed\images\val\d11dcb817d6f2ebc.jpg,C:\Users\16024\Desktop\齿镜\calculus-unetpp\data\processed\masks\val\d11dcb817d6f2ebc.png
e6ec81ee3c23b186,val,0,e6ec81ee3c23b186bd7b80fd44564154da9c24cd93edcce662977efc26b1378a,caries_0_8691,caries_0_8691,C:\Users\16024\Desktop\齿镜\calculus-unetpp\data\processed\images\val\e6ec81ee3c23b186.jpg,C:\Users\16024\Desktop\齿镜\calculus-unetpp\data\processed\masks\val\e6ec81ee3c23b186.png
08638c531cfedb48,val,0,08638c531cfedb4844a95bdd08b61f96f5fa0033119e99f1a9d1f9b9bcfd55a3,caries_0_1102,caries_0_1102,C:\Users\16024\Desktop\齿镜\calculus-unetpp\data\processed\images\val\08638c531cfedb48.jpg,C:\Users\16024\Desktop\齿镜\calculus-unetpp\data\processed\masks\val\08638c531cfedb48.png
d2d57f66487ce3f3,val,0,d2d57f66487ce3f3b64af39f473a822ca52c5de179a8fbe6962b2adcaed6a803,caries_0_9717,caries_0_9717,C:\Users\16024\Desktop\齿镜\calculus-unetpp\data\processed\images\val\d2d57f66487ce3f3.jpg,C:\Users\16024\Desktop\齿镜\calculus-unetpp\data\processed\masks\val\d2d57f66487ce3f3.png
40afff5aa4c01eaf,val,0,40afff5aa4c01eaf53b0824f7fd260c3462ff8feacf1f45361de8f21f7334c14,caries_0_3682,caries_0_3682,C:\Users\16024\Desktop\齿镜\calculus-unetpp\data\processed\images\val\40afff5aa4c01eaf.jpg,C:\Users\16024\Desktop\齿镜\calculus-unetpp\data\processed\masks\val\40afff5aa4c01eaf.png
9866657522a7381c,val,0,9866657522a7381cfcc61ea3d88120319ab85ffe6dd688c421b4a1c87db91890,caries_0_2524,caries_0_2524,C:\Users\16024\Desktop\齿镜\calculus-unetpp\data\processed\images\val\9866657522a7381c.jpg,C:\Users\16024\Desktop\齿镜\calculus-unetpp\data\processed\masks\val\9866657522a7381c.png
d7bda8fe224e6185,val,0,d7bda8fe224e6185cd7c385e455b78531879cf4603891886829b29c2830b534c,caries_0_960,caries_0_960,C:\Users\16024\Desktop\齿镜\calculus-unetpp\data\processed\images\val\d7bda8fe224e6185.jpg,C:\Users\16024\Desktop\齿镜\calculus-unetpp\data\processed\masks\val\d7bda8fe224e6185.png
bbc1a24aaa550b86,val,0,bbc1a24aaa550b8690afd0591a993752ebabc797a0161536ad4da26d29a25281,caries_0_2565,caries_0_2565,C:\Users\16024\Desktop\齿镜\calculus-unetpp\data\processed\images\val\bbc1a24aaa550b86.jpg,C:\Users\16024\Desktop\齿镜\calculus-unetpp\data\processed\masks\val\bbc1a24aaa550b86.png
949462c7ba2a35be,val,0,949462c7ba2a35bef963fec0e4217399c72a95c9ecab2d08990a8b02bbf03490,caries_0_929,caries_0_929,C:\Users\16024\Desktop\齿镜\calculus-unetpp\data\processed\images\val\949462c7ba2a35be.jpg,C:\Users\16024\Desktop\齿镜\calculus-unetpp\data\processed\masks\val\949462c7ba2a35be.png
3000c9abded8e523,val,0,3000c9abded8e52326bae9d08c949178be30576fd1741f0b0a6ea2c74ac065a9,150;150(1);96,150,C:\Users\16024\Desktop\齿镜\calculus-unetpp\data\processed\images\val\3000c9abded8e523.jpg,C:\Users\16024\Desktop\齿镜\calculus-unetpp\data\processed\masks\val\3000c9abded8e523.png
16067c4e602e7be2,val,0,16067c4e602e7be2f83ad996d7951a130c37b6e36b89ac1de8c23057f0f88267,caries_0_827,caries_0_827,C:\Users\16024\Desktop\齿镜\calculus-unetpp\data\processed\images\val\16067c4e602e7be2.jpg,C:\Users\16024\Desktop\齿镜\calculus-unetpp\data\processed\masks\val\16067c4e602e7be2.png
8b93d7bbdd7cf2d0,val,0,8b93d7bbdd7cf2d092a1fb1abd8c90f71d6143650b8b40480cf16598103cd8e5,gingivitis_(733),gingivitis_(733),C:\Users\16024\Desktop\齿镜\calculus-unetpp\data\processed\images\val\8b93d7bbdd7cf2d0.jpg,C:\Users\16024\Desktop\齿镜\calculus-unetpp\data\processed\masks\val\8b93d7bbdd7cf2d0.png
860bf728232561de,val,0,860bf728232561deb120aa9080d15542c88495ca73d7513bba669ef552cb38f7,caries_0_4238,caries_0_4238,C:\Users\16024\Desktop\齿镜\calculus-unetpp\data\processed\images\val\860bf728232561de.jpg,C:\Users\16024\Desktop\齿镜\calculus-unetpp\data\processed\masks\val\860bf728232561de.png
f3b44f529035cdf2,val,0,f3b44f529035cdf28d12d1b973288b9f8f63a0b164dc86255f753db101e62482,gingivitis_(1987),gingivitis_(1987),C:\Users\16024\Desktop\齿镜\calculus-unetpp\data\processed\images\val\f3b44f529035cdf2.jpg,C:\Users\16024\Desktop\齿镜\calculus-unetpp\data\processed\masks\val\f3b44f529035cdf2.png
d1677047f24a18be,val,0,d1677047f24a18be62c94cfd4ae8c4d788fc9ee2315842cf183d0fb2af4f4102,137,137,C:\Users\16024\Desktop\齿镜\calculus-unetpp\data\processed\images\val\d1677047f24a18be.jpg,C:\Users\16024\Desktop\齿镜\calculus-unetpp\data\processed\masks\val\d1677047f24a18be.png
79eab935ac254372,val,0,79eab935ac254372dbf2bf85e219b29b58c168d4a503dad25d978aa96eb96f4b,caries_0_23,caries_0_23,C:\Users\16024\Desktop\齿镜\calculus-unetpp\data\processed\images\val\79eab935ac254372.jpg,C:\Users\16024\Desktop\齿镜\calculus-unetpp\data\processed\masks\val\79eab935ac254372.png
5a6c84a3eed03144,val,0,5a6c84a3eed0314418a81ea16ac81ac8756105225c1f80f9d5ba6449355f8070,caries_0_5684,caries_0_5684,C:\Users\16024\Desktop\齿镜\calculus-unetpp\data\processed\images\val\5a6c84a3eed03144.jpg,C:\Users\16024\Desktop\齿镜\calculus-unetpp\data\processed\masks\val\5a6c84a3eed03144.png
3df959aa8753099b,val,0,3df959aa8753099bab1d1229a65219ed93ed86dde8d17eecfa5104519dede9e5,gingivitis_(606);gingivitis_(701);gingivitis_(762),gingivitis_(606),C:\Users\16024\Desktop\齿镜\calculus-unetpp\data\processed\images\val\3df959aa8753099b.jpg,C:\Users\16024\Desktop\齿镜\calculus-unetpp\data\processed\masks\val\3df959aa8753099b.png
5402057b25715334,val,0,5402057b25715334b858456276181e900ce75125ce90f5fba7cc293d610a6eca,gingivitis_(6),gingivitis_(6),C:\Users\16024\Desktop\齿镜\calculus-unetpp\data\processed\images\val\5402057b25715334.jpg,C:\Users\16024\Desktop\齿镜\calculus-unetpp\data\processed\masks\val\5402057b25715334.png
4e5f52d4c1483a10,val,0,4e5f52d4c1483a10296a8af723ae296a53cab3d5cbaef153a23355744dd327a4,4,4,C:\Users\16024\Desktop\齿镜\calculus-unetpp\data\processed\images\val\4e5f52d4c1483a10.jpg,C:\Users\16024\Desktop\齿镜\calculus-unetpp\data\processed\masks\val\4e5f52d4c1483a10.png
327f684ecbcfad84,val,0,327f684ecbcfad84ec38496a0c163fefb7090e4d203450a4a9e64b3ad58b131b,caries_0_5598,caries_0_5598,C:\Users\16024\Desktop\齿镜\calculus-unetpp\data\processed\images\val\327f684ecbcfad84.jpg,C:\Users\16024\Desktop\齿镜\calculus-unetpp\data\processed\masks\val\327f684ecbcfad84.png
6c7e26567a57bcb0,val,0,6c7e26567a57bcb07d1670494341d31af665721252f2b99a221fbf4113f78b65,gingivitis_(967),gingivitis_(967),C:\Users\16024\Desktop\齿镜\calculus-unetpp\data\processed\images\val\6c7e26567a57bcb0.jpg,C:\Users\16024\Desktop\齿镜\calculus-unetpp\data\processed\masks\val\6c7e26567a57bcb0.png
a1f723120d5bc953,val,0,a1f723120d5bc953236b8365982a1f2aef4073a1c5f5b6249991bb21d4823911,caries_0_2169,caries_0_2169,C:\Users\16024\Desktop\齿镜\calculus-unetpp\data\processed\images\val\a1f723120d5bc953.jpg,C:\Users\16024\Desktop\齿镜\calculus-unetpp\data\processed\masks\val\a1f723120d5bc953.png
ddfa703a01d9f14c,val,0,ddfa703a01d9f14c72a7a1ef3a86bbc502d5149aa3c12793acbf6258e355ede0,gingivitis_(1079),gingivitis_(1079),C:\Users\16024\Desktop\齿镜\calculus-unetpp\data\processed\images\val\ddfa703a01d9f14c.jpg,C:\Users\16024\Desktop\齿镜\calculus-unetpp\data\processed\masks\val\ddfa703a01d9f14c.png
f2d96c90f3362f5a,val,0,f2d96c90f3362f5ae5b6b3d79ec0d7e44846fbb1e36d115119e0464b14bf3e78,caries_0_2799,caries_0_2799,C:\Users\16024\Desktop\齿镜\calculus-unetpp\data\processed\images\val\f2d96c90f3362f5a.jpg,C:\Users\16024\Desktop\齿镜\calculus-unetpp\data\processed\masks\val\f2d96c90f3362f5a.png
f77d30987f4350bd,val,0,f77d30987f4350bdb6eb2949741f0dcde8fce7d57d6447b73f3176f44abca353,(8),(8),C:\Users\16024\Desktop\齿镜\calculus-unetpp\data\processed\images\val\f77d30987f4350bd.jpg,C:\Users\16024\Desktop\齿镜\calculus-unetpp\data\processed\masks\val\f77d30987f4350bd.png
bc69121e53e235ca,val,0,bc69121e53e235ca99bae11e8907560e8ab77cefe201261cb7768329af3bea60,gingivitis_(147);gingivitis_(170),gingivitis_(147),C:\Users\16024\Desktop\齿镜\calculus-unetpp\data\processed\images\val\bc69121e53e235ca.jpg,C:\Users\16024\Desktop\齿镜\calculus-unetpp\data\processed\masks\val\bc69121e53e235ca.png
35381429b48352e6,val,0,35381429b48352e6f597c7bb92c6d5b029ce10397c951f7e863e3e4db02c5b2b,gingivitis_(1600);gingivitis_(1750);gingivitis_(1781),gingivitis_(1600),C:\Users\16024\Desktop\齿镜\calculus-unetpp\data\processed\images\val\35381429b48352e6.jpg,C:\Users\16024\Desktop\齿镜\calculus-unetpp\data\processed\masks\val\35381429b48352e6.png
42204e1d4ceb6cf8,val,0,42204e1d4ceb6cf8f9e080b0929c4dddc75fc1b3e543e96b81cb367e75acb22f,caries_0_4531,caries_0_4531,C:\Users\16024\Desktop\齿镜\calculus-unetpp\data\processed\images\val\42204e1d4ceb6cf8.jpg,C:\Users\16024\Desktop\齿镜\calculus-unetpp\data\processed\masks\val\42204e1d4ceb6cf8.png
40e11a693b5bb489,val,0,40e11a693b5bb48984c14fb251c7e7318188178c60442124f5c88b851ca36253,caries_0_2940,caries_0_2940,C:\Users\16024\Desktop\齿镜\calculus-unetpp\data\processed\images\val\40e11a693b5bb489.jpg,C:\Users\16024\Desktop\齿镜\calculus-unetpp\data\processed\masks\val\40e11a693b5bb489.png
4400dc665417421f,val,0,4400dc665417421f0d7cee0a40071ff9d6a029a5c9205f636cb29b59b970b562,caries_0_427,caries_0_427,C:\Users\16024\Desktop\齿镜\calculus-unetpp\data\processed\images\val\4400dc665417421f.jpg,C:\Users\16024\Desktop\齿镜\calculus-unetpp\data\processed\masks\val\4400dc665417421f.png
bceae483c669d570,val,0,bceae483c669d570d0e92a21d5f3da79ded7501b2d93298b9253113c2a84f9a6,caries_0_2137,caries_0_2137,C:\Users\16024\Desktop\齿镜\calculus-unetpp\data\processed\images\val\bceae483c669d570.jpg,C:\Users\16024\Desktop\齿镜\calculus-unetpp\data\processed\masks\val\bceae483c669d570.png
6e0e151cb55f92e8,val,0,6e0e151cb55f92e8b95853171d02532c3d52d0da1b9474d156d05ec296b6bdd3,caries_0_4158,caries_0_4158,C:\Users\16024\Desktop\齿镜\calculus-unetpp\data\processed\images\val\6e0e151cb55f92e8.jpg,C:\Users\16024\Desktop\齿镜\calculus-unetpp\data\processed\masks\val\6e0e151cb55f92e8.png
2d9f9ba81efc98b4,val,0,2d9f9ba81efc98b42e9894db8b6cf39e85a9ed68405de529b691d11a60a049ad,caries_0_1768,caries_0_1768,C:\Users\16024\Desktop\齿镜\calculus-unetpp\data\processed\images\val\2d9f9ba81efc98b4.jpg,C:\Users\16024\Desktop\齿镜\calculus-unetpp\data\processed\masks\val\2d9f9ba81efc98b4.png
28132e03b5c0cc8b,val,0,28132e03b5c0cc8b6ca70f5ec9de049f712de4e93a427f9d96726764cc487b5b,caries_0_5735,caries_0_5735,C:\Users\16024\Desktop\齿镜\calculus-unetpp\data\processed\images\val\28132e03b5c0cc8b.jpg,C:\Users\16024\Desktop\齿镜\calculus-unetpp\data\processed\masks\val\28132e03b5c0cc8b.png
038491064e2772be,val,0,038491064e2772be86e797b2e8c18b996335f725f1165e0718cbebfd379b6261,caries_0_9757,caries_0_9757,C:\Users\16024\Desktop\齿镜\calculus-unetpp\data\processed\images\val\038491064e2772be.jpg,C:\Users\16024\Desktop\齿镜\calculus-unetpp\data\processed\masks\val\038491064e2772be.png
f03e6e76ad7e4ec6,val,0,f03e6e76ad7e4ec62f09d0efd8fcd322d6fbf9a0ce4cec2db2ba93902c64232d,gingivitis_(1185),gingivitis_(1185),C:\Users\16024\Desktop\齿镜\calculus-unetpp\data\processed\images\val\f03e6e76ad7e4ec6.jpg,C:\Users\16024\Desktop\齿镜\calculus-unetpp\data\processed\masks\val\f03e6e76ad7e4ec6.png
e278f2c4de11064e,val,0,e278f2c4de11064e9a8b5bff7946bd2a1dfb5dff289380c0a8d2c58abae83c23,gingivitis_(557),gingivitis_(557),C:\Users\16024\Desktop\齿镜\calculus-unetpp\data\processed\images\val\e278f2c4de11064e.jpg,C:\Users\16024\Desktop\齿镜\calculus-unetpp\data\processed\masks\val\e278f2c4de11064e.png
6362bd3c2d255c3f,val,0,6362bd3c2d255c3faf6f285acdb896bff2d2b84c69eb1d798748ac090186fab1,gingivitis_(1147),gingivitis_(1147),C:\Users\16024\Desktop\齿镜\calculus-unetpp\data\processed\images\val\6362bd3c2d255c3f.jpg,C:\Users\16024\Desktop\齿镜\calculus-unetpp\data\processed\masks\val\6362bd3c2d255c3f.png
a68c45aaf723297b,val,0,a68c45aaf723297b41ca7839f55e8ff10459859460fabb02fdc05541a93ebeff,caries_0_3493,caries_0_3493,C:\Users\16024\Desktop\齿镜\calculus-unetpp\data\processed\images\val\a68c45aaf723297b.jpg,C:\Users\16024\Desktop\齿镜\calculus-unetpp\data\processed\masks\val\a68c45aaf723297b.png
d514fe9f677ed870,val,0,d514fe9f677ed8704ab4178bd12b68d8327a04b1f14a34674cfccfbb20b4a8b8,caries_0_4083,caries_0_4083,C:\Users\16024\Desktop\齿镜\calculus-unetpp\data\processed\images\val\d514fe9f677ed870.jpg,C:\Users\16024\Desktop\齿镜\calculus-unetpp\data\processed\masks\val\d514fe9f677ed870.png
7b6afe72389ec641,val,0,7b6afe72389ec64134da7a765845584cd3122c5af4c35d0089c7405b05592a59,gingivitis_(30),gingivitis_(30),C:\Users\16024\Desktop\齿镜\calculus-unetpp\data\processed\images\val\7b6afe72389ec641.jpg,C:\Users\16024\Desktop\齿镜\calculus-unetpp\data\processed\masks\val\7b6afe72389ec641.png
09221b8af64fd3bd,val,0,09221b8af64fd3bdee786366241e3432bb3d2bec3434b30af326e168cf65ab70,caries_0_5510,caries_0_5510,C:\Users\16024\Desktop\齿镜\calculus-unetpp\data\processed\images\val\09221b8af64fd3bd.jpg,C:\Users\16024\Desktop\齿镜\calculus-unetpp\data\processed\masks\val\09221b8af64fd3bd.png
d93ab1f5895b011d,val,0,d93ab1f5895b011d1cd68fe1f0e52f1ea046a718b9b9cad56f37158131681e2a,caries_0_2740,caries_0_2740,C:\Users\16024\Desktop\齿镜\calculus-unetpp\data\processed\images\val\d93ab1f5895b011d.jpg,C:\Users\16024\Desktop\齿镜\calculus-unetpp\data\processed\masks\val\d93ab1f5895b011d.png
d10835c23f94ba1b,val,0,d10835c23f94ba1b04f4ddb534b4f835b07ec03ae246e4afb6cc8dec97046518,gingivitis_(430),gingivitis_(430),C:\Users\16024\Desktop\齿镜\calculus-unetpp\data\processed\images\val\d10835c23f94ba1b.jpg,C:\Users\16024\Desktop\齿镜\calculus-unetpp\data\processed\masks\val\d10835c23f94ba1b.png
ce26a078a19d12f1,val,0,ce26a078a19d12f1db06aac4dcea6d5a5845f9024d3b9b6882817d5ac4ba6e54,gingivitis_(1229),gingivitis_(1229),C:\Users\16024\Desktop\齿镜\calculus-unetpp\data\processed\images\val\ce26a078a19d12f1.jpg,C:\Users\16024\Desktop\齿镜\calculus-unetpp\data\processed\masks\val\ce26a078a19d12f1.png
bff137d66af9c0bf,val,0,bff137d66af9c0bf969e3280c7d38224d3259955b514b7d3d55bf8c76c0f807e,caries_0_268,caries_0_268,C:\Users\16024\Desktop\齿镜\calculus-unetpp\data\processed\images\val\bff137d66af9c0bf.jpg,C:\Users\16024\Desktop\齿镜\calculus-unetpp\data\processed\masks\val\bff137d66af9c0bf.png
b2b9b6cf4f42dec5,val,0,b2b9b6cf4f42dec5830aa8d163bf5defe4c4c166018b19402871b6dc3c4e07dc,gingivitis_(1420),gingivitis_(1420),C:\Users\16024\Desktop\齿镜\calculus-unetpp\data\processed\images\val\b2b9b6cf4f42dec5.jpg,C:\Users\16024\Desktop\齿镜\calculus-unetpp\data\processed\masks\val\b2b9b6cf4f42dec5.png
86d19e90ab08265e,val,0,86d19e90ab08265ef970154250b14c801932970a38ef908cef0105c9440b4bf0,caries_0_1124,caries_0_1124,C:\Users\16024\Desktop\齿镜\calculus-unetpp\data\processed\images\val\86d19e90ab08265e.jpg,C:\Users\16024\Desktop\齿镜\calculus-unetpp\data\processed\masks\val\86d19e90ab08265e.png
8d7d165c3d890417,val,0,8d7d165c3d8904176beee4a6f0b4fad98b20ec6ea5c3328c3bc600259449137a,gingivitis_(1035),gingivitis_(1035),C:\Users\16024\Desktop\齿镜\calculus-unetpp\data\processed\images\val\8d7d165c3d890417.jpg,C:\Users\16024\Desktop\齿镜\calculus-unetpp\data\processed\masks\val\8d7d165c3d890417.png
83b8dbe89cb8871b,val,0,83b8dbe89cb8871bd639e6569fbf44f552561089aa46e09ce6b175b5b9d59ec4,caries_0_9129,caries_0_9129,C:\Users\16024\Desktop\齿镜\calculus-unetpp\data\processed\images\val\83b8dbe89cb8871b.jpg,C:\Users\16024\Desktop\齿镜\calculus-unetpp\data\processed\masks\val\83b8dbe89cb8871b.png
6f9d48472614a072,val,0,6f9d48472614a0722c0c26e1d059e590913d8d8b79b74f7a31de8bc52efdad34,caries_0_421,caries_0_421,C:\Users\16024\Desktop\齿镜\calculus-unetpp\data\processed\images\val\6f9d48472614a072.jpg,C:\Users\16024\Desktop\齿镜\calculus-unetpp\data\processed\masks\val\6f9d48472614a072.png
a38a0a6cd5525d7d,val,0,a38a0a6cd5525d7d879af3d3621b85199736202b13b2b8793d382df7101e3308,gingivitis_(1144),gingivitis_(1144),C:\Users\16024\Desktop\齿镜\calculus-unetpp\data\processed\images\val\a38a0a6cd5525d7d.jpg,C:\Users\16024\Desktop\齿镜\calculus-unetpp\data\processed\masks\val\a38a0a6cd5525d7d.png
7c5516af5f574dd0,val,0,7c5516af5f574dd0ee40062ac072532965b67fac3dcaf1481002d994c429bb73,caries_0_1945,caries_0_1945,C:\Users\16024\Desktop\齿镜\calculus-unetpp\data\processed\images\val\7c5516af5f574dd0.jpg,C:\Users\16024\Desktop\齿镜\calculus-unetpp\data\processed\masks\val\7c5516af5f574dd0.png
1705b06af365e1e6,val,0,1705b06af365e1e67404ff3bfc41b70ddeb2bb78f2443362aa3bcec561d63b41,84,84,C:\Users\16024\Desktop\齿镜\calculus-unetpp\data\processed\images\val\1705b06af365e1e6.jpg,C:\Users\16024\Desktop\齿镜\calculus-unetpp\data\processed\masks\val\1705b06af365e1e6.png
87c05dd2d1680d5a,val,0,87c05dd2d1680d5a64aef86511b18053b14c35ae4a061477153bf213dabc69a7,gingivitis_(1126);gingivitis_(1221);gingivitis_(1282),gingivitis_(1126),C:\Users\16024\Desktop\齿镜\calculus-unetpp\data\processed\images\val\87c05dd2d1680d5a.jpg,C:\Users\16024\Desktop\齿镜\calculus-unetpp\data\processed\masks\val\87c05dd2d1680d5a.png
962f3cb619d13dfd,val,0,962f3cb619d13dfde5c032075f88067be3b736e8a578a8361a632e15b0606a00,caries_0_2221,caries_0_2221,C:\Users\16024\Desktop\齿镜\calculus-unetpp\data\processed\images\val\962f3cb619d13dfd.jpg,C:\Users\16024\Desktop\齿镜\calculus-unetpp\data\processed\masks\val\962f3cb619d13dfd.png
e7b62467da8f999a,val,0,e7b62467da8f999a13950dd92bae996b35356eccd6781ba415f0d2a3f83b1400,caries_0_5146,caries_0_5146,C:\Users\16024\Desktop\齿镜\calculus-unetpp\data\processed\images\val\e7b62467da8f999a.jpg,C:\Users\16024\Desktop\齿镜\calculus-unetpp\data\processed\masks\val\e7b62467da8f999a.png
706bd02ce2398763,val,0,706bd02ce23987637c4499aa7ecf3e61b26916e9a8120c020b7f82ff0a3e6d65,97,97,C:\Users\16024\Desktop\齿镜\calculus-unetpp\data\processed\images\val\706bd02ce2398763.jpg,C:\Users\16024\Desktop\齿镜\calculus-unetpp\data\processed\masks\val\706bd02ce2398763.png
5a2b6a1d6db79eb4,val,0,5a2b6a1d6db79eb432050189d5f8b3be3d42ffc02cb539357026cdcf5f103618,caries_0_2444,caries_0_2444,C:\Users\16024\Desktop\齿镜\calculus-unetpp\data\processed\images\val\5a2b6a1d6db79eb4.jpg,C:\Users\16024\Desktop\齿镜\calculus-unetpp\data\processed\masks\val\5a2b6a1d6db79eb4.png
06e2a8c52ee91ed0,val,0,06e2a8c52ee91ed0661e20e3b3a60f1a1f03bc03742ea00499753b2e018325c4,gingivitis_(1119);gingivitis_(1231),gingivitis_(1119),C:\Users\16024\Desktop\齿镜\calculus-unetpp\data\processed\images\val\06e2a8c52ee91ed0.jpg,C:\Users\16024\Desktop\齿镜\calculus-unetpp\data\processed\masks\val\06e2a8c52ee91ed0.png
64672a23b023426f,val,0,64672a23b023426f74c0610983674e1088359b5773c76f729ce24c788c017922,caries_0_5566,caries_0_5566,C:\Users\16024\Desktop\齿镜\calculus-unetpp\data\processed\images\val\64672a23b023426f.jpg,C:\Users\16024\Desktop\齿镜\calculus-unetpp\data\processed\masks\val\64672a23b023426f.png
d553e656a813bc92,val,0,d553e656a813bc921ff8a3089ea6e50316dc4fb8bc5350f4452d4e934248c5f8,caries_0_3522,caries_0_3522,C:\Users\16024\Desktop\齿镜\calculus-unetpp\data\processed\images\val\d553e656a813bc92.jpg,C:\Users\16024\Desktop\齿镜\calculus-unetpp\data\processed\masks\val\d553e656a813bc92.png
58eaa685444e50d8,val,0,58eaa685444e50d80cb7cc2caa1dcad92e62e80bd3bcdb843b1385f1b09a7a67,caries_0_4670,caries_0_4670,C:\Users\16024\Desktop\齿镜\calculus-unetpp\data\processed\images\val\58eaa685444e50d8.jpg,C:\Users\16024\Desktop\齿镜\calculus-unetpp\data\processed\masks\val\58eaa685444e50d8.png
1946192ebf4a0f26,val,0,1946192ebf4a0f26ae1993176f46ff38663304a29ea5fe83e803176a994d2966,gingivitis_(554),gingivitis_(554),C:\Users\16024\Desktop\齿镜\calculus-unetpp\data\processed\images\val\1946192ebf4a0f26.jpg,C:\Users\16024\Desktop\齿镜\calculus-unetpp\data\processed\masks\val\1946192ebf4a0f26.png
d31215723809aca6,val,0,d31215723809aca671506714fab31998decd57b1176f676f380e8f7d747ae2d5,caries_0_2863,caries_0_2863,C:\Users\16024\Desktop\齿镜\calculus-unetpp\data\processed\images\val\d31215723809aca6.jpg,C:\Users\16024\Desktop\齿镜\calculus-unetpp\data\processed\masks\val\d31215723809aca6.png
e7a1da525be7af72,val,0,e7a1da525be7af72d66377da585ccf4c8fbce7a0f3e1e0b54ee181849546a501,caries_0_848,caries_0_848,C:\Users\16024\Desktop\齿镜\calculus-unetpp\data\processed\images\val\e7a1da525be7af72.jpg,C:\Users\16024\Desktop\齿镜\calculus-unetpp\data\processed\masks\val\e7a1da525be7af72.png
f5493bf2fc4ab829,val,0,f5493bf2fc4ab829d4a1a4d72c74a23ce700b4f1aa2b9ffdb1e0b2e8defb4a86,caries_0_2401,caries_0_2401,C:\Users\16024\Desktop\齿镜\calculus-unetpp\data\processed\images\val\f5493bf2fc4ab829.jpg,C:\Users\16024\Desktop\齿镜\calculus-unetpp\data\processed\masks\val\f5493bf2fc4ab829.png
9e356ab908e4d067,val,0,9e356ab908e4d06754d7f2a6f06ab14efd0b7f2bc3368b8c9b675fd0e5962990,caries_0_764,caries_0_764,C:\Users\16024\Desktop\齿镜\calculus-unetpp\data\processed\images\val\9e356ab908e4d067.jpg,C:\Users\16024\Desktop\齿镜\calculus-unetpp\data\processed\masks\val\9e356ab908e4d067.png
576c9128365ea968,val,0,576c9128365ea9681eec9e9fdb73fc4cc92979a869d6070ba8cc50cb227523c7,caries_0_1161,caries_0_1161,C:\Users\16024\Desktop\齿镜\calculus-unetpp\data\processed\images\val\576c9128365ea968.jpg,C:\Users\16024\Desktop\齿镜\calculus-unetpp\data\processed\masks\val\576c9128365ea968.png
091b3bf4c382d734,val,0,091b3bf4c382d734e3c89793cd46b5ef730e55883e1f67a47e5559fca64e13c1,caries_0_4207,caries_0_4207,C:\Users\16024\Desktop\齿镜\calculus-unetpp\data\processed\images\val\091b3bf4c382d734.jpg,C:\Users\16024\Desktop\齿镜\calculus-unetpp\data\processed\masks\val\091b3bf4c382d734.png
79d66f43ef5597d0,val,0,79d66f43ef5597d055aa6d04e6a1e9e2d87998b5eceec8f2d679e292257bd9b5,caries_0_5452,caries_0_5452,C:\Users\16024\Desktop\齿镜\calculus-unetpp\data\processed\images\val\79d66f43ef5597d0.jpg,C:\Users\16024\Desktop\齿镜\calculus-unetpp\data\processed\masks\val\79d66f43ef5597d0.png
7cc8cc83049c11f9,val,0,7cc8cc83049c11f9f2685291ca9178409202db1724a326b9b057f59f69c08e77,caries_0_3879,caries_0_3879,C:\Users\16024\Desktop\齿镜\calculus-unetpp\data\processed\images\val\7cc8cc83049c11f9.jpg,C:\Users\16024\Desktop\齿镜\calculus-unetpp\data\processed\masks\val\7cc8cc83049c11f9.png
a77b8ba8f04ee825,val,0,a77b8ba8f04ee82559b566e47fad3dddec3cdfa04a7a8cd9c7b1519b695c995d,caries_0_1938,caries_0_1938,C:\Users\16024\Desktop\齿镜\calculus-unetpp\data\processed\images\val\a77b8ba8f04ee825.jpg,C:\Users\16024\Desktop\齿镜\calculus-unetpp\data\processed\masks\val\a77b8ba8f04ee825.png
fdce5abb63a10dd6,val,0,fdce5abb63a10dd64c3c38a45aee68fafb7b12ecc86a9935bae141251273aa20,caries_0_6687,caries_0_6687,C:\Users\16024\Desktop\齿镜\calculus-unetpp\data\processed\images\val\fdce5abb63a10dd6.jpg,C:\Users\16024\Desktop\齿镜\calculus-unetpp\data\processed\masks\val\fdce5abb63a10dd6.png
ee88604fb3fd01eb,val,0,ee88604fb3fd01eb9c02a03e974e542733758265c4bc980f17b5108c047e8e33,gingivitis_(505),gingivitis_(505),C:\Users\16024\Desktop\齿镜\calculus-unetpp\data\processed\images\val\ee88604fb3fd01eb.jpg,C:\Users\16024\Desktop\齿镜\calculus-unetpp\data\processed\masks\val\ee88604fb3fd01eb.png
e257c4cdb714903e,val,0,e257c4cdb714903e29a29f4a8a5e2e62279c0d3dc37a47979a3b3728457c1435,caries_0_3055,caries_0_3055,C:\Users\16024\Desktop\齿镜\calculus-unetpp\data\processed\images\val\e257c4cdb714903e.jpg,C:\Users\16024\Desktop\齿镜\calculus-unetpp\data\processed\masks\val\e257c4cdb714903e.png
633b86fa182fe96a,val,0,633b86fa182fe96a4ed4fc7cfc4d8f08c847b5b2b7482b7f1eccd3a67244d9a2,caries_0_4202,caries_0_4202,C:\Users\16024\Desktop\齿镜\calculus-unetpp\data\processed\images\val\633b86fa182fe96a.jpg,C:\Users\16024\Desktop\齿镜\calculus-unetpp\data\processed\masks\val\633b86fa182fe96a.png
d516bf6e9c045197,val,0,d516bf6e9c0451975f0e43e49c00e5765274754eaba0d59956f69a4ca1276f56,caries_0_5461,caries_0_5461,C:\Users\16024\Desktop\齿镜\calculus-unetpp\data\processed\images\val\d516bf6e9c045197.jpg,C:\Users\16024\Desktop\齿镜\calculus-unetpp\data\processed\masks\val\d516bf6e9c045197.png
ae0e54b10e15fdf6,val,0,ae0e54b10e15fdf60891fcd4901aa147951627ff2bb9cc0232778ee15b360eb1,99,99,C:\Users\16024\Desktop\齿镜\calculus-unetpp\data\processed\images\val\ae0e54b10e15fdf6.jpg,C:\Users\16024\Desktop\齿镜\calculus-unetpp\data\processed\masks\val\ae0e54b10e15fdf6.png
cc9ed4fb7faa9cf8,test,1,cc9ed4fb7faa9cf8a67b4bb064919bb5886ad22b8b6b247374eb41b5f3c2dd4c,caries_0_6759,caries_0_6759,C:\Users\16024\Desktop\齿镜\calculus-unetpp\data\processed\images\test\cc9ed4fb7faa9cf8.jpg,C:\Users\16024\Desktop\齿镜\calculus-unetpp\data\processed\masks\test\cc9ed4fb7faa9cf8.png
ceed7ccf938054a5,test,1,ceed7ccf938054a58a6fc092b78ba179bb10deaa31b94956135fb74b1e5b3b90,(762),(762),C:\Users\16024\Desktop\齿镜\calculus-unetpp\data\processed\images\test\ceed7ccf938054a5.jpg,C:\Users\16024\Desktop\齿镜\calculus-unetpp\data\processed\masks\test\ceed7ccf938054a5.png
583057ba61961671,test,1,583057ba61961671f6b8e9d39e046ed53ab5ce0bff72426b4190c2adc05e4631,caries_0_4439,caries_0_4439,C:\Users\16024\Desktop\齿镜\calculus-unetpp\data\processed\images\test\583057ba61961671.jpg,C:\Users\16024\Desktop\齿镜\calculus-unetpp\data\processed\masks\test\583057ba61961671.png
b5558624967f1833,test,1,b5558624967f18339a832c12370638100d2246c19d9bd2913b9e3f82b15be05e,caries_0_1908,caries_0_1908,C:\Users\16024\Desktop\齿镜\calculus-unetpp\data\processed\images\test\b5558624967f1833.jpg,C:\Users\16024\Desktop\齿镜\calculus-unetpp\data\processed\masks\test\b5558624967f1833.png
18429d887e6c2467,test,1,18429d887e6c2467d9f9942921641ecc67838b6215939b5120f7c25665cb4d7b,caries_0_4899,caries_0_4899,C:\Users\16024\Desktop\齿镜\calculus-unetpp\data\processed\images\test\18429d887e6c2467.jpg,C:\Users\16024\Desktop\齿镜\calculus-unetpp\data\processed\masks\test\18429d887e6c2467.png
703e8a43c07a98aa,test,1,703e8a43c07a98aaf2dbc541f8d71ff602655948c9267adb92a6969ab8fa5724,(290),(290),C:\Users\16024\Desktop\齿镜\calculus-unetpp\data\processed\images\test\703e8a43c07a98aa.jpg,C:\Users\16024\Desktop\齿镜\calculus-unetpp\data\processed\masks\test\703e8a43c07a98aa.png
28c245bcaecfa35c,test,1,28c245bcaecfa35c765e0693dd9f00f7ae590c482c817787e35c9cedd8ce51ab,caries_0_8392,caries_0_8392,C:\Users\16024\Desktop\齿镜\calculus-unetpp\data\processed\images\test\28c245bcaecfa35c.jpg,C:\Users\16024\Desktop\齿镜\calculus-unetpp\data\processed\masks\test\28c245bcaecfa35c.png
b00290f5a29dc6cf,test,1,b00290f5a29dc6cf494d3aa03163e8dcc74bcdeeafaebaaa424ab1c166d192cb,caries_0_567,caries_0_567,C:\Users\16024\Desktop\齿镜\calculus-unetpp\data\processed\images\test\b00290f5a29dc6cf.jpg,C:\Users\16024\Desktop\齿镜\calculus-unetpp\data\processed\masks\test\b00290f5a29dc6cf.png
93e263488cb30a87,test,1,93e263488cb30a8712c2daf8d05c0db98cb6680117e1372f5596c4966c4a6069,(313),(313),C:\Users\16024\Desktop\齿镜\calculus-unetpp\data\processed\images\test\93e263488cb30a87.jpg,C:\Users\16024\Desktop\齿镜\calculus-unetpp\data\processed\masks\test\93e263488cb30a87.png
0dcba3521f2f27b1,test,1,0dcba3521f2f27b1ee27f25d1ac4e1b6f3d40ba9d69c96b9f3de7f63c384eead,(194),(194),C:\Users\16024\Desktop\齿镜\calculus-unetpp\data\processed\images\test\0dcba3521f2f27b1.jpg,C:\Users\16024\Desktop\齿镜\calculus-unetpp\data\processed\masks\test\0dcba3521f2f27b1.png
4f69016ee86e528e,test,1,4f69016ee86e528e49ffa3e0b749ccc165abd757dd605336d447a1dc368d2867,(912),(912),C:\Users\16024\Desktop\齿镜\calculus-unetpp\data\processed\images\test\4f69016ee86e528e.jpg,C:\Users\16024\Desktop\齿镜\calculus-unetpp\data\processed\masks\test\4f69016ee86e528e.png
c9861ea6525a7364,test,1,c9861ea6525a7364003042fb0322638a297826e69560856f93e8121cff675ebe,(870);(969),(870),C:\Users\16024\Desktop\齿镜\calculus-unetpp\data\processed\images\test\c9861ea6525a7364.jpg,C:\Users\16024\Desktop\齿镜\calculus-unetpp\data\processed\masks\test\c9861ea6525a7364.png
6864b52aed5d1671,test,1,6864b52aed5d1671057454927fc582df8cc871b4c41f9ba335b9157f4480e4e1,(281),(281),C:\Users\16024\Desktop\齿镜\calculus-unetpp\data\processed\images\test\6864b52aed5d1671.jpg,C:\Users\16024\Desktop\齿镜\calculus-unetpp\data\processed\masks\test\6864b52aed5d1671.png
6cdc9a67c1dfeeca,test,1,6cdc9a67c1dfeecabb358e52a4fe26424bcddc8195e8bf7d45d3d3dc50787e54,caries_0_1150,caries_0_1150,C:\Users\16024\Desktop\齿镜\calculus-unetpp\data\processed\images\test\6cdc9a67c1dfeeca.jpg,C:\Users\16024\Desktop\齿镜\calculus-unetpp\data\processed\masks\test\6cdc9a67c1dfeeca.png
1ca054c3f97481fe,test,1,1ca054c3f97481fecb2eee005e607cc465abeb4753994e49280d3e1330f1e5ca,caries_0_8127,caries_0_8127,C:\Users\16024\Desktop\齿镜\calculus-unetpp\data\processed\images\test\1ca054c3f97481fe.jpg,C:\Users\16024\Desktop\齿镜\calculus-unetpp\data\processed\masks\test\1ca054c3f97481fe.png
73fff4ce27b609ae,test,1,73fff4ce27b609aeb7ab32a0d174c6e77b0b63a6af59ed264b7995e740fde1d3,caries_0_1054,caries_0_1054,C:\Users\16024\Desktop\齿镜\calculus-unetpp\data\processed\images\test\73fff4ce27b609ae.jpg,C:\Users\16024\Desktop\齿镜\calculus-unetpp\data\processed\masks\test\73fff4ce27b609ae.png
ef27f3a5fbbebaf8,test,1,ef27f3a5fbbebaf8c852489afc9e615d605f835d810d9a6f1257285d40e61112,(25),(25),C:\Users\16024\Desktop\齿镜\calculus-unetpp\data\processed\images\test\ef27f3a5fbbebaf8.jpg,C:\Users\16024\Desktop\齿镜\calculus-unetpp\data\processed\masks\test\ef27f3a5fbbebaf8.png
f896593368cf1efb,test,1,f896593368cf1efb7b955aa040c0229c71acbc12503cf6bd81c531683741872e,(915),(915),C:\Users\16024\Desktop\齿镜\calculus-unetpp\data\processed\images\test\f896593368cf1efb.jpg,C:\Users\16024\Desktop\齿镜\calculus-unetpp\data\processed\masks\test\f896593368cf1efb.png
6531a149a5f73722,test,1,6531a149a5f73722ef7b817597c0999f6783f9432fc53a9835faf1a8e3b3a243,(626),(626),C:\Users\16024\Desktop\齿镜\calculus-unetpp\data\processed\images\test\6531a149a5f73722.jpg,C:\Users\16024\Desktop\齿镜\calculus-unetpp\data\processed\masks\test\6531a149a5f73722.png
42c0e1aacef1e068,test,1,42c0e1aacef1e0688e52d74dc7e61266205597db0cf34f0bc959757e48554a33,(887),(887),C:\Users\16024\Desktop\齿镜\calculus-unetpp\data\processed\images\test\42c0e1aacef1e068.jpg,C:\Users\16024\Desktop\齿镜\calculus-unetpp\data\processed\masks\test\42c0e1aacef1e068.png
30f713d6bd6ea1c6,test,1,30f713d6bd6ea1c64c47947f49a9bf6b19fa58b3df7ed27963df0c46aec7a0c7,(752);(851);(864),(752),C:\Users\16024\Desktop\齿镜\calculus-unetpp\data\processed\images\test\30f713d6bd6ea1c6.jpg,C:\Users\16024\Desktop\齿镜\calculus-unetpp\data\processed\masks\test\30f713d6bd6ea1c6.png
e82c898f17dad0df,test,1,e82c898f17dad0dfbac502da34f3bfc81032be524197a745f44cb109883bacce,(678),(678),C:\Users\16024\Desktop\齿镜\calculus-unetpp\data\processed\images\test\e82c898f17dad0df.jpg,C:\Users\16024\Desktop\齿镜\calculus-unetpp\data\processed\masks\test\e82c898f17dad0df.png
65d4d62ace7a7337,test,1,65d4d62ace7a7337f6fe2e0d6a5e7d842e9a2c5e45084f39cc98897fa5ef5de1,caries_0_9514,caries_0_9514,C:\Users\16024\Desktop\齿镜\calculus-unetpp\data\processed\images\test\65d4d62ace7a7337.jpg,C:\Users\16024\Desktop\齿镜\calculus-unetpp\data\processed\masks\test\65d4d62ace7a7337.png
f3f2860220ebea2b,test,1,f3f2860220ebea2b676dbf64a23b4e0219581b25758f9855fb965c5c9ba5ca5a,caries_0_6136,caries_0_6136,C:\Users\16024\Desktop\齿镜\calculus-unetpp\data\processed\images\test\f3f2860220ebea2b.jpg,C:\Users\16024\Desktop\齿镜\calculus-unetpp\data\processed\masks\test\f3f2860220ebea2b.png
31dfefce061a08c4,test,1,31dfefce061a08c4c5907c985cc3b60b7dfa47ed95e16a6a31ed72aba2651023,caries_0_36,caries_0_36,C:\Users\16024\Desktop\齿镜\calculus-unetpp\data\processed\images\test\31dfefce061a08c4.jpg,C:\Users\16024\Desktop\齿镜\calculus-unetpp\data\processed\masks\test\31dfefce061a08c4.png
025fd5ba6125aad5,test,1,025fd5ba6125aad56089490e7446936e4e27bcaf54cc8c709eb54573429baa7a,(150);(220);(249),(150),C:\Users\16024\Desktop\齿镜\calculus-unetpp\data\processed\images\test\025fd5ba6125aad5.jpg,C:\Users\16024\Desktop\齿镜\calculus-unetpp\data\processed\masks\test\025fd5ba6125aad5.png
5372644fb4168031,test,1,5372644fb4168031f463c9be52c29fc35a5b7ef1a85a8d4a9c989dbf836e0b86,caries_0_1309,caries_0_1309,C:\Users\16024\Desktop\齿镜\calculus-unetpp\data\processed\images\test\5372644fb4168031.jpg,C:\Users\16024\Desktop\齿镜\calculus-unetpp\data\processed\masks\test\5372644fb4168031.png
c378732611d8b029,test,1,c378732611d8b029db39fb434f20bbeb875fd6f6a34bd7a16b44ac15c66acb2d,(1202),(1202),C:\Users\16024\Desktop\齿镜\calculus-unetpp\data\processed\images\test\c378732611d8b029.jpg,C:\Users\16024\Desktop\齿镜\calculus-unetpp\data\processed\masks\test\c378732611d8b029.png
90e1fb3410137e07,test,1,90e1fb3410137e07f2799b1656ae603955b5fc96d532faf1b7db8aad5afd81e2,caries_0_3561,caries_0_3561,C:\Users\16024\Desktop\齿镜\calculus-unetpp\data\processed\images\test\90e1fb3410137e07.jpg,C:\Users\16024\Desktop\齿镜\calculus-unetpp\data\processed\masks\test\90e1fb3410137e07.png
43f569bda9fadf2d,test,1,43f569bda9fadf2dfe0347c0e123111a33d57f6845fc644d93dc932c8065ea01,(601),(601),C:\Users\16024\Desktop\齿镜\calculus-unetpp\data\processed\images\test\43f569bda9fadf2d.jpg,C:\Users\16024\Desktop\齿镜\calculus-unetpp\data\processed\masks\test\43f569bda9fadf2d.png
869d5e586d833631,test,1,869d5e586d8336318458146667339dbafb57850e5a8c8290d5a176b53bbd87ec,39,39,C:\Users\16024\Desktop\齿镜\calculus-unetpp\data\processed\images\test\869d5e586d833631.jpg,C:\Users\16024\Desktop\齿镜\calculus-unetpp\data\processed\masks\test\869d5e586d833631.png
f6f3334849d0060f,test,1,f6f3334849d0060fb14968d59692afc7909fafb70092d417ca16db8a6147b690,(297);(363),(297),C:\Users\16024\Desktop\齿镜\calculus-unetpp\data\processed\images\test\f6f3334849d0060f.jpg,C:\Users\16024\Desktop\齿镜\calculus-unetpp\data\processed\masks\test\f6f3334849d0060f.png
e87b64379c66dbf6,test,1,e87b64379c66dbf62abada70e923f3cedf59f3927b6871615e8feac6dd766181,caries_0_6540,caries_0_6540,C:\Users\16024\Desktop\齿镜\calculus-unetpp\data\processed\images\test\e87b64379c66dbf6.jpg,C:\Users\16024\Desktop\齿镜\calculus-unetpp\data\processed\masks\test\e87b64379c66dbf6.png
d77c4bbc0d067c89,test,1,d77c4bbc0d067c896964ec45b662ef2ef469e12a329e2fc2b538a2c45f2ab6c7,caries_0_5738,caries_0_5738,C:\Users\16024\Desktop\齿镜\calculus-unetpp\data\processed\images\test\d77c4bbc0d067c89.jpg,C:\Users\16024\Desktop\齿镜\calculus-unetpp\data\processed\masks\test\d77c4bbc0d067c89.png
3d02f9afe6459d49,test,1,3d02f9afe6459d49c391c41517a3537c0371451725b4998ebf7c984b772058be,caries_0_98,caries_0_98,C:\Users\16024\Desktop\齿镜\calculus-unetpp\data\processed\images\test\3d02f9afe6459d49.jpg,C:\Users\16024\Desktop\齿镜\calculus-unetpp\data\processed\masks\test\3d02f9afe6459d49.png
b846e852770fe289,test,1,b846e852770fe289294051c17791cd7616a8f0474066033819f33ef0ad909347,caries_0_2558,caries_0_2558,C:\Users\16024\Desktop\齿镜\calculus-unetpp\data\processed\images\test\b846e852770fe289.jpg,C:\Users\16024\Desktop\齿镜\calculus-unetpp\data\processed\masks\test\b846e852770fe289.png
093d9686ed11672f,test,1,093d9686ed11672f377822c3a58906198469e61ec302ab0fc9643b9eabf077e9,caries_0_5915,caries_0_5915,C:\Users\16024\Desktop\齿镜\calculus-unetpp\data\processed\images\test\093d9686ed11672f.jpg,C:\Users\16024\Desktop\齿镜\calculus-unetpp\data\processed\masks\test\093d9686ed11672f.png
c87de621160dd25f,test,1,c87de621160dd25f4b74499d3ba96c436ee48f207d879b60b06005ae21510203,(346),(346),C:\Users\16024\Desktop\齿镜\calculus-unetpp\data\processed\images\test\c87de621160dd25f.jpg,C:\Users\16024\Desktop\齿镜\calculus-unetpp\data\processed\masks\test\c87de621160dd25f.png
a41784d65c56d842,test,1,a41784d65c56d8429e02a80651e7cfa99a2564db94c5208ac70027116f70b7a8,(587),(587),C:\Users\16024\Desktop\齿镜\calculus-unetpp\data\processed\images\test\a41784d65c56d842.jpg,C:\Users\16024\Desktop\齿镜\calculus-unetpp\data\processed\masks\test\a41784d65c56d842.png
467648a935adbdee,test,1,467648a935adbdee549163186b8c6fc76579fc604a600f1d52f6cd43b2a6d0fb,(1056),(1056),C:\Users\16024\Desktop\齿镜\calculus-unetpp\data\processed\images\test\467648a935adbdee.jpg,C:\Users\16024\Desktop\齿镜\calculus-unetpp\data\processed\masks\test\467648a935adbdee.png
4369b88e5ed80ff8,test,1,4369b88e5ed80ff86b38794b0c7c3b6caf10ecf3493751cfb27542af58ba42fb,(886),(886),C:\Users\16024\Desktop\齿镜\calculus-unetpp\data\processed\images\test\4369b88e5ed80ff8.jpg,C:\Users\16024\Desktop\齿镜\calculus-unetpp\data\processed\masks\test\4369b88e5ed80ff8.png
1c758087cb5b67f7,test,1,1c758087cb5b67f77052557f61b8b4ddb020be240c106cb5553153d446cc0fc9,caries_0_4308,caries_0_4308,C:\Users\16024\Desktop\齿镜\calculus-unetpp\data\processed\images\test\1c758087cb5b67f7.jpg,C:\Users\16024\Desktop\齿镜\calculus-unetpp\data\processed\masks\test\1c758087cb5b67f7.png
0abd20f4f90881d9,test,1,0abd20f4f90881d9152ec2921c96ffee710aadaf53e32415328526e6be6cb908,caries_0_6686,caries_0_6686,C:\Users\16024\Desktop\齿镜\calculus-unetpp\data\processed\images\test\0abd20f4f90881d9.jpg,C:\Users\16024\Desktop\齿镜\calculus-unetpp\data\processed\masks\test\0abd20f4f90881d9.png
0bc4f141909794da,test,1,0bc4f141909794daaf45ee3832b163dcd5a73e89362500c3b507a1a87f700e5c,caries_0_6656,caries_0_6656,C:\Users\16024\Desktop\齿镜\calculus-unetpp\data\processed\images\test\0bc4f141909794da.jpg,C:\Users\16024\Desktop\齿镜\calculus-unetpp\data\processed\masks\test\0bc4f141909794da.png
87bd01ccd3cd0dfe,test,1,87bd01ccd3cd0dfe3e5a366fbb900d6b807ce271269b820200d879461b04edbe,caries_0_3824,caries_0_3824,C:\Users\16024\Desktop\齿镜\calculus-unetpp\data\processed\images\test\87bd01ccd3cd0dfe.jpg,C:\Users\16024\Desktop\齿镜\calculus-unetpp\data\processed\masks\test\87bd01ccd3cd0dfe.png
c37e2e58a519a8eb,test,1,c37e2e58a519a8ebd797b0007f4dc7b673064ec73d6fed7e57271402aa498709,(1110),(1110),C:\Users\16024\Desktop\齿镜\calculus-unetpp\data\processed\images\test\c37e2e58a519a8eb.jpg,C:\Users\16024\Desktop\齿镜\calculus-unetpp\data\processed\masks\test\c37e2e58a519a8eb.png
1be8e8c4ebcf6860,test,1,1be8e8c4ebcf6860453c4663176d9ad5647ffb49aeb0c3e5acc1e99d9486c84b,caries_0_6053,caries_0_6053,C:\Users\16024\Desktop\齿镜\calculus-unetpp\data\processed\images\test\1be8e8c4ebcf6860.jpg,C:\Users\16024\Desktop\齿镜\calculus-unetpp\data\processed\masks\test\1be8e8c4ebcf6860.png
b3b5887017f085db,test,1,b3b5887017f085db630035623532ca0711819f7654e0349f93fbf8e3a8b6d32c,caries_0_1771,caries_0_1771,C:\Users\16024\Desktop\齿镜\calculus-unetpp\data\processed\images\test\b3b5887017f085db.jpg,C:\Users\16024\Desktop\齿镜\calculus-unetpp\data\processed\masks\test\b3b5887017f085db.png
e0f8c428e248a17b,test,1,e0f8c428e248a17b2fb6f7ab82658e370921bb5210fa697bb56a68c9376cc7bb,caries_0_1284,caries_0_1284,C:\Users\16024\Desktop\齿镜\calculus-unetpp\data\processed\images\test\e0f8c428e248a17b.jpg,C:\Users\16024\Desktop\齿镜\calculus-unetpp\data\processed\masks\test\e0f8c428e248a17b.png
1eee287a9ac59db2,test,1,1eee287a9ac59db20d176fbc41015b5336cf68147b9aff1ad6c64368e3e71a63,(190),(190),C:\Users\16024\Desktop\齿镜\calculus-unetpp\data\processed\images\test\1eee287a9ac59db2.jpg,C:\Users\16024\Desktop\齿镜\calculus-unetpp\data\processed\masks\test\1eee287a9ac59db2.png
f4f0c070c6d3c22b,test,1,f4f0c070c6d3c22b847003f36558945ae49cc11fb9915610aa4de861d469abef,caries_0_3745,caries_0_3745,C:\Users\16024\Desktop\齿镜\calculus-unetpp\data\processed\images\test\f4f0c070c6d3c22b.jpg,C:\Users\16024\Desktop\齿镜\calculus-unetpp\data\processed\masks\test\f4f0c070c6d3c22b.png
2d6df0832b4f8bdc,test,1,2d6df0832b4f8bdc94978d824db2827598e097e6a55d533bd39571235e3a66a2,caries_0_8373,caries_0_8373,C:\Users\16024\Desktop\齿镜\calculus-unetpp\data\processed\images\test\2d6df0832b4f8bdc.jpg,C:\Users\16024\Desktop\齿镜\calculus-unetpp\data\processed\masks\test\2d6df0832b4f8bdc.png
444c09fa34f99766,test,1,444c09fa34f997660dadebcf8165f2716478e9a3ca0ebf6eac7e2a30aaea6063,(889),(889),C:\Users\16024\Desktop\齿镜\calculus-unetpp\data\processed\images\test\444c09fa34f99766.jpg,C:\Users\16024\Desktop\齿镜\calculus-unetpp\data\processed\masks\test\444c09fa34f99766.png
48cb38c42a29148f,test,1,48cb38c42a29148fd78ded183c26c8ce67230c764ff74705206b3d18b6b51bde,caries_0_4542,caries_0_4542,C:\Users\16024\Desktop\齿镜\calculus-unetpp\data\processed\images\test\48cb38c42a29148f.jpg,C:\Users\16024\Desktop\齿镜\calculus-unetpp\data\processed\masks\test\48cb38c42a29148f.png
515f7da098f40ec8,test,1,515f7da098f40ec8067f837082fc4fe9fdf5af3298df786b949fe7ce8bab52cd,91,91,C:\Users\16024\Desktop\齿镜\calculus-unetpp\data\processed\images\test\515f7da098f40ec8.jpg,C:\Users\16024\Desktop\齿镜\calculus-unetpp\data\processed\masks\test\515f7da098f40ec8.png
f76d80356757ad6b,test,1,f76d80356757ad6b1afe03eba4de38f28e228cfe9f88e09b5e597dc0ae51f6bb,caries_0_3991,caries_0_3991,C:\Users\16024\Desktop\齿镜\calculus-unetpp\data\processed\images\test\f76d80356757ad6b.jpg,C:\Users\16024\Desktop\齿镜\calculus-unetpp\data\processed\masks\test\f76d80356757ad6b.png
08bca747fd8f706f,test,1,08bca747fd8f706ff58fbf344bec8e94355364091ec625570a8909e06d2daaf2,(330),(330),C:\Users\16024\Desktop\齿镜\calculus-unetpp\data\processed\images\test\08bca747fd8f706f.jpg,C:\Users\16024\Desktop\齿镜\calculus-unetpp\data\processed\masks\test\08bca747fd8f706f.png
2338ad3fc0e9f8ee,test,1,2338ad3fc0e9f8eea76b8114185d1cd634caf89d9387b13456a255a99f5c85bd,(42);138;94,(42),C:\Users\16024\Desktop\齿镜\calculus-unetpp\data\processed\images\test\2338ad3fc0e9f8ee.jpg,C:\Users\16024\Desktop\齿镜\calculus-unetpp\data\processed\masks\test\2338ad3fc0e9f8ee.png
d21d4fe29adeaac4,test,1,d21d4fe29adeaac460ce3c39d5454b4dc806a9b65f276f4d708940592c7bb993,caries_0_3741,caries_0_3741,C:\Users\16024\Desktop\齿镜\calculus-unetpp\data\processed\images\test\d21d4fe29adeaac4.jpg,C:\Users\16024\Desktop\齿镜\calculus-unetpp\data\processed\masks\test\d21d4fe29adeaac4.png
99dd3595011cabd2,test,0,99dd3595011cabd2229d35f346003abf800d557486d603c43f94e6427572e6fd,gingivitis_(1059),gingivitis_(1059),C:\Users\16024\Desktop\齿镜\calculus-unetpp\data\processed\images\test\99dd3595011cabd2.jpg,C:\Users\16024\Desktop\齿镜\calculus-unetpp\data\processed\masks\test\99dd3595011cabd2.png
da36f2049f78d0c6,test,0,da36f2049f78d0c65391176431ff29f9e1c5874d7086f2727a49741418823f04,caries_0_2153,caries_0_2153,C:\Users\16024\Desktop\齿镜\calculus-unetpp\data\processed\images\test\da36f2049f78d0c6.jpg,C:\Users\16024\Desktop\齿镜\calculus-unetpp\data\processed\masks\test\da36f2049f78d0c6.png
919b88412140e05b,test,0,919b88412140e05b3a05469afe21fc864ad7f46d6caafa864aff23327a0bcc42,gingivitis_(23),gingivitis_(23),C:\Users\16024\Desktop\齿镜\calculus-unetpp\data\processed\images\test\919b88412140e05b.jpg,C:\Users\16024\Desktop\齿镜\calculus-unetpp\data\processed\masks\test\919b88412140e05b.png
3962fe1eb2d17514,test,0,3962fe1eb2d175148b3680b892cbfcd936192c412e266307fba656b9e3e9bd4e,gingivitis_(1025),gingivitis_(1025),C:\Users\16024\Desktop\齿镜\calculus-unetpp\data\processed\images\test\3962fe1eb2d17514.jpg,C:\Users\16024\Desktop\齿镜\calculus-unetpp\data\processed\masks\test\3962fe1eb2d17514.png
c4fcaf4394997571,test,0,c4fcaf43949975714556d920e9f440f30e2e451aa8ff5a8dbebf155eef66b9ba,caries_0_5302,caries_0_5302,C:\Users\16024\Desktop\齿镜\calculus-unetpp\data\processed\images\test\c4fcaf4394997571.jpg,C:\Users\16024\Desktop\齿镜\calculus-unetpp\data\processed\masks\test\c4fcaf4394997571.png
09ad16192fadf0ab,test,0,09ad16192fadf0ab07a7459d978b071fb31ddbc1b1166d3b6f72d737fbd6ef2a,caries_0_673,caries_0_673,C:\Users\16024\Desktop\齿镜\calculus-unetpp\data\processed\images\test\09ad16192fadf0ab.jpg,C:\Users\16024\Desktop\齿镜\calculus-unetpp\data\processed\masks\test\09ad16192fadf0ab.png
5768a68f298ce2f4,test,0,5768a68f298ce2f47226ba115245b2d063731cff4b83dd6eae522e328e9efa5e,caries_0_4736,caries_0_4736,C:\Users\16024\Desktop\齿镜\calculus-unetpp\data\processed\images\test\5768a68f298ce2f4.jpg,C:\Users\16024\Desktop\齿镜\calculus-unetpp\data\processed\masks\test\5768a68f298ce2f4.png
146a1d096a65c95c,test,0,146a1d096a65c95ccb9af414b68c3e7ba67e7b279565d167a5aa2a0dea605e88,caries_0_8482,caries_0_8482,C:\Users\16024\Desktop\齿镜\calculus-unetpp\data\processed\images\test\146a1d096a65c95c.jpg,C:\Users\16024\Desktop\齿镜\calculus-unetpp\data\processed\masks\test\146a1d096a65c95c.png
1df7baa85937126f,test,0,1df7baa85937126f8e0dc115e60f1562a31ba718ddbc90c9324cc9233cab24f1,146;146(1),146,C:\Users\16024\Desktop\齿镜\calculus-unetpp\data\processed\images\test\1df7baa85937126f.jpg,C:\Users\16024\Desktop\齿镜\calculus-unetpp\data\processed\masks\test\1df7baa85937126f.png
e8dfdac3ba5e628b,test,0,e8dfdac3ba5e628b2145bc86ffc3ac988d8695e6ce93b5ac96dfa15fe8bff63f,203,203,C:\Users\16024\Desktop\齿镜\calculus-unetpp\data\processed\images\test\e8dfdac3ba5e628b.jpg,C:\Users\16024\Desktop\齿镜\calculus-unetpp\data\processed\masks\test\e8dfdac3ba5e628b.png
8bf9afce62bb8389,test,0,8bf9afce62bb83890c2f30b7e09c3b572717a2904d833e8a736498a18a27d2e8,gingivitis_(1123),gingivitis_(1123),C:\Users\16024\Desktop\齿镜\calculus-unetpp\data\processed\images\test\8bf9afce62bb8389.jpg,C:\Users\16024\Desktop\齿镜\calculus-unetpp\data\processed\masks\test\8bf9afce62bb8389.png
fdf06921e673a0ba,test,0,fdf06921e673a0bad3e55d06c55e3dbc66572a93686a20f3d472c8cc78c187a4,gingivitis_(271);gingivitis_(406);gingivitis_(444),gingivitis_(271),C:\Users\16024\Desktop\齿镜\calculus-unetpp\data\processed\images\test\fdf06921e673a0ba.jpg,C:\Users\16024\Desktop\齿镜\calculus-unetpp\data\processed\masks\test\fdf06921e673a0ba.png
8de5284bce702348,test,0,8de5284bce7023484af14a9e78d3a2eb37c45edec77561b171f41f93e0de396a,caries_0_521,caries_0_521,C:\Users\16024\Desktop\齿镜\calculus-unetpp\data\processed\images\test\8de5284bce702348.jpg,C:\Users\16024\Desktop\齿镜\calculus-unetpp\data\processed\masks\test\8de5284bce702348.png
a01722fcc613a3fc,test,0,a01722fcc613a3fcab45dd49bda73b5ad7412949b555cfcb9b788808200e097e,gingivitis_(1974),gingivitis_(1974),C:\Users\16024\Desktop\齿镜\calculus-unetpp\data\processed\images\test\a01722fcc613a3fc.jpg,C:\Users\16024\Desktop\齿镜\calculus-unetpp\data\processed\masks\test\a01722fcc613a3fc.png
1751ce78d9ab9919,test,0,1751ce78d9ab991981cb437efd7f3b562b146db57e79a27dbb52dc8744e353d2,gingivitis_(1559),gingivitis_(1559),C:\Users\16024\Desktop\齿镜\calculus-unetpp\data\processed\images\test\1751ce78d9ab9919.jpg,C:\Users\16024\Desktop\齿镜\calculus-unetpp\data\processed\masks\test\1751ce78d9ab9919.png
1c3d48d5b490c57b,test,0,1c3d48d5b490c57ba94efc0f9d00be4742174b5bd3813c66a717040164e075ba,95,95,C:\Users\16024\Desktop\齿镜\calculus-unetpp\data\processed\images\test\1c3d48d5b490c57b.jpg,C:\Users\16024\Desktop\齿镜\calculus-unetpp\data\processed\masks\test\1c3d48d5b490c57b.png
a23e66fc06a8a717,test,0,a23e66fc06a8a717805d3659482fde179f77737bfe1680638289160cde58764a,caries_0_2141,caries_0_2141,C:\Users\16024\Desktop\齿镜\calculus-unetpp\data\processed\images\test\a23e66fc06a8a717.jpg,C:\Users\16024\Desktop\齿镜\calculus-unetpp\data\processed\masks\test\a23e66fc06a8a717.png
977af0aae616646d,test,0,977af0aae616646dd7800b75bc10a13a377f47b40f3f1e5702311da0213865e1,caries_0_8686,caries_0_8686,C:\Users\16024\Desktop\齿镜\calculus-unetpp\data\processed\images\test\977af0aae616646d.jpg,C:\Users\16024\Desktop\齿镜\calculus-unetpp\data\processed\masks\test\977af0aae616646d.png
9f462cc77dbb5bdc,test,0,9f462cc77dbb5bdc4eba0f91e6183ede6bd72da0f22bf0ed2b6f846d73594577,caries_0_9627,caries_0_9627,C:\Users\16024\Desktop\齿镜\calculus-unetpp\data\processed\images\test\9f462cc77dbb5bdc.jpg,C:\Users\16024\Desktop\齿镜\calculus-unetpp\data\processed\masks\test\9f462cc77dbb5bdc.png
c32ef2adf28103a7,test,0,c32ef2adf28103a7690f4da347f87ec19be74ad211a8042205ac84a4764ed15d,gingivitis_(1896),gingivitis_(1896),C:\Users\16024\Desktop\齿镜\calculus-unetpp\data\processed\images\test\c32ef2adf28103a7.jpg,C:\Users\16024\Desktop\齿镜\calculus-unetpp\data\processed\masks\test\c32ef2adf28103a7.png
bf2a299f05158a6f,test,0,bf2a299f05158a6fcb8367eb51faac7fcc800064ff6b9308dac37ac4b232396f,gingivitis_(217),gingivitis_(217),C:\Users\16024\Desktop\齿镜\calculus-unetpp\data\processed\images\test\bf2a299f05158a6f.jpg,C:\Users\16024\Desktop\齿镜\calculus-unetpp\data\processed\masks\test\bf2a299f05158a6f.png
841eae920f876755,test,0,841eae920f8767557bb613c8320291b14cc818a2ab563ba28ddf502944a65196,gingivitis_(2098),gingivitis_(2098),C:\Users\16024\Desktop\齿镜\calculus-unetpp\data\processed\images\test\841eae920f876755.jpg,C:\Users\16024\Desktop\齿镜\calculus-unetpp\data\processed\masks\test\841eae920f876755.png
3d5e6daba8f9cf9f,test,0,3d5e6daba8f9cf9f0db832b77cc8ad6f182ae37969a6b07fdc17637b0c842a4d,caries_0_5063,caries_0_5063,C:\Users\16024\Desktop\齿镜\calculus-unetpp\data\processed\images\test\3d5e6daba8f9cf9f.jpg,C:\Users\16024\Desktop\齿镜\calculus-unetpp\data\processed\masks\test\3d5e6daba8f9cf9f.png
84f203cd26cf11ca,test,0,84f203cd26cf11ca8d1cef4cbb1c5a31a8d87354c37a8d776b2572d07b40351b,gingivitis_(1325),gingivitis_(1325),C:\Users\16024\Desktop\齿镜\calculus-unetpp\data\processed\images\test\84f203cd26cf11ca.jpg,C:\Users\16024\Desktop\齿镜\calculus-unetpp\data\processed\masks\test\84f203cd26cf11ca.png
4fd890050657dbd9,test,0,4fd890050657dbd94fb7dad6c409948e792837ebc832b087ad8bf790b143c030,gingivitis_(1426),gingivitis_(1426),C:\Users\16024\Desktop\齿镜\calculus-unetpp\data\processed\images\test\4fd890050657dbd9.jpg,C:\Users\16024\Desktop\齿镜\calculus-unetpp\data\processed\masks\test\4fd890050657dbd9.png
3aed0ac990ee0245,test,0,3aed0ac990ee024575ab386c761df8429a3e43d08c977fa659816e3913380019,184,184,C:\Users\16024\Desktop\齿镜\calculus-unetpp\data\processed\images\test\3aed0ac990ee0245.jpg,C:\Users\16024\Desktop\齿镜\calculus-unetpp\data\processed\masks\test\3aed0ac990ee0245.png
d9aa6bfd2d9d23bb,test,0,d9aa6bfd2d9d23bbce4de49474508df778c1e1b45f3e065e75ffaed66b0837af,156,156,C:\Users\16024\Desktop\齿镜\calculus-unetpp\data\processed\images\test\d9aa6bfd2d9d23bb.jpg,C:\Users\16024\Desktop\齿镜\calculus-unetpp\data\processed\masks\test\d9aa6bfd2d9d23bb.png
379bb92cd9b9b7b4,test,0,379bb92cd9b9b7b47b47cbb42fe350d0810b209c8e9f5382fa62f4099da521d7,gingivitis_(2105),gingivitis_(2105),C:\Users\16024\Desktop\齿镜\calculus-unetpp\data\processed\images\test\379bb92cd9b9b7b4.jpg,C:\Users\16024\Desktop\齿镜\calculus-unetpp\data\processed\masks\test\379bb92cd9b9b7b4.png
3eb8ea747efc1265,test,0,3eb8ea747efc12657736636f6b2801aadfb425c0dcea79a6bfa001dbc17cd046,gingivitis_(35),gingivitis_(35),C:\Users\16024\Desktop\齿镜\calculus-unetpp\data\processed\images\test\3eb8ea747efc1265.jpg,C:\Users\16024\Desktop\齿镜\calculus-unetpp\data\processed\masks\test\3eb8ea747efc1265.png
e81a54faadc2a80a,test,0,e81a54faadc2a80a28397828b3c6a4b33a34c3f038ffd0d4ecdd815451eb73f1,70,70,C:\Users\16024\Desktop\齿镜\calculus-unetpp\data\processed\images\test\e81a54faadc2a80a.jpg,C:\Users\16024\Desktop\齿镜\calculus-unetpp\data\processed\masks\test\e81a54faadc2a80a.png
55eb2c5a8053ab36,test,0,55eb2c5a8053ab36b2564747f542a2472ec2c7b4447cc84d5b5216112c1cf92f,gingivitis_(599);gingivitis_(711),gingivitis_(599),C:\Users\16024\Desktop\齿镜\calculus-unetpp\data\processed\images\test\55eb2c5a8053ab36.jpg,C:\Users\16024\Desktop\齿镜\calculus-unetpp\data\processed\masks\test\55eb2c5a8053ab36.png
fb8d41edb8feec8c,test,0,fb8d41edb8feec8c0df5e9e4e74f3fbd543db26855aeac239c7dd1c96727c12b,caries_0_5194,caries_0_5194,C:\Users\16024\Desktop\齿镜\calculus-unetpp\data\processed\images\test\fb8d41edb8feec8c.jpg,C:\Users\16024\Desktop\齿镜\calculus-unetpp\data\processed\masks\test\fb8d41edb8feec8c.png
87c2dfc20491f49b,test,0,87c2dfc20491f49b529ba252499ab406ef16163966af7a198c281ab5e3197ad7,caries_0_3736,caries_0_3736,C:\Users\16024\Desktop\齿镜\calculus-unetpp\data\processed\images\test\87c2dfc20491f49b.jpg,C:\Users\16024\Desktop\齿镜\calculus-unetpp\data\processed\masks\test\87c2dfc20491f49b.png
620abdbc4296343e,test,0,620abdbc4296343e393d93bcf238f3f9d9ec14898f4373ce76de859589639601,caries_0_9401,caries_0_9401,C:\Users\16024\Desktop\齿镜\calculus-unetpp\data\processed\images\test\620abdbc4296343e.jpg,C:\Users\16024\Desktop\齿镜\calculus-unetpp\data\processed\masks\test\620abdbc4296343e.png
75b72efa9b8a53d2,test,0,75b72efa9b8a53d24da4e3e594c7758233d92b33a1815f55f39a1a9438d62a35,caries_0_6689,caries_0_6689,C:\Users\16024\Desktop\齿镜\calculus-unetpp\data\processed\images\test\75b72efa9b8a53d2.jpg,C:\Users\16024\Desktop\齿镜\calculus-unetpp\data\processed\masks\test\75b72efa9b8a53d2.png
640679343997627e,test,0,640679343997627ee7be1aa1b1781b47a96264aa787148c48b02ac9d75331ef7,caries_0_4924,caries_0_4924,C:\Users\16024\Desktop\齿镜\calculus-unetpp\data\processed\images\test\640679343997627e.jpg,C:\Users\16024\Desktop\齿镜\calculus-unetpp\data\processed\masks\test\640679343997627e.png
b6c8a44f2c8c56b9,test,0,b6c8a44f2c8c56b969ee07fede27e77419e070a3b28523b65d272199c877cc60,caries_0_6778,caries_0_6778,C:\Users\16024\Desktop\齿镜\calculus-unetpp\data\processed\images\test\b6c8a44f2c8c56b9.jpg,C:\Users\16024\Desktop\齿镜\calculus-unetpp\data\processed\masks\test\b6c8a44f2c8c56b9.png
1fc282e285f4e310,test,0,1fc282e285f4e310f084e3285a63072b9fdb1f64ae38156012c0adea2cfa0482,110,110,C:\Users\16024\Desktop\齿镜\calculus-unetpp\data\processed\images\test\1fc282e285f4e310.jpg,C:\Users\16024\Desktop\齿镜\calculus-unetpp\data\processed\masks\test\1fc282e285f4e310.png
cf51521579808f3c,test,0,cf51521579808f3ccca643160e3d999c1595b679f9fe0fd12d94f77dd4d06510,caries_0_3845,caries_0_3845,C:\Users\16024\Desktop\齿镜\calculus-unetpp\data\processed\images\test\cf51521579808f3c.jpg,C:\Users\16024\Desktop\齿镜\calculus-unetpp\data\processed\masks\test\cf51521579808f3c.png
56b6973a123a9861,test,0,56b6973a123a98618b8d7dbfe7326d0dcee916ccd20e9842f5b1c000feffc4ba,caries_0_8677,caries_0_8677,C:\Users\16024\Desktop\齿镜\calculus-unetpp\data\processed\images\test\56b6973a123a9861.jpg,C:\Users\16024\Desktop\齿镜\calculus-unetpp\data\processed\masks\test\56b6973a123a9861.png
832208205bcab76d,test,0,832208205bcab76de7ea73cb8ca26d187da35a0480a280e38a90b2bcefab5b59,gingivitis_(1048);gingivitis_(1151),gingivitis_(1048),C:\Users\16024\Desktop\齿镜\calculus-unetpp\data\processed\images\test\832208205bcab76d.jpg,C:\Users\16024\Desktop\齿镜\calculus-unetpp\data\processed\masks\test\832208205bcab76d.png
5796e967b707568c,test,0,5796e967b707568cb7c0b004c52b1d9ac7be5cd51e64460883bb73d977c4eded,caries_0_9922,caries_0_9922,C:\Users\16024\Desktop\齿镜\calculus-unetpp\data\processed\images\test\5796e967b707568c.jpg,C:\Users\16024\Desktop\齿镜\calculus-unetpp\data\processed\masks\test\5796e967b707568c.png
3dc24a2468d02f26,test,0,3dc24a2468d02f262840df88c9bdca6bf1fe60f36f282a62063cc01849df1d1a,caries_0_636,caries_0_636,C:\Users\16024\Desktop\齿镜\calculus-unetpp\data\processed\images\test\3dc24a2468d02f26.jpg,C:\Users\16024\Desktop\齿镜\calculus-unetpp\data\processed\masks\test\3dc24a2468d02f26.png
e0123bd6e06f8a12,test,0,e0123bd6e06f8a125eb6b280a7a20436e4a2f800c9839774e45df077298d0413,gingivitis_(1860);gingivitis_(2010);gingivitis_(2041),gingivitis_(1860),C:\Users\16024\Desktop\齿镜\calculus-unetpp\data\processed\images\test\e0123bd6e06f8a12.jpg,C:\Users\16024\Desktop\齿镜\calculus-unetpp\data\processed\masks\test\e0123bd6e06f8a12.png
6d38d06888e08a14,test,0,6d38d06888e08a149cbd7a6df45a4b9e0f80e416d82ba50b893f0e855753f760,133,133,C:\Users\16024\Desktop\齿镜\calculus-unetpp\data\processed\images\test\6d38d06888e08a14.jpg,C:\Users\16024\Desktop\齿镜\calculus-unetpp\data\processed\masks\test\6d38d06888e08a14.png
8f8ba4bf09e00c4d,test,0,8f8ba4bf09e00c4db1be86ee35561a917cb29489e425028861354e2d13feae81,gingivitis_(1117);gingivitis_(1117)(1);gingivitis_(1203),gingivitis_(1117),C:\Users\16024\Desktop\齿镜\calculus-unetpp\data\processed\images\test\8f8ba4bf09e00c4d.jpg,C:\Users\16024\Desktop\齿镜\calculus-unetpp\data\processed\masks\test\8f8ba4bf09e00c4d.png
c858e4f29b9d7a68,test,0,c858e4f29b9d7a686b7138c576cc2b7d332108dd2f9bd670e939cc7c862f794a,caries_0_2569,caries_0_2569,C:\Users\16024\Desktop\齿镜\calculus-unetpp\data\processed\images\test\c858e4f29b9d7a68.jpg,C:\Users\16024\Desktop\齿镜\calculus-unetpp\data\processed\masks\test\c858e4f29b9d7a68.png
581b6a97da2181f5,test,0,581b6a97da2181f5e6a92da524948b0a7b555a0c158dd618cce5dcd3c477f627,caries_0_9854,caries_0_9854,C:\Users\16024\Desktop\齿镜\calculus-unetpp\data\processed\images\test\581b6a97da2181f5.jpg,C:\Users\16024\Desktop\齿镜\calculus-unetpp\data\processed\masks\test\581b6a97da2181f5.png
4dce01ea74d46050,test,0,4dce01ea74d46050e680b063de8f641e4e2329c4ecafd84258bd0777d068fdd3,caries_0_1410,caries_0_1410,C:\Users\16024\Desktop\齿镜\calculus-unetpp\data\processed\images\test\4dce01ea74d46050.jpg,C:\Users\16024\Desktop\齿镜\calculus-unetpp\data\processed\masks\test\4dce01ea74d46050.png
0cc7e302c3733a39,test,0,0cc7e302c3733a39f32092dd9f8e2e27ea5e1ba113309ea8f37698366d7e2500,caries_0_8100,caries_0_8100,C:\Users\16024\Desktop\齿镜\calculus-unetpp\data\processed\images\test\0cc7e302c3733a39.jpg,C:\Users\16024\Desktop\齿镜\calculus-unetpp\data\processed\masks\test\0cc7e302c3733a39.png
bd6df3ba7e8a5e28,test,0,bd6df3ba7e8a5e289bafa4ab2b43215049a6bd5b1805d6d89738e2b6422b4dcb,caries_0_8156,caries_0_8156,C:\Users\16024\Desktop\齿镜\calculus-unetpp\data\processed\images\test\bd6df3ba7e8a5e28.jpg,C:\Users\16024\Desktop\齿镜\calculus-unetpp\data\processed\masks\test\bd6df3ba7e8a5e28.png
dd1933d11b2e2003,test,0,dd1933d11b2e200346f0dd4bda1ef0ba618e2c61cde273e6d723b40d2fad43be,caries_0_2330,caries_0_2330,C:\Users\16024\Desktop\齿镜\calculus-unetpp\data\processed\images\test\dd1933d11b2e2003.jpg,C:\Users\16024\Desktop\齿镜\calculus-unetpp\data\processed\masks\test\dd1933d11b2e2003.png
b61f75515fcc30c9,test,0,b61f75515fcc30c98ea0a23acec1961fc8fad874a64590fb12d27311fdec4fee,caries_0_4600,caries_0_4600,C:\Users\16024\Desktop\齿镜\calculus-unetpp\data\processed\images\test\b61f75515fcc30c9.jpg,C:\Users\16024\Desktop\齿镜\calculus-unetpp\data\processed\masks\test\b61f75515fcc30c9.png
0f60d9c6d2284e98,test,0,0f60d9c6d2284e98f52983d306d66040c6d9ef6ad3ebdde96b8a1adc7b07e293,gingivitis_(1041);gingivitis_(1134);gingivitis_(1284),gingivitis_(1041),C:\Users\16024\Desktop\齿镜\calculus-unetpp\data\processed\images\test\0f60d9c6d2284e98.jpg,C:\Users\16024\Desktop\齿镜\calculus-unetpp\data\processed\masks\test\0f60d9c6d2284e98.png
4132649e5162eb55,test,0,4132649e5162eb550dd15c70d9152c3fad9f78cffb3e04e3c546e1731b31d5db,caries_0_4824,caries_0_4824,C:\Users\16024\Desktop\齿镜\calculus-unetpp\data\processed\images\test\4132649e5162eb55.jpg,C:\Users\16024\Desktop\齿镜\calculus-unetpp\data\processed\masks\test\4132649e5162eb55.png
7b6062831d856fdd,test,0,7b6062831d856fdd677f0f2c027f2c8114d128c477408f2dccb965d6c774289a,caries_0_7601,caries_0_7601,C:\Users\16024\Desktop\齿镜\calculus-unetpp\data\processed\images\test\7b6062831d856fdd.jpg,C:\Users\16024\Desktop\齿镜\calculus-unetpp\data\processed\masks\test\7b6062831d856fdd.png
6511acbec1e8a660,test,0,6511acbec1e8a660f3c7daeeae591511cd2e10b5642e71e92b9a054cdc9d37fa,caries_0_7825,caries_0_7825,C:\Users\16024\Desktop\齿镜\calculus-unetpp\data\processed\images\test\6511acbec1e8a660.jpg,C:\Users\16024\Desktop\齿镜\calculus-unetpp\data\processed\masks\test\6511acbec1e8a660.png
e9ba6ca44aad8920,test,0,e9ba6ca44aad89209594e8bd4523dc94bb89b0a7fb471a03b72ed7a64b3b896b,61,61,C:\Users\16024\Desktop\齿镜\calculus-unetpp\data\processed\images\test\e9ba6ca44aad8920.jpg,C:\Users\16024\Desktop\齿镜\calculus-unetpp\data\processed\masks\test\e9ba6ca44aad8920.png
d10455477536bab1,test,0,d10455477536bab160bf9cdc72be267a35019ef272746cbe0aa1b495858c78f9,gingivitis_(515),gingivitis_(515),C:\Users\16024\Desktop\齿镜\calculus-unetpp\data\processed\images\test\d10455477536bab1.jpg,C:\Users\16024\Desktop\齿镜\calculus-unetpp\data\processed\masks\test\d10455477536bab1.png
5d6661d9748070c5,test,0,5d6661d9748070c5754c857f5fdaefbab748428ee5dd4a0d5ad0e7e4507d0def,caries_0_6098,caries_0_6098,C:\Users\16024\Desktop\齿镜\calculus-unetpp\data\processed\images\test\5d6661d9748070c5.jpg,C:\Users\16024\Desktop\齿镜\calculus-unetpp\data\processed\masks\test\5d6661d9748070c5.png
f66cc154b15ea5ca,test,0,f66cc154b15ea5ca23ec53e54ecf5f46815fdae50c87b455af60f57a6bb9c815,caries_0_3427,caries_0_3427,C:\Users\16024\Desktop\齿镜\calculus-unetpp\data\processed\images\test\f66cc154b15ea5ca.jpg,C:\Users\16024\Desktop\齿镜\calculus-unetpp\data\processed\masks\test\f66cc154b15ea5ca.png
fe76d16a63e51661,test,0,fe76d16a63e5166187fb91e20745c5f126ce15eed68417754d9e22f6216ab927,caries_0_5379,caries_0_5379,C:\Users\16024\Desktop\齿镜\calculus-unetpp\data\processed\images\test\fe76d16a63e51661.jpg,C:\Users\16024\Desktop\齿镜\calculus-unetpp\data\processed\masks\test\fe76d16a63e51661.png
5bbe7e15165065e2,test,0,5bbe7e15165065e21583073f81756377b630c91d7c41d5ef83e7270c4b493a12,caries_0_377,caries_0_377,C:\Users\16024\Desktop\齿镜\calculus-unetpp\data\processed\images\test\5bbe7e15165065e2.jpg,C:\Users\16024\Desktop\齿镜\calculus-unetpp\data\processed\masks\test\5bbe7e15165065e2.png
f8e3cb6d6ea69c02,test,0,f8e3cb6d6ea69c0230bfe90f2815aef50eb8e9da9c936acbaff9d04a50ae29e0,caries_0_3422,caries_0_3422,C:\Users\16024\Desktop\齿镜\calculus-unetpp\data\processed\images\test\f8e3cb6d6ea69c02.jpg,C:\Users\16024\Desktop\齿镜\calculus-unetpp\data\processed\masks\test\f8e3cb6d6ea69c02.png
7d812cb035b49079,test,0,7d812cb035b49079b589f8073ed522734684b401f11d89e4ae688cb94e5d36f9,caries_0_7377,caries_0_7377,C:\Users\16024\Desktop\齿镜\calculus-unetpp\data\processed\images\test\7d812cb035b49079.jpg,C:\Users\16024\Desktop\齿镜\calculus-unetpp\data\processed\masks\test\7d812cb035b49079.png
9b78c08b9372294a,test,0,9b78c08b9372294a26f0ed0bc99a3727311a966cf5045ebce3c96fba63e972c4,caries_0_3578,caries_0_3578,C:\Users\16024\Desktop\齿镜\calculus-unetpp\data\processed\images\test\9b78c08b9372294a.jpg,C:\Users\16024\Desktop\齿镜\calculus-unetpp\data\processed\masks\test\9b78c08b9372294a.png
ed7442d005a42a4c,test,0,ed7442d005a42a4cd514fa24f16472d01254c2c7f202edd136dc3367b598b084,caries_0_2580,caries_0_2580,C:\Users\16024\Desktop\齿镜\calculus-unetpp\data\processed\images\test\ed7442d005a42a4c.jpg,C:\Users\16024\Desktop\齿镜\calculus-unetpp\data\processed\masks\test\ed7442d005a42a4c.png
dfdec55920b2b521,test,0,dfdec55920b2b521a88e5e79fbedb700b2c4c869eb23a65d191ea4cf175dd4f8,gingivitis_(1815),gingivitis_(1815),C:\Users\16024\Desktop\齿镜\calculus-unetpp\data\processed\images\test\dfdec55920b2b521.jpg,C:\Users\16024\Desktop\齿镜\calculus-unetpp\data\processed\masks\test\dfdec55920b2b521.png
8f67750ef65ebfee,test,0,8f67750ef65ebfee05df86c94d2a98278583ea6fc97dc6fb39e42a0d61a6d170,caries_0_9385,caries_0_9385,C:\Users\16024\Desktop\齿镜\calculus-unetpp\data\processed\images\test\8f67750ef65ebfee.jpg,C:\Users\16024\Desktop\齿镜\calculus-unetpp\data\processed\masks\test\8f67750ef65ebfee.png
1f4a4652c42742f6,test,0,1f4a4652c42742f67d2139a9bb1f64ee1b8a592918d97fddba93cbcd9ea76b9e,gingivitis_(1141),gingivitis_(1141),C:\Users\16024\Desktop\齿镜\calculus-unetpp\data\processed\images\test\1f4a4652c42742f6.jpg,C:\Users\16024\Desktop\齿镜\calculus-unetpp\data\processed\masks\test\1f4a4652c42742f6.png
b746a10437d13e31,test,0,b746a10437d13e31bc0434c1fc2c7ece49285bd2b1a5c8e00fb80970bf83d107,caries_0_9562,caries_0_9562,C:\Users\16024\Desktop\齿镜\calculus-unetpp\data\processed\images\test\b746a10437d13e31.jpg,C:\Users\16024\Desktop\齿镜\calculus-unetpp\data\processed\masks\test\b746a10437d13e31.png
2fdbf46781f230c3,test,0,2fdbf46781f230c349664e8ea508c17bbd5a066843f115152928c8a23d1c0eee,caries_0_1252,caries_0_1252,C:\Users\16024\Desktop\齿镜\calculus-unetpp\data\processed\images\test\2fdbf46781f230c3.jpg,C:\Users\16024\Desktop\齿镜\calculus-unetpp\data\processed\masks\test\2fdbf46781f230c3.png
16150d0441b7e91c,test,0,16150d0441b7e91cc90a94b9df39a0eead4c847e7e78984f9db4d1196543dd63,gingivitis_(302),gingivitis_(302),C:\Users\16024\Desktop\齿镜\calculus-unetpp\data\processed\images\test\16150d0441b7e91c.jpg,C:\Users\16024\Desktop\齿镜\calculus-unetpp\data\processed\masks\test\16150d0441b7e91c.png
a15d2f307379d7c2,test,0,a15d2f307379d7c2d0eb5d45cd1eff04e8857fd34e45f1856e3e97c52a747c7d,gingivitis_(644),gingivitis_(644),C:\Users\16024\Desktop\齿镜\calculus-unetpp\data\processed\images\test\a15d2f307379d7c2.jpg,C:\Users\16024\Desktop\齿镜\calculus-unetpp\data\processed\masks\test\a15d2f307379d7c2.png
7d335409e99b5dbf,test,0,7d335409e99b5dbfa6e3da642060809fa04fa90de452e30b2acc097cf27affaa,caries_0_3450,caries_0_3450,C:\Users\16024\Desktop\齿镜\calculus-unetpp\data\processed\images\test\7d335409e99b5dbf.jpg,C:\Users\16024\Desktop\齿镜\calculus-unetpp\data\processed\masks\test\7d335409e99b5dbf.png
78a31faa53d87011,test,0,78a31faa53d87011bc3c44830eee0cd92202cff159aa8e626c0c9bd3221b28d7,gingivitis_(2086),gingivitis_(2086),C:\Users\16024\Desktop\齿镜\calculus-unetpp\data\processed\images\test\78a31faa53d87011.jpg,C:\Users\16024\Desktop\齿镜\calculus-unetpp\data\processed\masks\test\78a31faa53d87011.png
8e89502e30bbbf58,test,0,8e89502e30bbbf588bdfc1745ddd20c1e4ce80cef17fc3531220b3f76bc64f92,gingivitis_(978),gingivitis_(978),C:\Users\16024\Desktop\齿镜\calculus-unetpp\data\processed\images\test\8e89502e30bbbf58.jpg,C:\Users\16024\Desktop\齿镜\calculus-unetpp\data\processed\masks\test\8e89502e30bbbf58.png
b21dcf9f23487cde,test,0,b21dcf9f23487cde11a6754f89ee3677ae9829389a6c3e5d0b585adff289b8f6,gingivitis_(329),gingivitis_(329),C:\Users\16024\Desktop\齿镜\calculus-unetpp\data\processed\images\test\b21dcf9f23487cde.jpg,C:\Users\16024\Desktop\齿镜\calculus-unetpp\data\processed\masks\test\b21dcf9f23487cde.png
2b66fc01e0d1d87d,test,0,2b66fc01e0d1d87decc9761820a55c8b1bbdc277b1a4f8687f6c6289f5f0ef51,caries_0_604,caries_0_604,C:\Users\16024\Desktop\齿镜\calculus-unetpp\data\processed\images\test\2b66fc01e0d1d87d.jpg,C:\Users\16024\Desktop\齿镜\calculus-unetpp\data\processed\masks\test\2b66fc01e0d1d87d.png
ec26fd31086b35d9,test,0,ec26fd31086b35d9199ee1fd3279e65ab2ab3bb182b0eed83de36bdbba73d9d1,caries_0_1790,caries_0_1790,C:\Users\16024\Desktop\齿镜\calculus-unetpp\data\processed\images\test\ec26fd31086b35d9.jpg,C:\Users\16024\Desktop\齿镜\calculus-unetpp\data\processed\masks\test\ec26fd31086b35d9.png
acea108c87ebe2e4,test,0,acea108c87ebe2e465cd39e512c7358f0ea5a83f352c4a2cb15ca2a57b80cb86,caries_0_1957,caries_0_1957,C:\Users\16024\Desktop\齿镜\calculus-unetpp\data\processed\images\test\acea108c87ebe2e4.jpg,C:\Users\16024\Desktop\齿镜\calculus-unetpp\data\processed\masks\test\acea108c87ebe2e4.png
118d63ecb0728c8d,test,0,118d63ecb0728c8d2fd067771af357c8fe1e216acef7bf9f0c11e7f11d653897,gingivitis_(1216),gingivitis_(1216),C:\Users\16024\Desktop\齿镜\calculus-unetpp\data\processed\images\test\118d63ecb0728c8d.jpg,C:\Users\16024\Desktop\齿镜\calculus-unetpp\data\processed\masks\test\118d63ecb0728c8d.png
c0ebff764b7950bf,test,0,c0ebff764b7950bf736d3e55b3953f499b7e9db6a5e03be6cf77b4bc9a43f235,caries_0_8664,caries_0_8664,C:\Users\16024\Desktop\齿镜\calculus-unetpp\data\processed\images\test\c0ebff764b7950bf.jpg,C:\Users\16024\Desktop\齿镜\calculus-unetpp\data\processed\masks\test\c0ebff764b7950bf.png
20c67f87dc6e3faa,test,0,20c67f87dc6e3faa1e60cfdc0098cc5e8cf25ef59a8f0c7f93b1f8c6c0d9942f,caries_0_5049,caries_0_5049,C:\Users\16024\Desktop\齿镜\calculus-unetpp\data\processed\images\test\20c67f87dc6e3faa.jpg,C:\Users\16024\Desktop\齿镜\calculus-unetpp\data\processed\masks\test\20c67f87dc6e3faa.png
6239584a49c6d934,test,0,6239584a49c6d934085b589ae83dad356a9e75ee300a8609f8fe90373dbb4697,gingivitis_(283),gingivitis_(283),C:\Users\16024\Desktop\齿镜\calculus-unetpp\data\processed\images\test\6239584a49c6d934.jpg,C:\Users\16024\Desktop\齿镜\calculus-unetpp\data\processed\masks\test\6239584a49c6d934.png
30e8b5c431e0adb9,test,0,30e8b5c431e0adb9a141b1e8ab22d88355c8a59c4e37e0a1ebdaf32807e99adc,caries_0_1553,caries_0_1553,C:\Users\16024\Desktop\齿镜\calculus-unetpp\data\processed\images\test\30e8b5c431e0adb9.jpg,C:\Users\16024\Desktop\齿镜\calculus-unetpp\data\processed\masks\test\30e8b5c431e0adb9.png
84ce4da5deb1a1dd,test,0,84ce4da5deb1a1dd2af5215a7f3db84a951f9d00e9af2dab5a68b9d6315112ee,gingivitis_(2206),gingivitis_(2206),C:\Users\16024\Desktop\齿镜\calculus-unetpp\data\processed\images\test\84ce4da5deb1a1dd.jpg,C:\Users\16024\Desktop\齿镜\calculus-unetpp\data\processed\masks\test\84ce4da5deb1a1dd.png
fd0ee851750f80cf,test,0,fd0ee851750f80cff950918cf59a436a4aecf7d452513febb87e882f704882ca,caries_0_4349,caries_0_4349,C:\Users\16024\Desktop\齿镜\calculus-unetpp\data\processed\images\test\fd0ee851750f80cf.jpg,C:\Users\16024\Desktop\齿镜\calculus-unetpp\data\processed\masks\test\fd0ee851750f80cf.png
492eacff71419fc5,test,0,492eacff71419fc58e45c59c089686835ed7bbd4ce8146c8c1e0c7caad1f6a88,gingivitis_(2085);gingivitis_(2129);gingivitis_(2132);gingivitis_(2137);gingivitis_(2230);gingivitis_(2297),gingivitis_(2085),C:\Users\16024\Desktop\齿镜\calculus-unetpp\data\processed\images\test\492eacff71419fc5.jpg,C:\Users\16024\Desktop\齿镜\calculus-unetpp\data\processed\masks\test\492eacff71419fc5.png
cbff0450ecf8112d,test,0,cbff0450ecf8112dc627f43b1dd9bf18982c26de9ab525be90ba37951649c055,caries_0_2706,caries_0_2706,C:\Users\16024\Desktop\齿镜\calculus-unetpp\data\processed\images\test\cbff0450ecf8112d.jpg,C:\Users\16024\Desktop\齿镜\calculus-unetpp\data\processed\masks\test\cbff0450ecf8112d.png
81fe5dc6eb6d417d,test,0,81fe5dc6eb6d417d79d86f581fa61e429cedb0428c984c1f5c1506657e0133f8,caries_0_3592,caries_0_3592,C:\Users\16024\Desktop\齿镜\calculus-unetpp\data\processed\images\test\81fe5dc6eb6d417d.jpg,C:\Users\16024\Desktop\齿镜\calculus-unetpp\data\processed\masks\test\81fe5dc6eb6d417d.png
8294b973d303af16,test,0,8294b973d303af1695bd53569add8d06b580a050e3106fbfe7e53e1b89b696ac,gingivitis_(556),gingivitis_(556),C:\Users\16024\Desktop\齿镜\calculus-unetpp\data\processed\images\test\8294b973d303af16.jpg,C:\Users\16024\Desktop\齿镜\calculus-unetpp\data\processed\masks\test\8294b973d303af16.png
898538afe138196a,test,0,898538afe138196a289b525f6f50cd002cad21dbb060f33385dd8122de765d2c,gingivitis_(1154),gingivitis_(1154),C:\Users\16024\Desktop\齿镜\calculus-unetpp\data\processed\images\test\898538afe138196a.jpg,C:\Users\16024\Desktop\齿镜\calculus-unetpp\data\processed\masks\test\898538afe138196a.png
d3755cb53c78860f,test,0,d3755cb53c78860fafb08be8820eeb2f2bed49dfda75833a56f3ed3eded9695c,75,75,C:\Users\16024\Desktop\齿镜\calculus-unetpp\data\processed\images\test\d3755cb53c78860f.jpg,C:\Users\16024\Desktop\齿镜\calculus-unetpp\data\processed\masks\test\d3755cb53c78860f.png
284fa3ec41184697,test,0,284fa3ec411846970bf9e533d266437fb641afcfdefbfa449c0c4b972d73955a,caries_0_7132,caries_0_7132,C:\Users\16024\Desktop\齿镜\calculus-unetpp\data\processed\images\test\284fa3ec41184697.jpg,C:\Users\16024\Desktop\齿镜\calculus-unetpp\data\processed\masks\test\284fa3ec41184697.png
9ca05bd30b085bd6,test,0,9ca05bd30b085bd6a4faf10c660010f131dc473e600296f6e84a0608896d4ea6,caries_0_3724,caries_0_3724,C:\Users\16024\Desktop\齿镜\calculus-unetpp\data\processed\images\test\9ca05bd30b085bd6.jpg,C:\Users\16024\Desktop\齿镜\calculus-unetpp\data\processed\masks\test\9ca05bd30b085bd6.png
8a478afb3d636ac5,test,0,8a478afb3d636ac59df052a49aaafddb813d4a8b8067b32622cd4c127adce325,gingivitis_(1636),gingivitis_(1636),C:\Users\16024\Desktop\齿镜\calculus-unetpp\data\processed\images\test\8a478afb3d636ac5.jpg,C:\Users\16024\Desktop\齿镜\calculus-unetpp\data\processed\masks\test\8a478afb3d636ac5.png
cb108a3888448604,test,0,cb108a38884486049dbc084f7831309475e9adcaf059309474cb17cbfef5a7f5,caries_0_3280,caries_0_3280,C:\Users\16024\Desktop\齿镜\calculus-unetpp\data\processed\images\test\cb108a3888448604.jpg,C:\Users\16024\Desktop\齿镜\calculus-unetpp\data\processed\masks\test\cb108a3888448604.png
076f38c4104af99d,test,0,076f38c4104af99df3abeed260ae37bfae3a208c0cebe22c22940778ac161f88,gingivitis_(738),gingivitis_(738),C:\Users\16024\Desktop\齿镜\calculus-unetpp\data\processed\images\test\076f38c4104af99d.jpg,C:\Users\16024\Desktop\齿镜\calculus-unetpp\data\processed\masks\test\076f38c4104af99d.png
e92f2fa760af3f35,test,0,e92f2fa760af3f3520211904cb1b9b0318f5fd1fed90d09de5467433aabb7cda,caries_0_5616,caries_0_5616,C:\Users\16024\Desktop\齿镜\calculus-unetpp\data\processed\images\test\e92f2fa760af3f35.jpg,C:\Users\16024\Desktop\齿镜\calculus-unetpp\data\processed\masks\test\e92f2fa760af3f35.png
35f037b171da6eec,test,0,35f037b171da6eec9bc449178bce10c06119d70a905a52a7b3f0cfdb350fae64,caries_0_2598,caries_0_2598,C:\Users\16024\Desktop\齿镜\calculus-unetpp\data\processed\images\test\35f037b171da6eec.jpg,C:\Users\16024\Desktop\齿镜\calculus-unetpp\data\processed\masks\test\35f037b171da6eec.png
a4baab5644bd3177,test,0,a4baab5644bd31774bd3c4138fab690af0e674c0b116cf0f4211d6e58555413a,caries_0_4627,caries_0_4627,C:\Users\16024\Desktop\齿镜\calculus-unetpp\data\processed\images\test\a4baab5644bd3177.jpg,C:\Users\16024\Desktop\齿镜\calculus-unetpp\data\processed\masks\test\a4baab5644bd3177.png
0a8b81b415d454a2,test,0,0a8b81b415d454a2ce198ae7db31660e327a0b36f7856b2a7048663f15aea96e,caries_0_3260,caries_0_3260,C:\Users\16024\Desktop\齿镜\calculus-unetpp\data\processed\images\test\0a8b81b415d454a2.jpg,C:\Users\16024\Desktop\齿镜\calculus-unetpp\data\processed\masks\test\0a8b81b415d454a2.png
08314ac8404a989f,test,0,08314ac8404a989f206073791abf4d74292090e6a987e9f23fff4bb5dc6d2b6b,gingivitis_(1942);gingivitis_(2016),gingivitis_(1942),C:\Users\16024\Desktop\齿镜\calculus-unetpp\data\processed\images\test\08314ac8404a989f.jpg,C:\Users\16024\Desktop\齿镜\calculus-unetpp\data\processed\masks\test\08314ac8404a989f.png
76660e8c0c660e29,test,0,76660e8c0c660e29a53e1a6a47055a3fe295e1590233cc1157c2f075e4312eb9,gingivitis_(274);gingivitis_(506),gingivitis_(274),C:\Users\16024\Desktop\齿镜\calculus-unetpp\data\processed\images\test\76660e8c0c660e29.jpg,C:\Users\16024\Desktop\齿镜\calculus-unetpp\data\processed\masks\test\76660e8c0c660e29.png
d8a5f47521fc361e,test,0,d8a5f47521fc361eb3a16591709c808e0c85d58a8eb435c7a19ed0e9cf760fdd,caries_0_1942,caries_0_1942,C:\Users\16024\Desktop\齿镜\calculus-unetpp\data\processed\images\test\d8a5f47521fc361e.jpg,C:\Users\16024\Desktop\齿镜\calculus-unetpp\data\processed\masks\test\d8a5f47521fc361e.png
9c7614da44c314b0,test,0,9c7614da44c314b04ee4fd391c715e0125a40069d2678c817664c0504534dc0c,154;154(1),154,C:\Users\16024\Desktop\齿镜\calculus-unetpp\data\processed\images\test\9c7614da44c314b0.jpg,C:\Users\16024\Desktop\齿镜\calculus-unetpp\data\processed\masks\test\9c7614da44c314b0.png
bfa0438091a88def,test,0,bfa0438091a88deff2d117fa7e551ba23deecb164fae78f1b0400cbc446e72bc,58,58,C:\Users\16024\Desktop\齿镜\calculus-unetpp\data\processed\images\test\bfa0438091a88def.jpg,C:\Users\16024\Desktop\齿镜\calculus-unetpp\data\processed\masks\test\bfa0438091a88def.png
3ed669083961ac43,test,0,3ed669083961ac4304cf9b79063417fbe63d36658400598a1efae8b9f5c999c0,caries_0_4137,caries_0_4137,C:\Users\16024\Desktop\齿镜\calculus-unetpp\data\processed\images\test\3ed669083961ac43.jpg,C:\Users\16024\Desktop\齿镜\calculus-unetpp\data\processed\masks\test\3ed669083961ac43.png
fd2e75c6a30cc017,test,0,fd2e75c6a30cc0171f5513fd3728bbebfe72b999c8ee815a2796008b24bf12dd,caries_0_422,caries_0_422,C:\Users\16024\Desktop\齿镜\calculus-unetpp\data\processed\images\test\fd2e75c6a30cc017.jpg,C:\Users\16024\Desktop\齿镜\calculus-unetpp\data\processed\masks\test\fd2e75c6a30cc017.png
035387328cb2479e,test,0,035387328cb2479e955f80ad3ac434f2a2ce7357fd6925554779f66aa47331ac,caries_0_1533,caries_0_1533,C:\Users\16024\Desktop\齿镜\calculus-unetpp\data\processed\images\test\035387328cb2479e.jpg,C:\Users\16024\Desktop\齿镜\calculus-unetpp\data\processed\masks\test\035387328cb2479e.png
1192439045d9b7a4,test,0,1192439045d9b7a4c5f591ee8f6dc35be5f8929ac0b837678f4ba9086962ff8d,caries_0_8467,caries_0_8467,C:\Users\16024\Desktop\齿镜\calculus-unetpp\data\processed\images\test\1192439045d9b7a4.jpg,C:\Users\16024\Desktop\齿镜\calculus-unetpp\data\processed\masks\test\1192439045d9b7a4.png
ec2c1cd5239257bd,test,0,ec2c1cd5239257bdab48072de8d9e8dfe976837b105e8424a6f05836de1f8870,gingivitis_(569);gingivitis_(744),gingivitis_(569),C:\Users\16024\Desktop\齿镜\calculus-unetpp\data\processed\images\test\ec2c1cd5239257bd.jpg,C:\Users\16024\Desktop\齿镜\calculus-unetpp\data\processed\masks\test\ec2c1cd5239257bd.png
59124bb90106173f,test,0,59124bb90106173f07605ba01014be8295648c3c46d47f984a9eb44190c2775e,caries_0_1652,caries_0_1652,C:\Users\16024\Desktop\齿镜\calculus-unetpp\data\processed\images\test\59124bb90106173f.jpg,C:\Users\16024\Desktop\齿镜\calculus-unetpp\data\processed\masks\test\59124bb90106173f.png
4c2fb956085a3d28,test,0,4c2fb956085a3d2879a296599a39e528d02e1b9603e86c012a8b279264542cdc,163,163,C:\Users\16024\Desktop\齿镜\calculus-unetpp\data\processed\images\test\4c2fb956085a3d28.jpg,C:\Users\16024\Desktop\齿镜\calculus-unetpp\data\processed\masks\test\4c2fb956085a3d28.png
838267429ba276bb,test,0,838267429ba276bb68ba8a98fd039d55f1464adfbb24f299c0a9f80df1784eb5,gingivitis_(297),gingivitis_(297),C:\Users\16024\Desktop\齿镜\calculus-unetpp\data\processed\images\test\838267429ba276bb.jpg,C:\Users\16024\Desktop\齿镜\calculus-unetpp\data\processed\masks\test\838267429ba276bb.png
78dc9af1b8191568,test,0,78dc9af1b81915685ae5a634dbf6f398f4765192f4d2b4a577afe59cf25df770,gingivitis_(339);gingivitis_(451),gingivitis_(339),C:\Users\16024\Desktop\齿镜\calculus-unetpp\data\processed\images\test\78dc9af1b8191568.jpg,C:\Users\16024\Desktop\齿镜\calculus-unetpp\data\processed\masks\test\78dc9af1b8191568.png
